code,name_hr,name_en,date_start
A,"PROIZVODI POLJOPRIVREDE, ŠUMARSTVA I RIBARSTVA","PRODUCTS OF AGRICULTURE, FORESTRY AND FISHING",2025-01-01
01,"Biljni i stočarski proizvodi, proizvodi lovstva i usluge povezane s njima","Products of agriculture, hunting and related services",2025-01-01
01.1,Jednogodišnji usjevi,Non-perennial crops,2025-01-01
01.11,"Žitarice, osim riže, mahunarke i uljano sjemenje","Cereals, other than rice, leguminous crops and oil seeds",2025-01-01
01.11.1,Pšenica,Wheat,2025-01-01
01.11.11,Tvrda pšenica,Durum wheat,2025-01-01
01.11.12,"Pšenica, osim tvrde","Wheat, except durum wheat",2025-01-01
01.11.2,Kukuruz,Maize,2025-01-01
01.11.20,Kukuruz,Maize,2025-01-01
01.11.3,"Ječam, raž i zob","Barley, rye and oats",2025-01-01
01.11.31,Ječam,Barley,2025-01-01
01.11.32,Raž,Rye,2025-01-01
01.11.33,Zob,Oats,2025-01-01
01.11.4,"Sirak, proso i ostale žitarice","Sorghum, millet and other cereals",2025-01-01
01.11.41,Sirak,Sorghum,2025-01-01
01.11.42,Proso,Millet,2025-01-01
01.11.43,Tritikale (pšenoraž),Triticale,2025-01-01
01.11.49,"Ostale žitarice, d. n.",Other cereals n.e.c.,2025-01-01
01.11.5,Slama i pljeva od žitarica,Cereal straw and husks,2025-01-01
01.11.50,Slama i pljeva od žitarica,Cereal straw and husks,2025-01-01
01.11.6,"Mahunasto povrće, svježe, neoljušteno","Fresh leguminous vegetables, unshelled",2025-01-01
01.11.61,"Grah, svježi, neoljušten","Fresh beans, unshelled",2025-01-01
01.11.62,"Grašak, svježi, neoljušten","Fresh peas, unshelled",2025-01-01
01.11.69,"Mahunasto povrće, svježe, neoljušteno, d. n.","Fresh leguminous vegetables, unshelled, n.e.c.",2025-01-01
01.11.7,"Mahunasto povrće, suho",Dried leguminous vegetables,2025-01-01
01.11.71,"Grah, suhi","Beans, dry",2025-01-01
01.11.72,"Bob, suhi","Broad beans, dry",2025-01-01
01.11.73,"Slanutak, suhi","Chick peas, dry",2025-01-01
01.11.74,"Leća, suha","Lentils, dry",2025-01-01
01.11.75,"Grašak, suhi","Peas, dry",2025-01-01
01.11.76,Mletački grah (crnookica),Cow peas,2025-01-01
01.11.77,"Golublji grašak (kajan), suhi","Pigeon peas, dry",2025-01-01
01.11.79,"Mahunasto povrće, suho, d. n.",Dried leguminous vegetables n.e.c.,2025-01-01
01.11.8,Soja i kikiriki,Soya beans and groundnuts,2025-01-01
01.11.81,Soja,Soya beans,2025-01-01
01.11.82,"Kikiriki, neoljušten","Groundnuts, in shell",2025-01-01
01.11.9,Ostalo uljano sjemenje,Other oil seeds,2025-01-01
01.11.91,Laneno sjeme,Linseed,2025-01-01
01.11.92,Sjeme gorušice,Mustard seed,2025-01-01
01.11.93,Sjeme uljane repice,Rape or colza seed,2025-01-01
01.11.94,Sjeme sezama,Sesame seed,2025-01-01
01.11.95,Sjeme suncokreta,Sunflower seed,2025-01-01
01.11.96,Sjeme ricinusa,Castor oil seeds,2025-01-01
01.11.99,"Ostalo uljano sjemenje, d. n.",Other oil seeds n.e.c.,2025-01-01
01.12,"Riža, neočišćena","Rice, not husked",2025-01-01
01.12.0,"Riža, neočišćena","Rice, not husked",2025-01-01
01.12.00,"Riža, neočišćena","Rice, not husked",2025-01-01
01.13,"Povrće i dinje, korjenasto i gomoljasto povrće","Vegetables and melons, roots and tubers",2025-01-01
01.13.1,"Povrće, lisnato i stabljičasto",Leafy or stem vegetables,2025-01-01
01.13.11,Šparoge,Asparagus,2025-01-01
01.13.12,Kupus,Cabbages,2025-01-01
01.13.13,Cvjetača i brokula,Cauliflowers and broccoli,2025-01-01
01.13.14,Salata,Lettuce,2025-01-01
01.13.15,Radič,Chicory,2025-01-01
01.13.16,Špinat,Spinach,2025-01-01
01.13.17,Artičoke,Artichokes,2025-01-01
01.13.18,Ostalo lisnato i stabljičasto povrće,Other leafy or stem vegetables,2025-01-01
01.13.2,Dinje,Melons,2025-01-01
01.13.21,Lubenice,Watermelons,2025-01-01
01.13.29,"Dinje, d. n.",Melons n.e.c.,2025-01-01
01.13.3,Ostalo plodovito povrće,Other fruit-bearing vegetables,2025-01-01
01.13.31,Čili i feferoni (vrsta Capsicum),Chillies and peppers (Capsicum species),2025-01-01
01.13.32,Krastavci i kornišoni,Cucumbers and gherkins,2025-01-01
01.13.33,Patlidžani,Eggplants (aubergines),2025-01-01
01.13.34,Rajčice,Tomatoes,2025-01-01
01.13.39,"Ostalo plodovito povrće, d. n.",Other fruit-bearing vegetables n.e.c.,2025-01-01
01.13.4,"Korjenasto, lukovičasto i gomoljasto povrće","Root, bulb or tuberous vegetables",2025-01-01
01.13.41,Mrkva i bijela repa,Carrots and turnips,2025-01-01
01.13.42,Češnjak,Garlic,2025-01-01
01.13.43,Luk,Onions,2025-01-01
01.13.44,Poriluk i ostale vrste luka,Leeks and other alliaceous vegetables,2025-01-01
01.13.49,"Korjenasto, lukovičasto i gomoljasto povrće, d. n.","Root, bulb or tuberous vegetables n.e.c.",2025-01-01
01.13.5,Jestivo korjenasto i gomoljasto povrće s visokom koncentracijom škroba ili inulina,Edible roots and tubers with high starch or inulin content,2025-01-01
01.13.51,Krumpir,Potatoes,2025-01-01
01.13.52,Slatki krumpir,Sweet potatoes,2025-01-01
01.13.53,Manioka,Cassava,2025-01-01
01.13.54,Taro,Taro,2025-01-01
01.13.59,"Jestivo korjenasto i gomoljasto povrće s visokom koncentracijom škroba ili inulina, d. n.",Edible roots and tubers with high starch or inulin content n.e.c.,2025-01-01
01.13.6,"Sjemenje povrća, osim sjemenja šećerne repe","Vegetable seeds, except beet seeds",2025-01-01
01.13.60,"Sjemenje povrća, osim sjemenja šećerne repe","Vegetable seeds, except beet seeds",2025-01-01
01.13.7,Šećerna repa i sjemenje šećerne repe,Sugar beet and sugar beet seeds,2025-01-01
01.13.71,Šećerna repa,Sugar beet,2025-01-01
01.13.72,Sjemenje šećerne repe,Sugar beet seeds,2025-01-01
01.13.8,Gljive i tartufi,Mushrooms and truffles,2025-01-01
01.13.80,Gljive i tartufi,Mushrooms and truffles,2025-01-01
01.13.9,"Povrće, svježe, d. n.","Vegetables, fresh, n.e.c.",2025-01-01
01.13.90,"Povrće, svježe, d. n.","Vegetables, fresh, n.e.c.",2025-01-01
01.14,Šećerna trska,Sugar cane,2025-01-01
01.14.0,Šećerna trska,Sugar cane,2025-01-01
01.14.00,Šećerna trska,Sugar cane,2025-01-01
01.15,Neprerađeni duhan,Unmanufactured tobacco,2025-01-01
01.15.0,Neprerađeni duhan,Unmanufactured tobacco,2025-01-01
01.15.00,Neprerađeni duhan,Unmanufactured tobacco,2025-01-01
01.16,Predivo bilje,Fibre crops,2025-01-01
01.16.0,Predivo bilje,Fibre crops,2025-01-01
01.16.01,"Pamuk, očišćen od sjemena ili neočišćen","Cotton, whether or not ginned",2025-01-01
01.16.02,"Juta, kenaf i ostala tekstilna likova vlakna, sirova ili močena","Jute, kenaf and other textile bast fibres, raw or retted",2025-01-01
01.16.09,"Predivo bilje, d. n.",Fibre crops n.e.c.,2025-01-01
01.19,Ostali jednogodišnji usjevi,Other non-perennial crops,2025-01-01
01.19.1,Krmni usjevi,Forage crops,2025-01-01
01.19.10,Krmni usjevi,Forage crops,2025-01-01
01.19.2,Rezano cvijeće i cvjetni pupovi; sjemenje cvijeća,Cut flowers and flower buds; flower seeds,2025-01-01
01.19.21,Rezano cvijeće i cvjetni pupovi,Cut flowers and flower buds,2025-01-01
01.19.22,Sjemenje cvijeća,Flower seeds,2025-01-01
01.19.3,"Sjemenje repe, sjemenje krmnog bilja; ostali sirovi biljni materijali","Beet seeds, seeds for forage plants; other raw vegetable materials",2025-01-01
01.19.31,Sjemenje repe i sjemenje krmnog bilja,Beet seeds and seeds for forage plants,2025-01-01
01.19.32,Ostali sirovi biljni materijali,Other raw vegetable materials,2025-01-01
01.2,Višegodišnji usjevi,Perennial crops,2025-01-01
01.21,Svježe grožđe,Fresh grapes,2025-01-01
01.21.0,Svježe grožđe,Fresh grapes,2025-01-01
01.21.01,Svježe stolno grožđe,Fresh table grapes,2025-01-01
01.21.02,"Ostalo grožđe, svježe","Other grapes, fresh",2025-01-01
01.22,Svježe tropsko i suptropsko voće,Fresh tropical and subtropical fruits,2025-01-01
01.22.0,Svježe tropsko i suptropsko voće,Fresh tropical and subtropical fruits,2025-01-01
01.22.01,Svježi avokado,Fresh avocados,2025-01-01
01.22.02,"Svježe banane, svježe banane plantana i slično","Fresh bananas, fresh plantains and similar",2025-01-01
01.22.03,Svježe datulje,Fresh dates,2025-01-01
01.22.04,Svježe smokve,Fresh figs,2025-01-01
01.22.09,"Svježe tropsko i suptropsko voće, d. n.",Fresh tropical and subtropical fruits n.e.c.,2025-01-01
01.23,Svježi agrumi,Fresh citrus fruits,2025-01-01
01.23.0,Svježi agrumi,Fresh citrus fruits,2025-01-01
01.23.01,Svježi pomelo i svježi grejp,Fresh pomelo and fresh grapefruits,2025-01-01
01.23.02,Svježi limuni i svježe limete,Fresh lemons and fresh limes,2025-01-01
01.23.03,Svježe naranče,Fresh oranges,2025-01-01
01.23.04,"Svježe tangerine, svježe mandarine, svježe klementine","Fresh tangerines, fresh mandarins, fresh clementines",2025-01-01
01.23.09,"Svježi agrumi, d. n.",Fresh citrus fruits n.e.c.,2025-01-01
01.24,Svježe jezgričasto i svježe koštuničavo voće,Fresh pome fruits and fresh stone fruits,2025-01-01
01.24.1,Svježe jabuke,Fresh apples,2025-01-01
01.24.10,Svježe jabuke,Fresh apples,2025-01-01
01.24.2,Ostalo svježe jezgričasto i koštuničavo voće,Other fresh pome fruits and fresh stone fruits,2025-01-01
01.24.21,Svježe kruške,Fresh pears,2025-01-01
01.24.22,Svježe dunje,Fresh quinces,2025-01-01
01.24.23,Svježe marelice,Fresh apricots,2025-01-01
01.24.24,Svježe trešnje,Fresh cherries,2025-01-01
01.24.25,Svježe breskve,Fresh peaches,2025-01-01
01.24.26,Svježe nektarine,Fresh nectarines,2025-01-01
01.24.27,Svježe šljive,Fresh plums,2025-01-01
01.24.28,Svježe divlje šljive,Fresh sloes,2025-01-01
01.24.29,"Ostalo svježe jezgričasto i koštuničavo voće, d. n.",Other fresh pome fruits and fresh stone fruits n.e.c.,2025-01-01
01.25,"Bobičasto, orašasto i ostalo voće",Other tree and bush fruits and nuts,2025-01-01
01.25.1,Bobičasto i drugo voće roda Vaccinium,Berries and the fruits of the genus vaccinium,2025-01-01
01.25.11,Kivi,Kiwi fruit,2025-01-01
01.25.12,Maline,Raspberries,2025-01-01
01.25.13,Jagode,Strawberries,2025-01-01
01.25.19,"Bobičasto i drugo voće roda Vaccinium, d. n.",Berries and the fruits of the genus vaccinium n.e.c.,2025-01-01
01.25.2,Sjemenje voća,Fruit seeds,2025-01-01
01.25.20,Sjemenje voća,Fruit seeds,2025-01-01
01.25.3,Orašasti plodovi,Nuts,2025-01-01
01.25.31,Bademi,Almonds,2025-01-01
01.25.32,Kesteni,Chestnuts,2025-01-01
01.25.33,Lješnjaci,Hazelnuts,2025-01-01
01.25.34,Pistacije,Pistachios,2025-01-01
01.25.35,Orasi,Walnuts,2025-01-01
01.25.39,"Orašasti plodovi, d. n.",Nuts n.e.c.,2025-01-01
01.25.9,"Ostalo bobičasto i orašasto voće i ostalo voće, d. n.",Other tree and bush fruits and nuts n.e.c.,2025-01-01
01.25.90,"Ostalo bobičasto i orašasto voće i ostalo voće, d. n.",Other tree and bush fruits and nuts n.e.c.,2025-01-01
01.26,Uljani plodovi,Oleaginous fruits,2025-01-01
01.26.1,Masline,Olives,2025-01-01
01.26.11,Stolne masline,Table olives,2025-01-01
01.26.12,Masline za proizvodnju maslinova ulja,Olives for production of olive oil,2025-01-01
01.26.2,Kokosovi orasi,Coconuts,2025-01-01
01.26.20,Kokosovi orasi,Coconuts,2025-01-01
01.26.3,Ostali uljani plodovi,Other oleaginous fruits,2025-01-01
01.26.30,Ostali uljani plodovi,Other oleaginous fruits,2025-01-01
01.27,Usjevi za pripremanje napitaka,Beverage crops,2025-01-01
01.27.0,Usjevi za pripremanje napitaka,Beverage crops,2025-01-01
01.27.01,"Kava u zrnu, nepržena","Coffee beans, not roasted",2025-01-01
01.27.02,"Čaj, u listovima",Tea leaves,2025-01-01
01.27.03,"Mate-čaj, u listovima",Maté leaves,2025-01-01
01.27.04,Kakao u zrnu,Cocoa beans,2025-01-01
01.27.09,"Usjevi za pripremanje napitaka, d. n.",Beverage crops n.e.c.,2025-01-01
01.28,"Začinsko, aromatsko, ljekovito bilje i bilje za uporabu u farmaciji","Spices, aromatic, drug and pharmaceutical crops",2025-01-01
01.28.1,"Začini, neprerađeni","Spices, not processed",2025-01-01
01.28.11,"Papar (vrsta Piper), sirovi","Pepper (Piper species), raw",2025-01-01
01.28.12,"Muškatni oraščić, macis i kardamon, sirovi","Nutmeg, mace and cardamoms, raw",2025-01-01
01.28.13,"Anis, badijan, korijandar, kumin, kim, komorač i bobice kleke, sirovi","Anise, badian, coriander, cumin, caraway, fennel and juniper berries, raw",2025-01-01
01.28.14,"Cimet, sirovi","Cinnamon (canella), raw",2025-01-01
01.28.15,"Klinčići (cijele peteljke), sirovi","Cloves (whole stems), raw",2025-01-01
01.28.16,"Đumbir, suhi, sirovi","Ginger, dry, raw",2025-01-01
01.28.17,"Vanilija, sirova","Vanilla, raw",2025-01-01
01.28.19,"Začini, neprerađeni, d. n.","Spices, not processed, n.e.c.",2025-01-01
01.28.2,Hmelj,Hop cones,2025-01-01
01.28.20,Hmelj,Hop cones,2025-01-01
01.28.3,"Bilje prvenstveno za uporabu u parfumeriji i farmaciji, za insekticide i fungicide i u slične svrhe","Plants used primarily in perfumery, in pharmacy, or for insecticidal, fungicidal or similar purposes",2025-01-01
01.28.30,"Bilje prvenstveno za uporabu u parfumeriji i farmaciji, za insekticide i fungicide i u slične svrhe","Plants used primarily in perfumery, in pharmacy, or for insecticidal, fungicidal or similar purposes",2025-01-01
01.29,Ostali višegodišnji usjevi,Other perennial crops,2025-01-01
01.29.1,Prirodni kaučuk,Natural rubber,2025-01-01
01.29.10,Prirodni kaučuk,Natural rubber,2025-01-01
01.29.2,"Božićna drvca, rezana","Christmas trees, cut",2025-01-01
01.29.20,"Božićna drvca, rezana","Christmas trees, cut",2025-01-01
01.29.3,Biljni materijali prvenstveno za uporabu u pletarstvu ili za punjenje i postavljanje ili u bojanju i štavljenju,"Vegetable materials of a kind used primarily for plaiting or as stuffing or padding, or in dyeing or tanning",2025-01-01
01.29.30,Biljni materijali prvenstveno za uporabu u pletarstvu ili za punjenje i postavljanje ili u bojanju i štavljenju,"Vegetable materials of a kind used primarily for plaiting or as stuffing or padding, or in dyeing or tanning",2025-01-01
01.3,"Sadni materijal: živo bilje, lukovice, gomolji i korijenje, reznice i cijepovi; micelij gljiva","Planting material: live plants, bulbs, tubers and roots, cuttings and slips; mushroom spawn",2025-01-01
01.30,"Sadni materijal: živo bilje, lukovice, gomolji i korijenje, reznice i cijepovi; micelij gljiva","Planting material: live plants, bulbs, tubers and roots, cuttings and slips; mushroom spawn",2025-01-01
01.30.0,"Sadni materijal: živo bilje, lukovice, gomolji i korijenje, reznice i cijepovi; micelij gljiva","Planting material: live plants, bulbs, tubers and roots, cuttings and slips; mushroom spawn",2025-01-01
01.30.00,"Sadni materijal: živo bilje, lukovice, gomolji i korijenje, reznice i cijepovi; micelij gljiva","Planting material: live plants, bulbs, tubers and roots, cuttings and slips; mushroom spawn",2025-01-01
01.4,Žive životinje i proizvodi životinjskog podrijetla,Live animals and animal products,2025-01-01
01.41,"Mliječna goveda, živa; sirovo kravlje mlijeko","Dairy cattle, live; raw milk from dairy cattle",2025-01-01
01.41.1,"Mliječna goveda, živa","Dairy cattle, live",2025-01-01
01.41.10,"Mliječna goveda, živa","Dairy cattle, live",2025-01-01
01.41.2,Sirovo kravlje mlijeko,Raw milk from dairy cattle,2025-01-01
01.41.20,Sirovo kravlje mlijeko,Raw milk from dairy cattle,2025-01-01
01.41.3,Sperma mliječnih pasmina goveda,Bovine semen of dairy breeds,2025-01-01
01.41.30,Sperma mliječnih pasmina goveda,Bovine semen of dairy breeds,2025-01-01
01.42,"Ostala goveda i bivoli, živi, i njihova sperma","Other cattle and buffaloes, live and their semen",2025-01-01
01.42.1,"Ostala goveda i bivoli, živi","Other cattle and buffaloes, live",2025-01-01
01.42.11,"Ostala goveda i bivoli, osim teladi, živi","Other cattle and buffaloes, except calves, live",2025-01-01
01.42.12,"Telad goveda i bivola, živa","Calves of cattle and buffalo, live",2025-01-01
01.42.2,Sperma mesnih pasmina goveda,Bovine semen of meat breeds,2025-01-01
01.42.20,Sperma mesnih pasmina goveda,Bovine semen of meat breeds,2025-01-01
01.43,"Konji i drugi kopitari, živi","Horses and other equines, live",2025-01-01
01.43.0,"Konji i drugi kopitari, živi","Horses and other equines, live",2025-01-01
01.43.01,"Konji, živi","Horses, live",2025-01-01
01.43.02,"Magarci, mule i mazge, živi","Asses, mules and hinnies, live",2025-01-01
01.44,"Deve i ljame, žive","Camels and camelids, live",2025-01-01
01.44.0,"Deve i ljame, žive","Camels and camelids, live",2025-01-01
01.44.00,"Deve i ljame, žive","Camels and camelids, live",2025-01-01
01.45,"Ovce i koze, žive; sirovo ovčje i kozje mlijeko i šišana ovčja i kozja vuna","Sheep and goats, live; raw milk and shorn wool from sheep and goats",2025-01-01
01.45.1,"Ovce i koze, žive","Sheep and goats, live",2025-01-01
01.45.11,"Ovce, žive","Sheep, live",2025-01-01
01.45.12,"Koze, žive","Goats, live",2025-01-01
01.45.2,Sirovo ovčje i kozje mlijeko,Raw milk from sheep and goats,2025-01-01
01.45.21,Sirovo ovčje mlijeko,Raw milk from sheep,2025-01-01
01.45.22,Sirovo kozje mlijeko,Raw milk from goats,2025-01-01
01.45.3,"Šišana ovčja i kozja vuna, masna","Shorn wool from sheep and goats, greasy",2025-01-01
01.45.30,"Šišana ovčja i kozja vuna, masna","Shorn wool from sheep and goats, greasy",2025-01-01
01.46,"Svinje, žive","Swine, live",2025-01-01
01.46.0,"Svinje, žive","Swine, live",2025-01-01
01.46.00,"Svinje, žive","Swine, live",2025-01-01
01.47,"Perad, živa, i jaja","Poultry, live and eggs",2025-01-01
01.47.1,"Perad, živa","Poultry, live",2025-01-01
01.47.11,"Kokoši, žive","Chickens, live",2025-01-01
01.47.12,"Purani, živi","Turkeys, live",2025-01-01
01.47.13,"Guske, žive","Geese, live",2025-01-01
01.47.14,"Patke i biserke, žive","Ducks and guinea fowls, live",2025-01-01
01.47.15,"Ostala perad, živa","Other poultry, live",2025-01-01
01.47.2,"Jaja u ljusci, svježa","Eggs in shell, fresh",2025-01-01
01.47.21,"Kokošja jaja u ljusci, svježa","Hen eggs in shell, fresh",2025-01-01
01.47.22,"Jaja ostale peradi, u ljusci, svježa","Eggs from other poultry, in shell, fresh",2025-01-01
01.47.23,Kokošja jaja za rasplod,Hen eggs for hatching,2025-01-01
01.47.24,Jaja ostale peradi za rasplod,"Eggs from other poultry, for hatching",2025-01-01
01.48,Ostale životinje i proizvodi životinjskog podrijetla,Other animals and animal products,2025-01-01
01.48.1,"Ostale životinje, žive","Other animals, live",2025-01-01
01.48.11,"Zečevi, živi","Rabbits, live",2025-01-01
01.48.12,"Ostale ptice, žive","Other birds, live",2025-01-01
01.48.13,"Gmazovi, živi","Reptiles, live",2025-01-01
01.48.14,"Pčele, žive","Bees, live",2025-01-01
01.48.19,"Ostale životinje, žive, d. n.","Other animals, live, n.e.c.",2025-01-01
01.48.2,Ostali proizvodi od uzgojenih životinja,Other farm animal products,2025-01-01
01.48.21,Prirodni med,Natural honey,2025-01-01
01.48.22,Ostalo sirovo mlijeko,Other raw milk,2025-01-01
01.48.23,"Puževi, svježi, hlađeni, zamrznuti, sušeni, soljeni ili u salamuri, osim morskih puževa","Snails, fresh, chilled, frozen, dried, salted or in brine, except sea snails",2025-01-01
01.48.24,Ostali jestivi proizvodi od uzgojenih životinja,Other edible products of farm animal origin,2025-01-01
01.48.25,Čahure dudova svilca prikladne za odmotavanje,Silk-worm cocoons suitable for reeling,2025-01-01
01.48.26,"Voskovi od insekata i spermaceti, rafinirani ili nerafinirani, obojeni ili neobojeni","Insect waxes and spermaceti, whether or not refined or coloured",2025-01-01
01.48.27,Životinjski embriji za razmnožavanje,Animal embryos for reproduction,2025-01-01
01.48.28,Ostali nejestivi proizvodi od uzgojenih životinja,Other non-edible products of farm animal origin,2025-01-01
01.48.3,Sirove kože s dlakom ili vunom i ostale sirove kože bez dlake,Raw fur skins and other raw hides and skins,2025-01-01
01.48.31,"Sirove kože s dlakom ili s vunom, osim janjeće kože","Raw fur skins, except of fur-bearing lambs",2025-01-01
01.48.32,Sirove janjeće kože s dlakom ili s vunom,Raw fur skins of fur-bearing lambs,2025-01-01
01.48.33,Ostale sirove kože,Other raw hides and skins,2025-01-01
01.6,Usluge u poljoprivredi i uzgoju životinja,Agricultural and animal husbandry services,2025-01-01
01.61,Pomoćne usluge za uzgoj usjeva,Support services to crop production,2025-01-01
01.61.0,Pomoćne usluge za uzgoj usjeva,Support services to crop production,2025-01-01
01.61.00,Pomoćne usluge za uzgoj usjeva,Support services to crop production,2025-01-01
01.62,Pomoćne usluge za uzgoj životinja; usluge pripreme stajskoga gnoja i gnojnica za proizvodnju energije,Support services to animal production; services of preparing farmyard manure and slurry for energy production,2025-01-01
01.62.0,Pomoćne usluge za uzgoj životinja; usluge pripreme stajskoga gnoja i gnojnica za proizvodnju energije,Support services to animal production; services of preparing farmyard manure and slurry for energy production,2025-01-01
01.62.01,Pomoćne usluge za uzgoj životinja,Support services to animal production,2025-01-01
01.62.02,Usluge pripreme stajskoga gnoja i gnojnica za proizvodnju energije,Services of preparing farmyard manure and slurry for energy production,2025-01-01
01.63,Usluge nakon žetve usjeva i dorada sjemena za sjemenski materijal; usluge pripreme silažnog bilja za proizvodnju energije,Post-harvest crop services and seed processing services of propagation; services of preparing plant silages for energy production,2025-01-01
01.63.0,Usluge nakon žetve usjeva i dorada sjemena za sjemenski materijal; usluge pripreme silažnog bilja za proizvodnju energije,Post-harvest crop services and seed processing services of propagation; services of preparing plant silages for energy production,2025-01-01
01.63.01,Usluge koje se pružaju nakon žetve usjeva i dorada sjemena za sjemenski materijal,Post-harvest crop services and seed processing services of propagation,2025-01-01
01.63.02,Usluge pripreme silažnog bilja za proizvodnju energije,Services of preparing plant silages for energy production,2025-01-01
01.7,"Lov, stupičarenje i usluge povezane s njima",Hunting and trapping and related services,2025-01-01
01.70,"Lov, stupičarenje i usluge povezane s njima",Hunting and trapping and related services,2025-01-01
01.70.0,"Lov, stupičarenje i usluge povezane s njima",Hunting and trapping and related services,2025-01-01
01.70.00,"Lov, stupičarenje i usluge povezane s njima",Hunting and trapping and related services,2025-01-01
02,Proizvodi šumarstva i sječe drva te usluge povezane s njima,"Products of forestry, logging and related services",2025-01-01
02.1,Usluge uzgoja i rasadnika šumskog drveća,Forest trees and nursery services,2025-01-01
02.10,Usluge uzgoja i rasadnika šumskog drveća,Forest trees and nursery services,2025-01-01
02.10.1,Sadnice i sjemenje šumskog drveća,Live forest tree plants; forest tree seeds,2025-01-01
02.10.11,Sadnice šumskog drveća,Live forest tree plants,2025-01-01
02.10.12,Sjemenje šumskog drveća,Forest tree seeds,2025-01-01
02.10.2,Usluge rasadnika šumskog drveća,Forest trees nursery services,2025-01-01
02.10.20,Usluge rasadnika šumskog drveća,Forest trees nursery services,2025-01-01
02.10.3,Šumsko drveće,Forest trees,2025-01-01
02.10.30,Šumsko drveće,Forest trees,2025-01-01
02.2,Grubo obrađeno drvo,Wood in the rough,2025-01-01
02.20,Grubo obrađeno drvo,Wood in the rough,2025-01-01
02.20.0,Grubo obrađeno drvo,Wood in the rough,2025-01-01
02.20.01,Trupci četinjača,Logs of coniferous wood,2025-01-01
02.20.02,Trupci tropskog drveća,Logs of tropical wood,2025-01-01
02.20.03,Trupci ostalih listača,Logs of other non-coniferous wood,2025-01-01
02.20.04,Ogrjevno drvo četinjača,Fuel wood of coniferous wood,2025-01-01
02.20.05,Ogrjevno drvo listača,Fuel wood of non-coniferous wood,2025-01-01
02.3,"Samonikli plodovi i proizvodi, osim drva",Wild growing non-wood products,2025-01-01
02.30,"Samonikli plodovi i proizvodi, osim drva",Wild growing non-wood products,2025-01-01
02.30.1,Prirodne gume,Natural gums,2025-01-01
02.30.11,"Balata, gutaperka, gvajala, čikl i slične prirodne gume","Balata, gutta-percha, guayula, chicle and similar natural gums",2025-01-01
02.30.12,"Šelak, balzami i ostale prirodne gume i smole","Lac, balsams and other natural gums and resins",2025-01-01
02.30.2,"Prirodno pluto, sirovo ili jednostavno obrađeno","Natural cork, raw or simply prepared",2025-01-01
02.30.20,"Prirodno pluto, sirovo ili jednostavno obrađeno","Natural cork, raw or simply prepared",2025-01-01
02.30.3,"Dijelovi bilja, trave, mahovine i lišaji prikladni za ukrašavanje","Parts of plants, grasses, mosses and lichens suitable for ornamental purposes",2025-01-01
02.30.30,"Dijelovi bilja, trave, mahovine i lišaji prikladni za ukrašavanje","Parts of plants, grasses, mosses and lichens suitable for ornamental purposes",2025-01-01
02.30.4,Jestivi samonikli plodovi i proizvodi,Wild growing edible products,2025-01-01
02.30.40,Jestivi samonikli plodovi i proizvodi,Wild growing edible products,2025-01-01
02.4,Pomoćne usluge u šumarstvu,Support services to forestry,2025-01-01
02.40,Pomoćne usluge u šumarstvu,Support services to forestry,2025-01-01
02.40.0,Pomoćne usluge u šumarstvu,Support services to forestry,2025-01-01
02.40.00,Pomoćne usluge u šumarstvu,Support services to forestry,2025-01-01
03,Ribe i ostali proizvodi ribarstva; proizvodi akvakulture; pomoćne usluge u ribarstvu,Fish and other fishing products; aquaculture products; support services to fishing,2025-01-01
03.0,Ribe i ostali proizvodi ribarstva; proizvodi akvakulture; pomoćne usluge u ribarstvu,Fish and other fishing products; aquaculture products; support services to fishing,2025-01-01
03.00,Ribe i ostali proizvodi ribarstva; proizvodi akvakulture; pomoćne usluge u ribarstvu,Fish and other fishing products; aquaculture products; support services to fishing,2025-01-01
03.00.1,Žive ribe koji nisu prikladne za ljudsku prehranu,"Fish, live, not for human consumption",2025-01-01
03.00.11,"Ukrasne ribe, neuzgojene","Ornamental fish, wild",2025-01-01
03.00.12,"Ukrasne ribe, uzgojene","Ornamental fish, farmed",2025-01-01
03.00.13,Ostale neuzgojene žive ribe koji nisu prikladne za ljudsku prehranu,"Other wild, live fish, not for human consumption",2025-01-01
03.00.14,Ostale uzgojene žive ribe koji nisu prikladne za ljudsku prehranu,"Other farmed, live fish, not for human consumption",2025-01-01
03.00.2,"Žive ribe, svježe ili hlađene, za ljudsku prehranu","Fish, live, fresh or chilled, for human consumption",2025-01-01
03.00.21,"Žive ribe, svježe ili hlađene, za ljudsku prehranu, morske, neuzgojene","Fish, live, fresh or chilled, for human consumption, marine, not farmed",2025-01-01
03.00.22,"Žive ribe, svježe ili hlađene, za ljudsku prehranu, slatkovodne, neuzgojene","Fish, live, fresh or chilled, for human consumption, freshwater, not farmed",2025-01-01
03.00.23,"Žive ribe, svježe ili hlađene, za ljudsku prehranu, morske, uzgojene","Fish, live, fresh or chilled, for human consumption, marine, farmed",2025-01-01
03.00.24,"Žive ribe, svježe ili hlađene, za ljudsku prehranu, slatkovodne, uzgojene","Fish, live, fresh or chilled, for human consumption, freshwater, farmed",2025-01-01
03.00.3,"Rakovi, nezamrznuti","Crustaceans, not frozen",2025-01-01
03.00.31,"Rakovi, nezamrznuti, neuzgojeni","Crustaceans, not frozen, not farmed",2025-01-01
03.00.32,"Rakovi, nezamrznuti, uzgojeni","Crustaceans, not frozen, farmed",2025-01-01
03.00.4,"Mekušci i ostali vodeni beskralježnjaci, živi, svježi ili ohlađeni","Molluscs and other aquatic invertebrates, live, fresh or chilled",2025-01-01
03.00.41,"Kamenice, žive, svježe ili hlađene, neuzgojene","Oysters, live, fresh or chilled, not farmed",2025-01-01
03.00.42,"Drugi mekušci, živi, svježi ili hlađeni, neuzgojeni","Other molluscs, live, fresh or chilled, not farmed",2025-01-01
03.00.43,"Kamenice, žive, svježe ili ohlađene, uzgojene","Oysters, live, fresh or chilled, farmed",2025-01-01
03.00.44,"Drugi mekušci, živi, svježi ili ohlađeni, uzgojeni","Other molluscs, live, fresh or chilled, farmed",2025-01-01
03.00.45,"Ostali vodeni beskralježnjaci, živi, svježi ili hlađeni, uzgojeni","Other aquatic invertebrates, live, fresh or chilled, farmed",2025-01-01
03.00.46,"Ostali vodeni beskralježnjaci, živi, svježi ili hlađeni, neuzgojeni","Other aquatic invertebrates, live, fresh or chilled, not farmed",2025-01-01
03.00.5,"Biseri, neobrađeni","Pearls, unworked",2025-01-01
03.00.51,"Prirodni biseri, neobrađeni","Natural pearls, unworked",2025-01-01
03.00.52,"Kultivirani biseri, neobrađeni","Cultured pearls, unworked",2025-01-01
03.00.6,"Ostale vodene biljke, životinje i njihovi proizvodi","Other aquatic plants, animals and their products",2025-01-01
03.00.61,"Koralji i slični proizvodi, ljušture mekušaca, rakova ili bodljikaša i sipina kost","Coral and similar products, shells of molluscs, crustaceans or echinoderms and cuttle-bone",2025-01-01
03.00.62,Prirodne spužve životinjskog podrijetla,Natural sponges of animal origin,2025-01-01
03.00.63,"Morske alge i ostale alge za ljudsku prehranu, neuzgojene","Seaweeds and other algae for human consumption, wild",2025-01-01
03.00.64,"Morske alge i ostale alge za ljudsku prehranu, uzgojene","Seaweeds and other algae for human consumption, farmed",2025-01-01
03.00.65,"Morske alge i ostale alge koje nisu prikladne za ljudsku prehranu, neuzgojene","Seaweeds and other algae not for human consumption, wild",2025-01-01
03.00.66,"Morske alge i ostale alge koje nisu prikladne za ljudsku prehranu, uzgojene","Seaweeds and other algae not for human consumption, farmed",2025-01-01
03.00.69,"Ostale vodene biljke, životinje i njihovi proizvodi, d. n.","Other aquatic plants, animals and their products n.e.c.",2025-01-01
03.00.7,Pomoćne usluge u ribarstvu i akvakulturi,Support services to fishing and aquaculture,2025-01-01
03.00.71,Pomoćne usluge u ribarstvu,Support services to fishing,2025-01-01
03.00.72,Pomoćne usluge u akvakulturi,Support services to aquaculture,2025-01-01
B,PROIZVODI RUDARSTVA I VAĐENJA,MINING AND QUARRYING,2025-01-01
05,Ugljen i lignit,Coal and lignite,2025-01-01
05.1,Kameni ugljen i ostali ugljen,Hard coal and other coal,2025-01-01
05.10,Kameni ugljen i ostali ugljen,Hard coal and other coal,2025-01-01
05.10.0,Kameni ugljen i ostali ugljen,Hard coal and other coal,2025-01-01
05.10.01,Antracit,Anthracite,2025-01-01
05.10.02,Bitumenski i ostali ugljen,Bituminous and other coal,2025-01-01
05.2,Lignit,Lignite,2025-01-01
05.20,Lignit,Lignite,2025-01-01
05.20.0,Lignit,Lignite,2025-01-01
05.20.00,Lignit,Lignite,2025-01-01
06,Sirova nafta i prirodni plin,Crude petroleum and natural gas,2025-01-01
06.1,Sirova nafta,Crude petroleum,2025-01-01
06.10,Sirova nafta,Crude petroleum,2025-01-01
06.10.1,"Nafta i ulja dobivena od bitumenskih minerala, sirova","Petroleum oils and oils obtained from bituminous minerals, crude",2025-01-01
06.10.11,Kondenzati prirodnog plina,Natural gas condensates,2025-01-01
06.10.12,"Ostala nafta i ulja dobivena od bitumenskih minerala, sirova","Other petroleum oils and oils obtained from bituminous minerals, crude",2025-01-01
06.10.2,Bitumenski ili uljni škriljevac i katranski pijesak,Bituminous or oil shale and tar sands,2025-01-01
06.10.20,Bitumenski ili uljni škriljevac i katranski pijesak,Bituminous or oil shale and tar sands,2025-01-01
06.2,"Prirodni plin, ukapljeni ili u plinovitom stanju","Natural gas, liquefied or in gaseous state",2025-01-01
06.20,"Prirodni plin, ukapljeni ili u plinovitom stanju","Natural gas, liquefied or in gaseous state",2025-01-01
06.20.0,"Prirodni plin, ukapljeni ili u plinovitom stanju","Natural gas, liquefied or in gaseous state",2025-01-01
06.20.00,"Prirodni plin, ukapljeni ili u plinovitom stanju","Natural gas, liquefied or in gaseous state",2025-01-01
07,Metalne rude,Metal ores,2025-01-01
07.1,Željezne rude,Iron ores,2025-01-01
07.10,Željezne rude,Iron ores,2025-01-01
07.10.0,Željezne rude,Iron ores,2025-01-01
07.10.00,Željezne rude,Iron ores,2025-01-01
07.2,Rude obojenih metala,Non-ferrous metal ores,2025-01-01
07.21,Uranove i torijeve rude,Uranium and thorium ores,2025-01-01
07.21.0,Uranove i torijeve rude,Uranium and thorium ores,2025-01-01
07.21.00,Uranove i torijeve rude,Uranium and thorium ores,2025-01-01
07.29,Ostale rude obojenih metala i njihovi koncentrati,Other non-ferrous metal ores and concentrates,2025-01-01
07.29.0,Ostale rude obojenih metala i njihovi koncentrati,Other non-ferrous metal ores and concentrates,2025-01-01
07.29.01,Rude i koncentrati bakra,Copper ores and concentrates,2025-01-01
07.29.02,Rude i koncentrati nikla,Nickel ores and concentrates,2025-01-01
07.29.03,Rude i koncentrati aluminija,Aluminium ores and concentrates,2025-01-01
07.29.04,Rude i koncentrati plemenitih metala,Precious metal ores and concentrates,2025-01-01
07.29.05,"Rude i koncentrati olova, cinka i kositra","Lead, zinc and tin ores and concentrates",2025-01-01
07.29.09,"Ostale rude obojenih metala i njihovi koncentrati, d. n.",Other non-ferrous metal ores and concentrates n.e.c.,2025-01-01
08,Ostali proizvodi rudarstva i vađenja,Other mining and quarrying products,2025-01-01
08.1,"Kamen, pijesak i glina","Stone, sand and clay",2025-01-01
08.11,"Ukrasni kamen, vapnenac, gips, škriljevac i drugi kamen","Ornamental stone, limestone, gypsum, slate and other stone",2025-01-01
08.11.1,Vapnenac i gips,Limestone and gypsum,2025-01-01
08.11.10,Vapnenac i gips,Limestone and gypsum,2025-01-01
08.11.2,Kreda i nekalcinirani dolomit,Chalk and uncalcined dolomite,2025-01-01
08.11.20,Kreda i nekalcinirani dolomit,Chalk and uncalcined dolomite,2025-01-01
08.11.3,Ostali ukrasni kamen i kamen za gradnju,Other ornamental or building stone,2025-01-01
08.11.31,Mramor i ostale vrste vapnenačkog ukrasnoga kamena i kamena za gradnju,Marble and other calcareous ornamental or building stone,2025-01-01
08.11.32,"Granit, pješčenjak i ostale vrste ukrasnoga kamena i kamena za gradnju","Granite, sandstone and other ornamental or building stone",2025-01-01
08.11.4,Škriljevac,Slate,2025-01-01
08.11.40,Škriljevac,Slate,2025-01-01
08.11.5,"Lomljeni ili drobljeni kamen, kameni granulat, odlomci i prah","Broken or crushed stone, granules, chippings and powder",2025-01-01
08.11.50,"Lomljeni ili drobljeni kamen, kameni granulat, odlomci i prah","Broken or crushed stone, granules, chippings and powder",2025-01-01
08.12,"Šljunak, pijesak, glina i kaolin","Gravel, sand, clay and kaolin",2025-01-01
08.12.1,Šljunak i pijesak,Gravel and sand,2025-01-01
08.12.11,Silikatni i kremeni pijesak,Silica sands and quartz sands,2025-01-01
08.12.12,Ostali prirodni pijesak,Other natural sands,2025-01-01
08.12.13,Obluci i šljunak,Pebbles and gravel,2025-01-01
08.12.14,"Mješavine troske i sličnih industrijskih otpadaka, bez obzira sadržavaju li ili ne sadržavaju oblutke, šljunak, krupne bjelutke i kremen za uporabu u građevinarstvu","Mixtures of slag and similar industrial waste products, whether or not incorporating pebbles, gravel, shingle and flint for construction use",2025-01-01
08.12.2,Glina i kaolin,Clay and kaolin,2025-01-01
08.12.21,Kaolin i ostala kaolinska glina,Kaolin and other kaolinic clay,2025-01-01
08.12.22,"Ostala glina, andaluzit, cijanit i silimanit; mulit; šamotne i dinas zemlje","Other clay, andalusite, kyanite and sillimanite; mullite; chamotte or dinas earths",2025-01-01
08.9,"Proizvodi rudarstva i vađenja, d. n.",Mining and quarrying products n.e.c.,2025-01-01
08.91,Minerali za kemikalije i gnojiva,Chemical and fertiliser minerals,2025-01-01
08.91.0,Minerali za kemikalije i gnojiva,Chemical and fertiliser minerals,2025-01-01
08.91.01,Prirodni kalcijevi i aluminij-kalcijevi fosfati,Natural calcium or aluminium calcium phosphates,2025-01-01
08.91.02,Neprženi željezni piriti; sirovi ili nerafinirani sumpor,Unroasted iron pyrites; crude or unrefined sulphur,2025-01-01
08.91.09,"Minerali za kemikalije i gnojiva, d. n.",Chemical and fertiliser minerals n.e.c.,2025-01-01
08.92,Treset,Peat,2025-01-01
08.92.0,Treset,Peat,2025-01-01
08.92.00,Treset,Peat,2025-01-01
08.93,Sol i čisti natrijev klorid; morska voda,Salt and pure sodium chloride; sea water,2025-01-01
08.93.0,Sol i čisti natrijev klorid; morska voda,Salt and pure sodium chloride; sea water,2025-01-01
08.93.00,Sol i čisti natrijev klorid; morska voda,Salt and pure sodium chloride; sea water,2025-01-01
08.99,"Ostali proizvodi rudarstva i vađenja, d. n.",Other mining and quarrying products n.e.c.,2025-01-01
08.99.1,Prirodni bitumen i asfalt; asfaltiti i asfaltne stijene,"Bitumen and asphalt, natural; asphaltites and asphaltic rock",2025-01-01
08.99.10,Prirodni bitumen i asfalt; asfaltiti i asfaltne stijene,"Bitumen and asphalt, natural; asphaltites and asphaltic rock",2025-01-01
08.99.2,"Drago i poludrago kamenje; industrijski dijamanti, neobrađeni ili jednostavno otpiljeni, rasječeni ili grubo brušeni; plovućac; sitnozrnati korund; prirodni korund, prirodni granat i ostali prirodni abrazivi; ostali minerali","Precious and semi-precious stones; industrial diamonds, unworked or simply sawn, cleaved or bruted; pumice stone; emery; natural corundum, natural garnet and other natural abrasives; other minerals",2025-01-01
08.99.21,"Drago i poludrago kamenje, neobrađeno, jednostavno otpiljeno ili grubo oblikovano","Precious and semi-precious stones, unworked or simply sawn or roughly shaped",2025-01-01
08.99.22,"Industrijski dijamanti, neobrađeni ili jednostavno otpiljeni, rasječeni ili grubo brušeni; plovućac; sitnozrnati korund; prirodni korund, prirodni granat i ostali prirodni abrazivi","Industrial diamonds, unworked or simply sawn, cleaved or bruted; pumice stone; emery; natural corundum, natural garnet and other natural abrasives",2025-01-01
08.99.23,Ostali minerali,Other minerals,2025-01-01
09,Pomoćne usluge u rudarstvu,Mining support services,2025-01-01
09.1,Pomoćne usluge za vađenje nafte i prirodnog plina,Support services to petroleum and natural gas extraction,2025-01-01
09.10,Pomoćne usluge za vađenje nafte i prirodnog plina,Support services to petroleum and natural gas extraction,2025-01-01
09.10.0,Pomoćne usluge za vađenje nafte i prirodnog plina,Support services to petroleum and natural gas extraction,2025-01-01
09.10.01,Usluge bušenja za vađenje nafte i prirodnog plina,Drilling services to petroleum and natural gas extraction,2025-01-01
09.10.02,"Usluge montaže, popravka i demontaže postrojenja za bušenje te povezane pomoćne usluge za vađenje nafte i prirodnog plina","Derrick erection, repair and dismantling services and related support services to petroleum and natural gas extraction",2025-01-01
09.10.03,Usluge ukapljivanja i uplinjavanja prirodnog plina za potrebe transporta izvršene na oknu,Liquefaction and regasification services of natural gas for transportation done at the mine site,2025-01-01
09.9,Pomoćne usluge za ostalo rudarstvo i vađenje,Support services to other mining and quarrying,2025-01-01
09.90,Pomoćne usluge za ostalo rudarstvo i vađenje,Support services to other mining and quarrying,2025-01-01
09.90.0,Pomoćne usluge za ostalo rudarstvo i vađenje,Support services to other mining and quarrying,2025-01-01
09.90.01,Pomoćne usluge za vađenje kamenog ugljena,Support services to hard coal extraction,2025-01-01
09.90.02,Pomoćne usluge za vađenje metalnih ruda,Support services to mining of metal ores,2025-01-01
09.90.09,"Pomoćne usluge za ostalo rudarstvo i vađenje, d. n.",Support services to other mining and quarrying n.e.c.,2025-01-01
C,PROIZVODI PRERAÐIVAČKE INDUSTRIJE,MANUFACTURED PRODUCTS,2025-01-01
10,Prehrambeni proizvodi,Food products,2025-01-01
10.1,Konzervirano meso i mesni proizvodi,Preserved meat and meat products,2025-01-01
10.11,"Prerađeno i konzervirano meso, osim mesa peradi","Processed and preserved meat, except poultry meat",2025-01-01
10.11.1,"Meso goveda, svinja, ovaca, koza, konja i drugih kopitara, svježe ili hlađeno","Meat of bovine animals, swine, sheep, goats, horses and other equines, fresh or chilled",2025-01-01
10.11.11,"Goveđe meso, svježe ili hlađeno","Meat of bovine animals, fresh or chilled",2025-01-01
10.11.12,"Svinjsko meso, svježe ili hlađeno","Meat of swine, fresh or chilled",2025-01-01
10.11.13,"Ovčje meso, svježe ili hlađeno","Meat of sheep, fresh or chilled",2025-01-01
10.11.14,"Kozje meso, svježe ili hlađeno","Meat of goats, fresh or chilled",2025-01-01
10.11.15,"Konjsko meso i meso drugih kopitara, svježe ili hlađeno","Meat of horses and other equines, fresh or chilled",2025-01-01
10.11.2,"Jestivi otpaci i ostaci od goveda, svinja, ovaca, koza, konja i drugih kopitara, svježi ili hlađeni","Edible offal of bovine animals, swine, sheep, goats, horses and other equines, fresh or chilled",2025-01-01
10.11.20,"Jestivi otpaci i ostaci od goveda, svinja, ovaca, koza, konja i drugih kopitara, svježi ili hlađeni","Edible offal of bovine animals, swine, sheep, goats, horses and other equines, fresh or chilled",2025-01-01
10.11.3,Zamrznuto meso i jestivi otpaci i ostaci; ostalo meso i jestivi otpaci i ostaci,Frozen meat and edible offal; other meat and edible offal,2025-01-01
10.11.31,"Goveđe meso, zamrznuto","Meat of bovine animals, frozen",2025-01-01
10.11.32,"Svinjsko meso, zamrznuto","Meat of swine, frozen",2025-01-01
10.11.33,"Ovčje meso, zamrznuto","Meat of sheep, frozen",2025-01-01
10.11.34,"Kozje meso, zamrznuto","Meat of goats, frozen",2025-01-01
10.11.35,"Konjsko meso i meso drugih kopitara, zamrznuto","Meat of horses and other equines, frozen",2025-01-01
10.11.36,"Ostalo meso i jestivi otpaci i ostaci od životinja, svježi, rashlađeni ili smrznuti","Other meat and edible offal, fresh, chilled or frozen",2025-01-01
10.11.4,"Čupana vuna i sirove kože goveda, kopitara, ovaca i koza","Pulled wool and raw hides and skins of bovine or equine animals, sheep and goats",2025-01-01
10.11.41,"Čupana vuna, masna","Pulled wool, greasy",2025-01-01
10.11.42,Cijele sirove kože goveda ili kopitara,Whole raw hides and skins of bovine or equine animals,2025-01-01
10.11.43,Ostale sirove kože goveda ili kopitara,Other raw hides and skins of bovine or equine animals,2025-01-01
10.11.44,Sirove ovčje ili janjeće kože,Raw hides and skins of sheep or lambs,2025-01-01
10.11.45,Sirove kozje ili jareće kože,Raw hides and skins of goats or kids,2025-01-01
10.11.5,"Masti od goveda, ovaca, koza ili svinja","Fats of bovine animals, sheep, goats or pigs",2025-01-01
10.11.50,"Masti od goveda, ovaca, koza ili svinja","Fats of bovine animals, sheep, goats or pigs",2025-01-01
10.11.6,"Sirovi otpaci i ostaci, nejestivi","Raw offal, inedible",2025-01-01
10.11.60,"Sirovi otpaci i ostaci, nejestivi","Raw offal, inedible",2025-01-01
10.11.9,"Podugovarateljski poslovi kao dio prerade i konzerviranja mesa, osim mesa peradi","Sub-contracted operations as part of manufacturing of processed and preserved meat, except poultry meat",2025-01-01
10.11.99,"Podugovarateljski poslovi kao dio prerade i konzerviranja mesa, osim mesa peradi","Sub-contracted operations as part of manufacturing of processed and preserved meat, except poultry meat",2025-01-01
10.12,Prerađeno i konzervirano meso peradi,Processed and preserved poultry meat,2025-01-01
10.12.1,"Meso peradi, svježe ili hlađeno","Meat of poultry, fresh or chilled",2025-01-01
10.12.10,"Meso peradi, svježe ili hlađeno","Meat of poultry, fresh or chilled",2025-01-01
10.12.2,"Meso peradi, zamrznuto","Meat of poultry, frozen",2025-01-01
10.12.20,"Meso peradi, zamrznuto","Meat of poultry, frozen",2025-01-01
10.12.3,Masti od peradi,Fats of poultry,2025-01-01
10.12.30,Masti od peradi,Fats of poultry,2025-01-01
10.12.4,Jestivi otpaci i ostaci od peradi,Edible offal of poultry,2025-01-01
10.12.40,Jestivi otpaci i ostaci od peradi,Edible offal of poultry,2025-01-01
10.12.5,Perje i ptičje kože s perjem,Feathers and skins of birds with feathers,2025-01-01
10.12.50,Perje i ptičje kože s perjem,Feathers and skins of birds with feathers,2025-01-01
10.12.9,Podugovarateljski poslovi kao dio prerade i konzerviranja mesa peradi,Sub-contracted operations as part of manufacturing of processed and preserved poultry meat,2025-01-01
10.12.99,Podugovarateljski poslovi kao dio prerade i konzerviranja mesa peradi,Sub-contracted operations as part of manufacturing of processed and preserved poultry meat,2025-01-01
10.13,"Pripremljeno i konzervirano meso, jestivi mesni otpaci i ostaci ili krv","Preserves and preparations of meat, meat offal or blood",2025-01-01
10.13.1,"Pripremljeno i konzervirano meso, jestivi mesni otpaci i ostaci ili krv","Preserves and preparations of meat, meat offal or blood",2025-01-01
10.13.11,"Svinjsko meso, rezano, soljeno, sušeno ili dimljeno","Swine meat, cuts, salted, dried or smoked",2025-01-01
10.13.12,"Goveđe meso, soljeno, sušeno ili dimljeno","Bovine meat, salted, dried or smoked",2025-01-01
10.13.13,"Ostalo meso i jestivi mesni otpaci i ostaci, soljeni, u salamuri, sušeni ili dimljeni; jestivo brašno i krupica od mesa ili jestivih mesnih otpadaka i ostataka","Other meat and edible meat offal, salted, in brine, dried or smoked; edible flours and meals of meat or meat offal",2025-01-01
10.13.14,"Kobasice i slični proizvodi od mesa, jestivih mesnih otpadaka i ostataka ili krvi","Sausages and similar products of meat, meat offal or blood",2025-01-01
10.13.15,"Ostalo pripremljeno i konzervirano meso, jestivi mesni otpaci i ostaci te krv","Other prepared and preserved meat, meat offal or blood",2025-01-01
10.13.16,"Brašno, krupica i pelete od mesa, neprikladni za ljudsku prehranu; čvarci","Flours, meals and pellets of meat unfit for human consumption; greaves",2025-01-01
10.13.9,"Kuhanje i ostale usluge pripremanja u proizvodnji mesnih proizvoda; podugovarateljski poslovi kao dio proizvodnje konzerviranog i pripremljenog mesa, jestivih mesnih otpadaka ili krvi","Cooking and other preparation services of the production of meat products; sub-contracted operations as part of manufacturing of preserves and preparations of meat, meat offal or blood",2025-01-01
10.13.91,Kuhanje i ostale usluge pripremanja u proizvodnji mesnih proizvoda,Cooking and other preparation services of the production of meat products,2025-01-01
10.13.99,"Podugovarateljski poslovi kao dio proizvodnje konzerviranog i pripremljenog mesa, jestivih mesnih otpadaka ili krvi","Sub-contracted operations as part of manufacturing of preserves and preparations of meat, meat offal or blood",2025-01-01
10.2,"Prerađene i konzervirane ribe, rakovi i mekušci","Processed and preserved fish, crustaceans and molluscs",2025-01-01
10.20,"Prerađene i konzervirane ribe, rakovi i mekušci","Processed and preserved fish, crustaceans and molluscs",2025-01-01
10.20.1,"Ribe, svježe, hlađene ili smrznute","Fish, fresh, chilled or frozen",2025-01-01
10.20.11,"Riblji fileti i ostalo riblje meso, mljeveni ili ne, svježi ili hlađeni","Fish fillets and other fish meat, whether or not minced, fresh or chilled",2025-01-01
10.20.12,"Riblja jetra i ikra, svježa ili hlađena","Fish livers and roes, fresh or chilled",2025-01-01
10.20.13,"Riba, zamrznuta","Fish, frozen",2025-01-01
10.20.14,"Riblji fileti, zamrznuti","Fish fillets, frozen",2025-01-01
10.20.15,"Riblje meso, mljeveno ili ne, zamrznuto","Fish meat, whether or not minced, frozen",2025-01-01
10.20.16,"Riblja jetra i ikra, zamrznuta","Fish livers and roes, frozen",2025-01-01
10.20.2,"Ribe, drugačije pripremljene ili konzervirane; kavijar i nadomjesci kavijara","Fish, otherwise prepared or preserved; caviar and caviar substitutes",2025-01-01
10.20.21,"Riblji fileti, sušeni, soljeni ili u salamuri, ali nedimljeni","Fish fillets, dried, salted or in brine, but not smoked",2025-01-01
10.20.22,"Riblja jetra, ikra, peraje, glave, repovi, želuci i ostali jestivi otpaci i ostaci, sušeni, dimljeni, soljeni ili u salamuri; brašno, prah i pelete od ribe, prikladni za ljudsku prehranu","Fish livers, roes, fins, heads, tails, maws and other edible offal dried, smoked, salted or in brine; flours, meals and pellets of fish, fit for human consumption",2025-01-01
10.20.23,"Ribe, sušene, soljene ili nesoljene, ili u salamuri","Fish, dried, whether or not salted, or in brine",2025-01-01
10.20.24,"Riba, dimljena","Fish, smoked",2025-01-01
10.20.25,"Riba, drugačije pripremljena ili konzervirana","Fish, otherwise prepared or preserved",2025-01-01
10.20.26,Kavijar i nadomjesci kavijara,Caviar and caviar substitutes,2025-01-01
10.20.3,"Rakovi, mekušci, morske alge i ostali vodeni beskralježnjaci, zamrznuti, pripremljeni ili konzervirani","Crustaceans, molluscs, seaweed and other aquatic invertebrates, frozen, prepared or preserved",2025-01-01
10.20.31,"Rakovi, zamrznuti, sušeni, soljeni ili u salamuri","Crustaceans frozen, dried, salted or in brine",2025-01-01
10.20.32,"Mekušci, zamrznuti, sušeni, soljeni ili u salamuri","Molluscs, frozen, dried, salted or in brine",2025-01-01
10.20.33,"Ostali vodeni beskralježnjaci i morske alge, zamrznuti, sušeni, soljeni ili u salamuri","Other aquatic invertebrates and seaweed, frozen, dried, salted or in brine",2025-01-01
10.20.34,"Rakovi, mekušci i ostali vodeni beskralježnjaci i morske alge, zamrznuti, drugačije pripremljeni ili konzervirani","Crustaceans, molluscs and other aquatic invertebrates and seaweed, otherwise prepared or preserved",2025-01-01
10.20.4,"Brašno, krupica i pelete, neprikladni za ljudsku prehranu, i ostali proizvodi od riba, rakova, mekušaca ili drugih vodenih beskralježnjaka ili morskih algi","Flours, meals and pellets, unfit for human consumption, and other products of fish or of crustaceans, molluscs or other aquatic invertebrates or seaweed",2025-01-01
10.20.41,"Brašno, krupica i pelete od riba, rakova, mekušaca ili drugih vodenih beskralježnjaka ili morskih algi, neprikladni za ljudsku prehranu","Flours, meals and pellets of fish, crustaceans, molluscs or other aquatic invertebrates or seaweed, unfit for human consumption",2025-01-01
10.20.42,"Ostali nejestivi proizvodi od riba, rakova, mekušaca ili drugih vodenih beskralježnjaka ili morskih algi","Other inedible products of fish, crustaceans, molluscs or other aquatic invertebrates or seaweed",2025-01-01
10.20.9,"Dimljenje i druge usluge konzerviranja i pripremanja u proizvodnji ribljih proizvoda; podugovarateljski poslovi kao dio prerade i konzerviranja riba, rakova i mekušaca","Smoking and other preservation and preparation services of manufacture of fish products; sub-contracted operations as part of manufacturing of processed and preserved fish, crustaceans and molluscs",2025-01-01
10.20.91,Dimljenje i druge usluge konzerviranja i pripremanja u proizvodnji ribljih proizvoda,Smoking and other preservation and preparation services of manufacture of fish products,2025-01-01
10.20.99,"Podugovarateljski poslovi kao dio prerade i konzerviranja riba, rakova i mekušaca","Sub-contracted operations as part of manufacturing of processed and preserved fish, crustaceans and molluscs",2025-01-01
10.3,Prerađeno i konzervirano voće i povrće,Processed and preserved fruit and vegetables,2025-01-01
10.31,Prerađeni i konzervirani krumpir,Processed and preserved potatoes,2025-01-01
10.31.1,Prerađeni i konzervirani krumpir,Processed and preserved potatoes,2025-01-01
10.31.11,"Krumpir, zamrznut","Potatoes, frozen",2025-01-01
10.31.12,"Sušeni krumpir, rezan ili ne, u ploškama ili ne, ali dalje nepripremljen",Dried potatoes whether or not cut or sliced but not further prepared,2025-01-01
10.31.13,"Sušeni krumpir, u obliku brašna, krupice, pahuljica, granula i peleta","Dried potatoes in the form of flour, meal, flakes, granulates and pellets",2025-01-01
10.31.14,"Krumpir, pripremljen ili konzerviran",Potatoes prepared or preserved,2025-01-01
10.31.9,Kuhanje i ostale usluge pripremanja krumpira i proizvoda od krumpira; podugovarateljski poslovi kao dio prerade i konzerviranja krumpira,Cooking and other preparation services of potatoes and potato products; sub-contracted operations as part of manufacturing of processed and preserved potatoes,2025-01-01
10.31.91,Kuhanje i ostale usluge pripremanja krumpira i proizvoda od krumpira,Cooking and other preparation services of potatoes and potato products,2025-01-01
10.31.99,Podugovarateljski poslovi kao dio prerade i konzerviranja krumpira,Sub-contracted operations as part of manufacturing of processed and preserved potatoes,2025-01-01
10.32,Sokovi od voća i povrća,Fruit and vegetable juices,2025-01-01
10.32.1,Sokovi od voća i povrća,Fruit and vegetable juices,2025-01-01
10.32.11,Sok od rajčice,Tomato juice,2025-01-01
10.32.12,Sok od naranče,Orange juice,2025-01-01
10.32.13,Sok od grejpfruta,Grapefruit juice,2025-01-01
10.32.14,Sok od ananasa,Pineapple juice,2025-01-01
10.32.15,Sok od grožđa,Grape juice,2025-01-01
10.32.16,Sok od jabuke,Apple juice,2025-01-01
10.32.17,"Miješani sokovi, od voća i povrća",Mixtures of fruit and vegetable juices,2025-01-01
10.32.18,Ostali sokovi od voća i povrća,Other fruit and vegetable juices,2025-01-01
10.32.9,Podugovarateljski poslovi kao dio proizvodnje sokova od voća i povrća,Sub-contracted operations as part of manufacturing of fruit and vegetable juices,2025-01-01
10.32.99,Podugovarateljski poslovi kao dio proizvodnje sokova od voća i povrća,Sub-contracted operations as part of manufacturing of fruit and vegetable juices,2025-01-01
10.39,Ostalo prerađeno i konzervirano voće i povrće,Other processed and preserved fruit and vegetables,2025-01-01
10.39.1,"Prerađeno i konzervirano povrće, osim krumpira","Processed and preserved vegetables, except potatoes",2025-01-01
10.39.11,"Povrće, zamrznuto","Vegetables, frozen",2025-01-01
10.39.12,"Povrće, privremeno konzervirano",Vegetables provisionally preserved,2025-01-01
10.39.13,"Povrće, sušeno",Dried vegetables,2025-01-01
10.39.14,Narezano i pakirano povrće i voće,Cut and packaged vegetables and fruits,2025-01-01
10.39.15,"Grah, konzerviran, ali ne u octu ili octenoj kiselini, osim pripremljenih jela od povrća","Beans, preserved otherwise than by vinegar or acetic acid, except prepared vegetable dishes",2025-01-01
10.39.16,"Grašak, konzerviran, ali ne u octu ili octenoj kiselini, osim pripremljenih jela od povrća","Peas, preserved otherwise than by vinegar or acetic acid, except prepared vegetable dishes",2025-01-01
10.39.17,"Ostalo povrće (osim krumpira), konzervirano, ali ne u octu ili octenoj kiselini, osim pripremljenih jela od povrća","Other vegetables (except potatoes), preserved otherwise than by vinegar or acetic acid, except prepared vegetable dishes",2025-01-01
10.39.18,"Povrće (osim krumpira), voće, orašasti plodovi i ostali jestivi dijelovi biljaka, pripremljeni ili konzervirani u octu ili octenoj kiselini","Vegetables (except potatoes), fruit, nuts and other edible parts of plants, prepared or preserved by vinegar or acetic acid",2025-01-01
10.39.2,Prerađeno i konzervirano voće i orašasti plodovi,Processed and preserved fruit and nuts,2025-01-01
10.39.21,"Voće i orašasti plodovi, nekuhani ili kuhani, zamrznuti","Fruit and nuts, uncooked or cooked, frozen",2025-01-01
10.39.22,"Džemovi, voćni želei te pire i paste od voća ili orašastih plodova","Jams, fruit jellies and fruit or nut puree and pastes",2025-01-01
10.39.23,"Orašasti plodovi i kikiriki, prženi, soljeni ili drugačije pripremljeni","Nuts, groundnuts, roasted, salted or otherwise prepared",2025-01-01
10.39.24,"Voće i orašasti plodovi, privremeno konzervirani, neprikladni za neposrednu konzumaciju","Fruit and nuts, provisionally preserved, not for immediate consumption",2025-01-01
10.39.25,"Kikiriki i orašasti plodovi, neljušteni","Groundnuts and nuts, shelled",2025-01-01
10.39.26,"Ostalo pripremljeno, sušeno ili konzervirano voće i orašasti plodovi","Other prepared, dried or preserved fruits and nuts",2025-01-01
10.39.3,"Biljni materijali i biljni otpaci, biljni ostaci i nusproizvodi","Vegetable materials and vegetable waste, vegetable residues and by-products",2025-01-01
10.39.30,"Biljni materijali i biljni otpaci, biljni ostaci i nusproizvodi","Vegetable materials and vegetable waste, vegetable residues and by-products",2025-01-01
10.39.9,Kuhanje i ostale usluge pripremanja za konzerviranje voća i povrća; podugovarateljski poslovi kao dio prerade i konzerviranja ostalog voća i povrća,Cooking and other preparation services of the preservation of fruit and vegetables; sub-contracted operations as part of manufacturing of other processed and preserved fruit and vegetables,2025-01-01
10.39.91,Kuhanje i ostale usluge pripremanja za konzerviranje voća i povrća,Cooking and other preparation services of the preservation of fruit and vegetables,2025-01-01
10.39.99,Podugovarateljski poslovi kao dio prerade i konzerviranja ostalog voća i povrća,Sub-contracted operations as part of manufacturing of other processed and preserved fruit and vegetables,2025-01-01
10.4,Biljna i životinjska ulja i masti,Vegetable and animal oils and fats,2025-01-01
10.41,Ulja i masti,Oils and fats,2025-01-01
10.41.1,Sirova životinjska ulja i masti te njihove frakcije,"Animal oils and fats, their fractions, crude",2025-01-01
10.41.11,"Stearin od svinjske masti, ulje od svinjske masti, oleostearin, oleo ulje i ulje od loja, neemulgirani, nemiješani niti na drugi način pripremljeni","Lard stearin, lard oil, oleostearin, oleo-oil and tallow oil, not emulsified or mixed or otherwise prepared",2025-01-01
10.41.12,Ulja i masti te njihove frakcije od riba i morskih sisavaca,"Fats and oils and their fractions, of fish and marine mammals",2025-01-01
10.41.13,"Ostala životinjska ulja i masti te njihove frakcije, rafinirani ili nerafinirani, ali kemijski nemodificirani","Other animal fats and oils and their fractions, whether or not refined, but not chemically modified",2025-01-01
10.41.2,Sirova biljna ulja,"Vegetable oils, crude",2025-01-01
10.41.21,Sirovo ulje kikirikija,"Groundnut oil, crude",2025-01-01
10.41.22,Sirovo maslinovo ulje,"Olive oil, crude",2025-01-01
10.41.23,Sirovo ulje od sjemena suncokreta,"Sunflower-seed oil, crude",2025-01-01
10.41.24,"Sirovo ulje repice, kolze i gorušice","Rape, colza and mustard oil, crude",2025-01-01
10.41.25,Sirovo palmino ulje,"Palm oil, crude",2025-01-01
10.41.26,Ostala sirova biljna ulja,"Other vegetable oils, crude",2025-01-01
10.41.3,Pamučni linters,Cotton linters,2025-01-01
10.41.30,Pamučni linters,Cotton linters,2025-01-01
10.41.4,Uljane pogače i ostali kruti ostaci biljnih ulja i masti; brašno i krupica od uljanog sjemenja i plodova,"Oil-cake and other solid residues, of vegetable fats or oils; flours and meals of oil seeds or oleaginous fruits",2025-01-01
10.41.41,Uljane pogače i ostali kruti ostaci biljnih ulja i masti;,"Oil-cake and other solid residues, of vegetable fats or oils",2025-01-01
10.41.42,"Brašno i krupica od uljanog sjemenja i plodova, osim od gorušice","Flours and meals of oil seeds or oleaginous fruits, except those of mustard",2025-01-01
10.41.5,"Rafinirana ulja, osim ostataka","Refined oils, except residues",2025-01-01
10.41.51,"Sojino ulje i njegove frakcije, rafinirani, ali kemijski nemodificirani","Soya-bean oil and its fractions, refined but not chemically modified",2025-01-01
10.41.52,"Ulje kikirikija i njegove frakcije, rafinirani, ali kemijski nemodificirani","Groundnut oil and its fractions, refined but not chemically modified",2025-01-01
10.41.53,"Maslinovo ulje i njegove frakcije, rafinirani, ali kemijski nemodificirani","Olive oil and its fractions, refined but not chemically modified",2025-01-01
10.41.54,"Ulje od sjemena suncokreta i njegove frakcije, rafinirani, ali kemijski nemodificirani","Sunflower-seed oil and its fractions, refined but not chemically modified",2025-01-01
10.41.55,"Ulje od sjemena pamuka i njegove frakcije, rafinirani, ali kemijski nemodificirani","Cotton-seed oil and its fractions, refined but not chemically modified",2025-01-01
10.41.56,"Ulje repice, kolze i gorušice i njihove frakcije, rafinirani, ali kemijski nemodificirani","Rape, colza and mustard oil and their fractions, refined but not chemically modified",2025-01-01
10.41.57,"Palmino ulje i njegove frakcije, rafinirani, ali kemijski nemodificirani","Palm oil and its fractions, refined but not chemically modified",2025-01-01
10.41.58,"Kokosovo ulje i njegove frakcije, rafinirani, ali kemijski nemodificirani","Coconut oil and its fractions, refined but not chemically modified",2025-01-01
10.41.59,"Ostala ulja i njihove frakcije, rafinirani, ali kemijski nemodificirani; čvrste biljne masti i ostala biljna ulja (osim kukuruznog ulja) te njihove frakcije, d. n., rafinirani, ali kemijski nemodificirani","Other oils and their fractions, refined but not chemically modified; fixed vegetable fats and other vegetable oils (except maize oil) and their fractions n.e.c. refined but not chemically modified",2025-01-01
10.41.6,"Biljne ili životinjske masti i ulja te njihove frakcije, hidrogenirani, esterificirani, ali dalje nepripremljeni","Animal or vegetable fats and oils and their fractions, hydrogenated, esterified, but not further prepared",2025-01-01
10.41.60,"Biljne ili životinjske masti i ulja te njihove frakcije, hidrogenirani, esterificirani, ali dalje nepripremljeni","Animal or vegetable fats and oils and their fractions, hydrogenated, esterified, but not further prepared",2025-01-01
10.41.7,Biljni voskovi; degras; ostaci od prerade masnih tvari i životinjskih ili biljnih voskova,Vegetable waxes; degras; residues resulting from treatment of fatty substances or animal or vegetable waxes,2025-01-01
10.41.71,Biljni voskovi,Vegetable waxes,2025-01-01
10.41.72,Degras; ostaci od prerade masnih tvari i životinjskih ili biljnih voskova,Degras; residues resulting from treatment of fatty substances or animal or vegetable waxes,2025-01-01
10.41.9,Podugovarateljski poslovi kao dio proizvodnje ulja i masti,Sub-contracted operations as part of manufacturing of oils and fats,2025-01-01
10.41.99,Podugovarateljski poslovi kao dio proizvodnje ulja i masti,Sub-contracted operations as part of manufacturing of oils and fats,2025-01-01
10.42,Margarin i slične jestive masti,Margarine and similar edible fats,2025-01-01
10.42.1,Margarin i slične jestive masti,Margarine and similar edible fats,2025-01-01
10.42.10,Margarin i slične jestive masti,Margarine and similar edible fats,2025-01-01
10.42.9,Podugovarateljski poslovi kao dio proizvodnje margarina i sličnih jestivih masti,Sub-contracted operations as part of manufacturing of margarine and similar edible fats,2025-01-01
10.42.99,Podugovarateljski poslovi kao dio proizvodnje margarina i sličnih jestivih masti,Sub-contracted operations as part of manufacturing of margarine and similar edible fats,2025-01-01
10.5,Mliječni proizvodi i jestivi ledeni proizvodi,Dairy products and edible ice,2025-01-01
10.51,Proizvodi od mlijeka i sira,Dairy and cheese products,2025-01-01
10.51.1,Prerađeno tekuće mlijeko i vrhnje,Processed liquid milk and cream,2025-01-01
10.51.11,Prerađeno tekuće mlijeko s ≤ 6 % masti,Processed liquid milk of ≤ 6% fat,2025-01-01
10.51.12,"Mlijeko i vrhnje s > 6 % masti, nekoncentrirano i nezaslađeno","Milk and cream of > 6% fat, not concentrated or sweetened",2025-01-01
10.51.2,Mlijeko i vrhnje u krutim oblicima,Milk and cream in solid forms,2025-01-01
10.51.21,Obrano mlijeko i vrhnje u prahu,Skimmed milk and cream powder,2025-01-01
10.51.22,Punomasno mlijeko i vrhnje u prahu,Whole milk and cream powder,2025-01-01
10.51.3,Maslac i mliječni namazi,Butter and dairy spreads,2025-01-01
10.51.30,Maslac i mliječni namazi,Butter and dairy spreads,2025-01-01
10.51.4,Sir i skuta,Cheese and curd,2025-01-01
10.51.40,Sir i skuta,Cheese and curd,2025-01-01
10.51.5,Ostali mliječni proizvodi,Other dairy products,2025-01-01
10.51.51,"Mlijeko i vrhnje, koncentrirani ili zaslađeni šećerom i drugim sladilima, osim u krutim oblicima","Milk and cream, concentrated or containing added sugar or other sweetening matter, other than in solid forms",2025-01-01
10.51.52,Jogurt i ostalo fermentirano ili zakiseljeno mlijeko i vrhnje,Yoghurt and other fermented or acidified milk or cream,2025-01-01
10.51.53,Napitci na bazi mlijeka,Milk-based drinks,2025-01-01
10.51.54,Kazein,Casein,2025-01-01
10.51.55,Laktoza i laktozni sirup,Lactose and lactose syrup,2025-01-01
10.51.56,Surutka,Whey,2025-01-01
10.51.59,"Ostali mliječni proizvodi, d. n.",Other dairy products n.e.c.,2025-01-01
10.51.9,Podugovarateljski poslovi kao dio proizvodnje proizvoda od mlijeka i sira,Sub-contracted operations as part of manufacturing of dairy and cheese products,2025-01-01
10.51.99,Podugovarateljski poslovi kao dio proizvodnje proizvoda od mlijeka i sira,Sub-contracted operations as part of manufacturing of dairy and cheese products,2025-01-01
10.52,Sladoled i ostali jestivi ledeni proizvodi,Ice cream and other edible ice,2025-01-01
10.52.1,Sladoled i ostali jestivi ledeni proizvodi,Ice cream and other edible ice,2025-01-01
10.52.10,Sladoled i ostali jestivi ledeni proizvodi,Ice cream and other edible ice,2025-01-01
10.52.9,Podugovarateljski poslovi kao dio proizvodnje sladoleda i ostalih jestivih ledenih proizvoda,Sub-contracted operations as part of manufacturing of ice cream and other edible ice,2025-01-01
10.52.99,Podugovarateljski poslovi kao dio proizvodnje sladoleda i ostalih jestivih ledenih proizvoda,Sub-contracted operations as part of manufacturing of ice cream and other edible ice,2025-01-01
10.6,"Mlinski proizvodi, škrob i škrobni proizvodi","Grain mill products, starches and starch products",2025-01-01
10.61,Mlinski proizvodi,Grain mill products,2025-01-01
10.61.1,"Riža, polubijela ili bijela, ili oljuštena ili lomljena","Rice, semi- or wholly milled, or husked or broken",2025-01-01
10.61.11,Oljuštena riža (smeđa),Husked rice,2025-01-01
10.61.12,"Riža, polubijela ili bijela ili lomljena","Rice, semi- or wholly milled or broken",2025-01-01
10.61.2,Brašno od žitarica i povrća; njihove mješavine,Cereal and vegetable flour; mixes thereof,2025-01-01
10.61.21,Brašno od pšenice ili suražice,Wheat or maslin flour,2025-01-01
10.61.22,Brašno od ostalih žitarica,Other cereal flour,2025-01-01
10.61.23,Brašno i krupica od povrća,Vegetable flour and meal,2025-01-01
10.61.24,Mješavine i tijesto za pripremu pekarskih proizvoda,Mixes and dough for preparation of bakery products,2025-01-01
10.61.3,"Prekrupa, krupica, pelete i ostali proizvodi od žitarica","Groats, meal and pellets and other cereal grain products",2025-01-01
10.61.31,Prekrupa i krupica od pšenice,Groats and meal of wheat,2025-01-01
10.61.32,"Ostala prekrupa, krupica i pelete od žitarica","Other cereal groats, meal and pellets",2025-01-01
10.61.33,Žitarice za doručak i ostali proizvodi od žitarica,Breakfast cereals and other cereal grain products,2025-01-01
10.61.4,Posije (mekinje) i drugi ostaci od obrade žitarica,"Bran, sharps and other residues from the working of cereals",2025-01-01
10.61.40,Posije (mekinje) i drugi ostaci od obrade žitarica,"Bran, sharps and other residues from the working of cereals",2025-01-01
10.61.9,Podugovarateljski poslovi kao dio proizvodnje mlinskih proizvoda,Sub-contracted operations as part of manufacturing of grain mill products,2025-01-01
10.61.99,Podugovarateljski poslovi kao dio proizvodnje mlinskih proizvoda,Sub-contracted operations as part of manufacturing of grain mill products,2025-01-01
10.62,Škrob i škrobni proizvodi,Starches and starch products,2025-01-01
10.62.1,Škrob i škrobni proizvodi; ostali šećeri i šećerni sirupi,Starches and starch products; other sugars and sugar syrups,2025-01-01
10.62.11,Škrob; inulin; pšenični gluten; dekstrini i drugi modificirani škrobovi,Starches; inulin; wheat gluten; dextrins and other modified starches,2025-01-01
10.62.12,"Tapioka i njezini nadomjesci pripremljeni od škroba, u obliku pahuljica, zrnaca i slično","Tapioca and substitutes prepared from starch in flakes, grains and the like",2025-01-01
10.62.13,Glukoza i glukozni sirup; fruktoza i fruktozni sirup; invertni šećer; ostali šećeri i šećerni sirupi,Glucose and glucose syrup; fructose and fructose syrup; invert sugar; other sugars and sugar syrups,2025-01-01
10.62.14,Kukuruzno ulje,Maize oil,2025-01-01
10.62.2,Ostaci od proizvodnje škroba i slični ostaci,Residues of starch manufacture and similar residues,2025-01-01
10.62.20,Ostaci od proizvodnje škroba i slični ostaci,Residues of starch manufacture and similar residues,2025-01-01
10.62.9,Podugovarateljski poslovi kao dio proizvodnje škroba i škrobnih proizvoda,Sub-contracted operations as part of manufacturing of starches and starch products,2025-01-01
10.62.99,Podugovarateljski poslovi kao dio proizvodnje škroba i škrobnih proizvoda,Sub-contracted operations as part of manufacturing of starches and starch products,2025-01-01
10.7,Pekarski proizvodi i tjestenine,Bakery and farinaceous products,2025-01-01
10.71,"Kruh, svježa peciva i slični proizvodi te kolači","Bread, fresh pastry goods and cakes",2025-01-01
10.71.1,"Kruh, svježa peciva i slični proizvodi te kolači","Bread, fresh pastry goods and cakes",2025-01-01
10.71.11,Svježi kruh,Fresh bread,2025-01-01
10.71.12,Svježa peciva i kolači,Fresh pastry goods and cakes,2025-01-01
10.71.9,"Podugovarateljski poslovi kao dio proizvodnje kruha, svježih peciva i sličnih proizvoda te kolača","Sub-contracted operations as part of manufacturing of bread, fresh pastry goods and cakes",2025-01-01
10.71.99,"Podugovarateljski poslovi kao dio proizvodnje kruha, svježih peciva i sličnih proizvoda te kolača","Sub-contracted operations as part of manufacturing of bread, fresh pastry goods and cakes",2025-01-01
10.72,Dvopek i keksi; trajna peciva i kolači,Rusks and biscuits; preserved pastry goods and cakes,2025-01-01
10.72.1,Dvopek i keksi; trajna peciva i kolači,Rusks and biscuits; preserved pastry goods and cakes,2025-01-01
10.72.11,"Hruskavi kruh (krisp), dvopek, tostirani kruh i slični prepečeni proizvodi","Crispbread, rusks, toasted bread and similar toasted products",2025-01-01
10.72.12,Medenjaci i slični proizvodi; slatki keksi; vafli i oblate,Gingerbread and the like; sweet biscuits; waffles and wafers,2025-01-01
10.72.13,Ostali suhi i trajni pekarski proizvodi,Other dry or preserved bakers' wares,2025-01-01
10.72.9,"Podugovarateljski poslovi kao dio proizvodnje dvopeka, keksa, trajnih peciva i kolača",Sub-contracted operations as part of manufacturing of rusks and biscuits; preserved pastry goods and cakes,2025-01-01
10.72.99,"Podugovarateljski poslovi kao dio proizvodnje dvopeka, keksa, trajnih peciva i kolača",Sub-contracted operations as part of manufacturing of rusks and biscuits; preserved pastry goods and cakes,2025-01-01
10.73,"Makaroni, rezanci, kuskus i slična tjestenina","Macaroni, noodles, couscous and similar farinaceous products",2025-01-01
10.73.1,"Makaroni, rezanci, kuskus i slična tjestenina","Macaroni, noodles, couscous and similar farinaceous products",2025-01-01
10.73.11,"Makaroni, rezanci, kuskus i slična tjestenina","Macaroni, noodles and similar farinaceous products",2025-01-01
10.73.12,Kuskus,Couscous,2025-01-01
10.73.9,"Podugovarateljski poslovi kao dio proizvodnje makarona, rezanaca, kuskusa i sličnih tjestenina","Sub-contracted operations as part of manufacturing of macaroni, noodles, couscous and similar farinaceous products",2025-01-01
10.73.99,"Podugovarateljski poslovi kao dio proizvodnje makarona, rezanaca, kuskusa i sličnih tjestenina","Sub-contracted operations as part of manufacturing of macaroni, noodles, couscous and similar farinaceous products",2025-01-01
10.8,Ostali prehrambeni proizvodi,Other food products,2025-01-01
10.81,Šećer,Sugar,2025-01-01
10.81.1,Sirovi ili rafinirani šećer od šećerne trske ili šećerne repe; melase,Raw or refined cane or beet sugar; molasses,2025-01-01
10.81.11,"Sirovi šećer od šećerne trske ili šećerne repe, u krutom stanju","Raw cane or beet sugar, in solid form",2025-01-01
10.81.12,"Rafinirani šećer od šećerne trske ili šećerne repe te kemijski čista saharoza, u krutom stanju, bez dodanih tvari za aromatizaciju ili za bojenje","Refined cane or beet sugar and chemically pure sucrose, in solid form, not containing added flavouring or colouring matter",2025-01-01
10.81.13,"Rafinirani šećer od šećerne trske ili šećerne repe, s dodanim tvarima za aromatizaciju ili za bojenje; šećer i sirup od javora","Refined cane or beet sugar, containing added flavouring or colouring matter; maple sugar and maple syrup",2025-01-01
10.81.14,Melase,Molasses,2025-01-01
10.81.2,"Rezanci šećerne repe, otpaci od šećerne trske i ostali otpaci od proizvodnje šećera","Beet-pulp, bagasse and other waste of sugar manufacture",2025-01-01
10.81.20,"Rezanci šećerne repe, otpaci od šećerne trske i ostali otpaci od proizvodnje šećera","Beet-pulp, bagasse and other waste of sugar manufacture",2025-01-01
10.81.9,Podugovarateljski poslovi kao dio proizvodnje šećera,Sub-contracted operations as part of manufacturing of sugar,2025-01-01
10.81.99,Podugovarateljski poslovi kao dio proizvodnje šećera,Sub-contracted operations as part of manufacturing of sugar,2025-01-01
10.82,"Kakao, čokoladni proizvodi i proizvodi od šećera","Cocoa, chocolate and sugar confectionery",2025-01-01
10.82.1,"Kakaova pasta, odmašćena ili neodmašćena, kakaov maslac, mast i ulje od kakaa, kakaov prah","Cocoa paste, whether or not defatted, cocoa butter, fat and oil, cocoa powder",2025-01-01
10.82.11,"Kakaova pasta, odmašćena ili neodmašćena","Cocoa paste, whether or not defatted",2025-01-01
10.82.12,"Kakaov maslac, mast i ulje od kakaa","Cocoa butter, fat and oil",2025-01-01
10.82.13,Kakaov prah bez dodanog šećera ili drugih sladila,"Cocoa powder, not containing added sugar or other sweetening matter",2025-01-01
10.82.14,Kakaov prah s dodanim šećerom ili drugim sladilima,"Cocoa powder, containing added sugar or other sweetening matter",2025-01-01
10.82.2,Čokolada i ostali proizvodi od šećera,Chocolate and sugar confectionery,2025-01-01
10.82.21,"Čokolada i pripravci koji sadržavaju kakao (osim zaslađenog kakaova praha), u rasutom stanju","Chocolate and food preparations containing cocoa (except sweetened cocoa powder), in bulk forms",2025-01-01
10.82.22,"Čokolada i pripravci koji sadržavaju kakao (osim zaslađenog kakaova praha), osim u rasutom stanju","Chocolate and food preparations containing cocoa (except sweetened cocoa powder), other than in bulk forms",2025-01-01
10.82.23,Proizvodi od šećera koji ne sadržavaju kakao,"Sugar confectionery, not containing cocoa",2025-01-01
10.82.24,"Voće, orašasti plodovi, kore od voća i drugi dijelovi biljaka, konzervirani u šećeru","Fruit, nuts, fruit-peel and other parts of plants, preserved by sugar",2025-01-01
10.82.3,"Ljuske, kore, opne i ostali otpaci od kakaa","Cocoa shells, husks, skins and other cocoa waste",2025-01-01
10.82.30,"Ljuske, kore, opne i ostali otpaci od kakaa","Cocoa shells, husks, skins and other cocoa waste",2025-01-01
10.82.9,"Podugovarateljski poslovi kao dio proizvodnje kakao, čokoladnih proizvoda i proizvoda od šećera","Sub-contracted operations as part of manufacturing of cocoa, chocolate and sugar confectionery",2025-01-01
10.82.99,"Podugovarateljski poslovi kao dio proizvodnje kakao, čokoladnih proizvoda i proizvoda od šećera","Sub-contracted operations as part of manufacturing of cocoa, chocolate and sugar confectionery",2025-01-01
10.83,Prerađeni čaj i kava,Processed tea and coffee,2025-01-01
10.83.1,Prerađeni čaj i kava,Processed tea and coffee,2025-01-01
10.83.11,"Kava, bez kofeina ili pržena","Coffee, decaffeinated or roasted",2025-01-01
10.83.12,"Nadomjesci kave; ekstrakti, esencije i koncentrati kave ili nadomjestaka kave; ljuske i opne od kave","Coffee substitutes; extracts, essences and concentrates of coffee or coffee substitutes; coffee husks and skins",2025-01-01
10.83.13,"Zeleni čaj (nefermentirani), crni čaj (fermentirani) i djelomično fermentirani čaj, u izvornom pakiranju od ≤ 3 kg","Green tea (not fermented), black tea (fermented) and partly fermented tea, in immediate packings of a content ≤ 3 kg",2025-01-01
10.83.14,"Ekstrakti, esencije, koncentrati i preparati čaja ili mate-čaja","Extracts, essences, concentrates and preparations of tea or maté",2025-01-01
10.83.15,Biljni ekstrakti,Herb infusions,2025-01-01
10.83.9,Podugovarateljski poslovi kao dio prerade čaja i kave,Sub-contracted operations as part of manufacturing of processed tea and coffee,2025-01-01
10.83.99,Podugovarateljski poslovi kao dio prerade čaja i kave,Sub-contracted operations as part of manufacturing of processed tea and coffee,2025-01-01
10.84,Začini i drugi dodaci hrani,Condiments and seasonings,2025-01-01
10.84.1,Ocat; umaci; miješani dodaci jelima; brašno i krupica od gorušice; pripremljena gorušica (senf),Vinegar; sauces; mixed condiments; mustard flour or meal; prepared mustard,2025-01-01
10.84.11,Ocat i nadomjesci octa dobiveni od octene kiseline,Vinegar and substitutes for vinegar obtained from acetic acid,2025-01-01
10.84.12,Umaci; miješani dodaci jelima i miješani začini; brašno i krupica od gorušice i pripremljena gorušica (senf),Sauces; mixed condiments and mixed seasonings; mustard flour and meal and prepared mustard,2025-01-01
10.84.2,"Začini, prerađeni","Spices, processed",2025-01-01
10.84.21,"Papar (vrsta Piper), prerađeni","Pepper (Piper species), processed",2025-01-01
10.84.22,"Čili i papar, suhi (vrsta Capiscum), prerađeni","Chillies and peppers, dry (Capsicum species), processed",2025-01-01
10.84.23,"Cimet (Canella), prerađeni; ostali prerađeni začini","Cinnamon (Canella), processed; other processed spices",2025-01-01
10.84.3,Sol za jelo,Food-grade salt,2025-01-01
10.84.30,Sol za jelo,Food-grade salt,2025-01-01
10.84.9,Podugovarateljski poslovi kao dio proizvodnje začina i drugih dodataka hrani,Sub-contracted operations as part of manufacturing of condiments and seasonings,2025-01-01
10.84.99,Podugovarateljski poslovi kao dio proizvodnje začina i drugih dodataka hrani,Sub-contracted operations as part of manufacturing of condiments and seasonings,2025-01-01
10.85,Gotova hrana i jela,Prepared meals and dishes,2025-01-01
10.85.1,Gotova hrana i jela,Prepared meals and dishes,2025-01-01
10.85.11,"Gotova jela na bazi mesa, jestivih mesnih otpadaka i ostataka ili krvi","Prepared meals and dishes based on meat, meat offal or blood",2025-01-01
10.85.12,"Gotova jela na bazi ribe, rakova i mekušaca","Prepared meals and dishes based on fish, crustaceans and molluscs",2025-01-01
10.85.13,Gotova jela na bazi povrća,Prepared meals and dishes based on vegetables,2025-01-01
10.85.14,Gotova jela na bazi tjestenine,Prepared meals and dishes based on pasta,2025-01-01
10.85.15,Ostala gotova hrana i jela,Other prepared dishes and meals,2025-01-01
10.85.9,Podugovarateljski poslovi kao dio proizvodnje gotove hrane i jela,Sub-contracted operations as part of manufacturing of prepared meals and dishes,2025-01-01
10.85.99,Podugovarateljski poslovi kao dio proizvodnje gotove hrane i jela,Sub-contracted operations as part of manufacturing of prepared meals and dishes,2025-01-01
10.86,Homogenizirani prehrambeni pripravci i dijetetska hrana,Homogenised food preparations and dietetic food,2025-01-01
10.86.1,Homogenizirani prehrambeni pripravci i dijetetska hrana,Homogenised food preparations and dietetic food,2025-01-01
10.86.10,Homogenizirani prehrambeni pripravci i dijetetska hrana,Homogenised food preparations and dietetic food,2025-01-01
10.86.9,Podugovarateljski poslovi kao dio proizvodnje homogeniziranih prehrambenih pripravaka i dijetetske hrane,Sub-contracted operations as part of manufacturing of homogenised food preparations and dietetic food,2025-01-01
10.86.99,Podugovarateljski poslovi kao dio proizvodnje homogeniziranih prehrambenih pripravaka i dijetetske hrane,Sub-contracted operations as part of manufacturing of homogenised food preparations and dietetic food,2025-01-01
10.89,"Ostali prehrambeni proizvodi, d. n.",Other food products n.e.c.,2025-01-01
10.89.1,"Ostali prehrambeni proizvodi, d. n.",Other food products n.e.c.,2025-01-01
10.89.11,"Juhe, uključujući mesne, i pripravci za juhe",Soups and broths and preparations thereof,2025-01-01
10.89.12,"Jaja, bez ljuske, i žumanjci, svježi ili konzervirani; jaja u ljusci, konzervirana ili kuhana; albumin od jaja","Eggs, not in shell, and egg yolks fresh or preserved; eggs in shells preserved or cooked; egg albumin",2025-01-01
10.89.13,"Kvasci (aktivni ili neaktivni); ostali jednostanični mikroorganizmi, mrtvi; pripremljeni prašci za peciva","Yeasts (active or inactive); other single-cell micro-organisms, dead; prepared baking powders",2025-01-01
10.89.14,"Ekstrakti i sokovi od mesa, riba i vodenih beskralježnjaka","Extracts and juices of meat, fish and aquatic invertebrates",2025-01-01
10.89.15,Biljni sokovi i ekstrakti; pektinske tvari; biljne sluzi i zgušnjivači,Vegetable saps and extracts; pectic substances; mucilages and thickeners,2025-01-01
10.89.16,Pripremljeni pokvarljivi prehrambeni proizvodi kao što su sendviči i svježa pizza,Prepared perishable food products such as sandwiches and fresh pizza,2025-01-01
10.89.17,Dodaci ljudskoj prehrani,Food supplements for human consumption,2025-01-01
10.89.19,"Ostali raznovrsni prehrambeni proizvodi, d. n.",Other miscellaneous food products n.e.c.,2025-01-01
10.89.9,"Podugovarateljski poslovi kao dio proizvodnje ostalih prehrambenih proizvoda, d. n.",Sub-contracted operations as part of manufacturing of other food products n.e.c.,2025-01-01
10.89.99,"Podugovarateljski poslovi kao dio proizvodnje ostalih prehrambenih proizvoda, d. n.",Sub-contracted operations as part of manufacturing of other food products n.e.c.,2025-01-01
10.9,Pripremljena hrana za životinje,Prepared animal feeds,2025-01-01
10.91,Pripremljena stočna hrana,Prepared feeds for farm animals,2025-01-01
10.91.1,"Pripremljena stočna hrana, osim brašna i peleta od lucerne","Prepared feeds for farm animals, except lucerne meal and pellets",2025-01-01
10.91.10,"Pripremljena stočna hrana, osim brašna i peleta od lucerne","Prepared feeds for farm animals, except lucerne meal and pellets",2025-01-01
10.91.2,Brašno i pelete od lucerne (alfalfe),Lucerne (alfalfa) meal and pellets,2025-01-01
10.91.20,Brašno i pelete od lucerne (alfalfe),Lucerne (alfalfa) meal and pellets,2025-01-01
10.91.3,"Pripremljena hrana za akvakulturu, osim brašna i peleta od lucerne","Prepared feeds for aquaculture, except lucerne meal and pellets",2025-01-01
10.91.30,"Pripremljena hrana za akvakulturu, osim brašna i peleta od lucerne","Prepared feeds for aquaculture, except lucerne meal and pellets",2025-01-01
10.91.9,Podugovarateljski poslovi kao dio proizvodnje pripremljene stočne hrane,Sub-contracted operations as part of manufacturing of prepared feeds for farm animals,2025-01-01
10.91.99,Podugovarateljski poslovi kao dio proizvodnje pripremljene stočne hrane,Sub-contracted operations as part of manufacturing of prepared feeds for farm animals,2025-01-01
10.92,Pripremljena hrana za kućne ljubimce,Prepared pet foods,2025-01-01
10.92.1,Pripremljena hrana za kućne ljubimce,Prepared pet foods,2025-01-01
10.92.10,Pripremljena hrana za kućne ljubimce,Prepared pet foods,2025-01-01
10.92.9,Podugovarateljski poslovi kao dio proizvodnje pripremljene hrane za kućne ljubimce,Sub-contracted operations as part of manufacturing of prepared pet foods,2025-01-01
10.92.99,Podugovarateljski poslovi kao dio proizvodnje pripremljene hrane za kućne ljubimce,Sub-contracted operations as part of manufacturing of prepared pet foods,2025-01-01
11,Piće,Beverages,2025-01-01
11.0,Piće,Beverages,2025-01-01
11.01,"Destilirana, pročišćena i miješana alkoholna pića","Distilled, rectified and blended spirits",2025-01-01
11.01.1,"Destilirana, pročišćena i miješana alkoholna pića","Distilled, rectified and blended spirits",2025-01-01
11.01.10,"Destilirana, pročišćena i miješana alkoholna pića","Distilled, rectified and blended spirits",2025-01-01
11.01.9,"Podugovarateljski poslovi kao dio proizvodnje destiliranih, pročišćenih i miješanih alkoholnih pića","Sub-contracted operations as part of manufacturing of distilled, rectified and blended spirits",2025-01-01
11.01.99,"Podugovarateljski poslovi kao dio proizvodnje destiliranih, pročišćenih i miješanih alkoholnih pića","Sub-contracted operations as part of manufacturing of distilled, rectified and blended spirits",2025-01-01
11.02,Vino od grožđa,Wine from grape,2025-01-01
11.02.1,Vino od svježega grožđa; mošt od grožđa,Wine of fresh grapes; grape must,2025-01-01
11.02.11,Pjenušavo vino od svježega grožđa,Sparkling wine of fresh grapes,2025-01-01
11.02.12,"Vino od svježega grožđa, osim pjenušavoga vina; mošt od grožđa","Wine of fresh grapes, except sparkling wine; grape must",2025-01-01
11.02.2,"Vino, bezalkoholno","Wine, non-alcoholic",2025-01-01
11.02.20,"Vino, bezalkoholno","Wine, non-alcoholic",2025-01-01
11.02.3,Vinski talog; vinski kamen,Wine lees; argol,2025-01-01
11.02.30,Vinski talog; vinski kamen,Wine lees; argol,2025-01-01
11.02.9,Podugovarateljski poslovi kao dio proizvodnje vina od grožđa,Sub-contracted operations as part of manufacturing of wine from grape,2025-01-01
11.02.99,Podugovarateljski poslovi kao dio proizvodnje vina od grožđa,Sub-contracted operations as part of manufacturing of wine from grape,2025-01-01
11.03,"Ostala fermentirana pića (npr. jabukovača, kruškovača, medovina); miješana pića koja sadržavaju alkohol","Other fermented beverages (e.g., cider, perry, mead); mixed beverages containing alcohol",2025-01-01
11.03.1,"Ostala fermentirana pića (npr. jabukovača, kruškovača, medovina); miješana pića koja sadržavaju alkohol","Other fermented beverages (e.g., cider, perry, mead); mixed beverages containing alcohol",2025-01-01
11.03.10,"Ostala fermentirana pića (npr. jabukovača, kruškovača, medovina); miješana pića koja sadržavaju alkohol","Other fermented beverages (e.g., cider, perry, mead); mixed beverages containing alcohol",2025-01-01
11.03.9,"Podugovarateljski poslovi kao dio proizvodnje ostalih fermentiranih pića (npr. jabukovača, kruškovača, medovina); miješana pića koja sadržavaju alkohol","Sub-contracted operations as part of manufacturing of other fermented beverages (e.g., cider, perry, mead); mixed beverages containing alcohol",2025-01-01
11.03.99,"Podugovarateljski poslovi kao dio proizvodnje ostalih fermentiranih pića (npr. jabukovača, kruškovača, medovina); miješana pića koja sadržavaju alkohol","Sub-contracted operations as part of manufacturing of other fermented beverages (e.g., cider, perry, mead); mixed beverages containing alcohol",2025-01-01
11.04,Ostala nedestilirana fermentirana pića,Other non-distilled fermented beverages,2025-01-01
11.04.1,Ostala nedestilirana fermentirana pića,Other non-distilled fermented beverages,2025-01-01
11.04.10,Ostala nedestilirana fermentirana pića,Other non-distilled fermented beverages,2025-01-01
11.04.9,Podugovarateljski poslovi kao dio proizvodnje ostalih nedestiliranih fermentiranih pića,Sub-contracted operations as part of manufacturing of other non-distilled fermented beverages,2025-01-01
11.04.99,Podugovarateljski poslovi kao dio proizvodnje ostalih nedestiliranih fermentiranih pića,Sub-contracted operations as part of manufacturing of other non-distilled fermented beverages,2025-01-01
11.05,Pivo te talog i otpaci iz pivovara,Beer and brewing dregs,2025-01-01
11.05.1,Pivo,Beer,2025-01-01
11.05.11,"Pivo, alkoholno","Beer, alcoholic",2025-01-01
11.05.12,"Pivo, bezalkoholno","Beer, non-alcoholic",2025-01-01
11.05.2,Talog i otpaci iz pivovara,Brewing dregs,2025-01-01
11.05.20,Talog i otpaci iz pivovara,Brewing dregs,2025-01-01
11.05.9,Podugovarateljski poslovi kao dio proizvodnje piva te taloga i otpadaka iz pivovara,Sub-contracted operations as part of manufacturing of beer and brewing dregs,2025-01-01
11.05.99,Podugovarateljski poslovi kao dio proizvodnje piva te taloga i otpadaka iz pivovara,Sub-contracted operations as part of manufacturing of beer and brewing dregs,2025-01-01
11.06,Slad,Malt,2025-01-01
11.06.1,Slad,Malt,2025-01-01
11.06.10,Slad,Malt,2025-01-01
11.06.9,Podugovarateljski poslovi kao dio proizvodnje slada,Sub-contracted operations as part of manufacturing of malt,2025-01-01
11.06.99,Podugovarateljski poslovi kao dio proizvodnje slada,Sub-contracted operations as part of manufacturing of malt,2025-01-01
11.07,Osvježavajući napitci i flaširana voda,Soft drinks and bottled waters,2025-01-01
11.07.1,Osvježavajući napitci i flaširana voda,Soft drinks and bottled waters,2025-01-01
11.07.11,"Mineralne i gazirane vode, nezaslađene i nearomatizirane","Mineral waters and aerated waters, not sweetened nor flavoured",2025-01-01
11.07.12,Ostala bezalkoholna pića,Other non-alcoholic beverages,2025-01-01
11.07.9,Podugovarateljski poslovi kao dio proizvodnje osvježavajućih napitaka i flaširane vode,Sub-contracted operations as part of manufacturing of soft drinks and bottled waters,2025-01-01
11.07.99,Podugovarateljski poslovi kao dio proizvodnje osvježavajućih napitaka i flaširane vode,Sub-contracted operations as part of manufacturing of soft drinks and bottled waters,2025-01-01
12,Duhanski proizvodi,Tobacco products,2025-01-01
12.0,Duhanski proizvodi,Tobacco products,2025-01-01
12.00,Duhanski proizvodi,Tobacco products,2025-01-01
12.00.1,"Duhanski proizvodi, osim otpadaka","Tobacco products, except refuse",2025-01-01
12.00.11,"Cigare, cigarilosi i cigarete, od duhana ili nadomjestaka duhana","Cigars, cheroots, cigarillos and cigarettes, of tobacco or tobacco substitutes",2025-01-01
12.00.12,"Sušeni, ižiljeni listovi duhana",Cured stemmed/striped tobacco leaves,2025-01-01
12.00.13,Ostali prerađeni duhan i nadomjesci duhana; homogenizirani i rekonstruirani duhan; duhanski ekstrakti i esencije,Other manufactured tobacco and substitutes; homogenised or reconstituted tobacco; tobacco extracts and essences,2025-01-01
12.00.2,Duhanski otpaci,Tobacco refuse,2025-01-01
12.00.20,Duhanski otpaci,Tobacco refuse,2025-01-01
12.00.9,Podugovarateljski poslovi kao dio proizvodnje duhanskih proizvoda,Sub-contracted operations as part of manufacturing of tobacco products,2025-01-01
12.00.99,Podugovarateljski poslovi kao dio proizvodnje duhanskih proizvoda,Sub-contracted operations as part of manufacturing of tobacco products,2025-01-01
13,Tekstil,Textiles,2025-01-01
13.1,Tekstilna pređa i konac,Textile yarn and thread,2025-01-01
13.10,Tekstilna pređa i konac,Textile yarn and thread,2025-01-01
13.10.1,Vunene masti,Wool grease,2025-01-01
13.10.10,Vunene masti,Wool grease,2025-01-01
13.10.2,Prirodna tekstilna vlakna pripremljena za predenje,Natural textile fibres prepared for spinning,2025-01-01
13.10.21,"Sirova svila, nepredena",Raw silk (not thrown),2025-01-01
13.10.22,"Vuna, odmašćena ili karbonizirana, negrebenana ili nečešljana","Wool, degreased or carbonised, not carded or combed",2025-01-01
13.10.23,Iščešak od vune ili fine životinjske dlake,Noils of wool or of fine animal hair,2025-01-01
13.10.24,"Vuna i fina ili gruba životinjska dlaka, grebenana ili češljana","Wool and fine or coarse animal hair, carded or combed",2025-01-01
13.10.25,"Pamuk, grebenani ili češljani","Cotton, carded or combed",2025-01-01
13.10.26,"Juta i ostala tekstilna likova vlakna, prerađena, ali nepredena","Jute and other textile bast fibres, processed but not spun",2025-01-01
13.10.27,"Ostala biljna tekstilna vlakna, prerađena, ali nepredena","Other vegetable textile fibres, processed but not spun",2025-01-01
13.10.3,Umjetna ili sintetička rezana tekstilna vlakna pripremljena za predenje,Man-made textile staple fibres processed for spinning,2025-01-01
13.10.31,"Sintetička rezana vlakna, grebenana, češljana ili na drugi način pripremljena za predenje","Synthetic staple fibres, carded, combed or otherwise processed for spinning",2025-01-01
13.10.32,"Umjetna rezana vlakna, grebenana, češljana ili na drugi način pripremljena za predenje","Artificial staple fibres, carded, combed or otherwise processed for spinning",2025-01-01
13.10.4,Svilena pređa i pređa od svilenih otpadaka,Silk yarn and yarn spun from silk waste,2025-01-01
13.10.40,Svilena pređa i pređa od svilenih otpadaka,Silk yarn and yarn spun from silk waste,2025-01-01
13.10.5,"Pređa od vune, pripremljena ili nepripremljena za maloprodaju; pređa od fine ili grube životinjske dlake ili konjske dlake",Yarn of wool put up or not put up for retail store; yarn of fine or coarse animal hair or of horse hair,2025-01-01
13.10.50,"Pređa od vune, pripremljena ili nepripremljena za maloprodaju; pređa od fine ili grube životinjske dlake ili konjske dlake",Yarn of wool put up or not put up for retail store; yarn of fine or coarse animal hair or of horse hair,2025-01-01
13.10.6,Pamučna pređa; pamučni konac za šivanje,Cotton yarn; cotton sewing thread,2025-01-01
13.10.61,Pamučna pređa (osim konca za šivanje),Cotton yarn (other than sewing thread),2025-01-01
13.10.62,Pamučni konac za šivanje,Cotton sewing thread,2025-01-01
13.10.7,Pređa od biljnih tekstilnih vlakana osim pamuka; papirna pređa,Yarn of vegetable textile fibres other than cotton; paper yarn,2025-01-01
13.10.71,Lanena pređa,Flax yarn,2025-01-01
13.10.72,Pređa od jute ili ostalih tekstilnih likovih vlakana; pređa od ostalih biljnih tekstilnih vlakana; papirna pređa,Yarn of jute or of other textile bast fibres; yarn of other vegetable textile fibres; paper yarn,2025-01-01
13.10.8,Tekstilna pređa te konac od sintetičkih ili umjetnih filamenata ili rezanih vlakana,Textile yarn and thread of man-made filaments or staple fibres,2025-01-01
13.10.81,"Pređa od sintetičkih ili umjetnih filamenata, višestruka ili u obliku konopa (osim konca za šivanje, pređe velike čvrstoće od poliamida, poliestera ili viskoznog rajona), nepripremljena za maloprodaju; pređa od sintetičkih ili umjetnih filamenata (osim konca za šivanje), pripremljena za maloprodaju","Yarn of man-made filaments, multiple or cabled (other than sewing thread, high tenacity yarn of polyamides, polyesters or viscose rayon), not put up for retail sale; man-made filament yarn (other than sewing thread) put up for retail sale",2025-01-01
13.10.82,"Pređa, osim konca za šivanje, od rezanih sintetičkih vlakana s udjelom takvih vlakana ≥ 85 %","Yarn other than sewing thread of synthetic staple fibres, containing ≥ 85% by weight of such fibres",2025-01-01
13.10.83,Pređa (osim konca za šivanje) od rezanih sintetičkih vlakana s udjelom takvih vlakana < 85 %,"Yarn (other than sewing thread) of synthetic staple fibres, containing < 85% by weight of such fibres",2025-01-01
13.10.84,"Pređa (osim konca za šivanje), od umjetnih rezanih vlakana",Yarn (other than sewing thread) of artificial staple fibres,2025-01-01
13.10.85,Šivaća pređa i konac za šivanje od umjetnih i sintetičkih filamenata i vlakana,Sewing thread and yarn of artificial and synthetic filaments and fibres,2025-01-01
13.10.9,Raščupani tekstilni materijali; usluge pripremanja prirodnih tekstilnih vlakana: podugovarateljski poslovi kao dio proizvodnje tekstilne pređe i konca,Garnetted stock; preparation services of natural textile fibres; sub-contracted operations as part of manufacturing of textile yarn and thread,2025-01-01
13.10.91,Raščupani tekstilni materijali od vune ili od fine ili grube životinjske dlake,Garnetted stock of wool or of fine or coarse animal hair,2025-01-01
13.10.92,Raščupani tekstilni materijali i ostali otpaci od pamuka,Garnetted stock and other cotton waste,2025-01-01
13.10.93,Usluge pripremanja prirodnih tekstilnih vlakna,Preparation services of natural textile fibres,2025-01-01
13.10.99,Podugovarateljski poslovi kao dio proizvodnje pređe i konca,Sub-contracted operations as part of manufacturing of textile yarn and thread,2025-01-01
13.2,Tkanine,Woven textiles,2025-01-01
13.20,Tkanine,Woven textiles,2025-01-01
13.20.1,"Tkanine (osim specijalnih tkanina), od prirodnih vlakana, osim pamučnih","Woven fabrics (except special fabrics), of natural fibres other than cotton",2025-01-01
13.20.11,Svilene tkanine ili tkanine od svilenih otpadaka,Woven fabrics of silk or of silk waste,2025-01-01
13.20.12,Tkanine od grebenane ili češljane vune ili od fine ili grube životinjske dlake ili konjske dlake,Woven fabrics carded or combed wool or fine animal hair or of coarse animal hair or of horsehair,2025-01-01
13.20.13,Lanene tkanine,Woven fabrics of flax,2025-01-01
13.20.14,Tkanine od jute i ostalih tekstilnih likovih vlakana,Woven fabrics of jute and other textile bast fibres,2025-01-01
13.20.15,Tkanine od ostalih biljnih tekstilnih vlakana; tkanine od papirne pređe,Woven fabrics of other vegetable textile fibres; woven fabrics of paper yarn,2025-01-01
13.20.2,Pamučne tkanine,Woven fabrics of cotton,2025-01-01
13.20.20,Pamučne tkanine,Woven fabrics of cotton,2025-01-01
13.20.3,"Tkanine (osim specijalnih tkanina), od sintetičkih ili umjetnih filamenata i rezanih vlakana","Woven fabrics (except special fabrics), of man-made filaments and staple fibres",2025-01-01
13.20.31,Tkanine od sintetičke i umjetne filamentne pređe,Woven fabrics of synthetic filament yarn and artificial filament yarn,2025-01-01
13.20.32,Tkanine od sintetičkih rezanih vlakana,Woven fabrics of synthetic staple fibres,2025-01-01
13.20.33,Tkanine od umjetnih rezanih vlakana,Woven fabrics of artificial staple fibres,2025-01-01
13.20.4,"Tkanine s florom (baršunaste tkanine), frotir tkanine za ručnike i ostale specijalne tkanine","Pile fabrics, terry towelling and other special fabrics",2025-01-01
13.20.41,Tkanine s florom (baršunaste tkanine) i šenil-pređa (osim frotira i uskih tkanina),Woven pile fabrics and chenille fabrics (other than terry towelling and narrow fabrics),2025-01-01
13.20.42,Frotir tkanine za ručnike i slične frotir tkanine od pamuka (osim uskih tkanina),Terry towelling and similar woven terry fabrics (other than narrow fabrics) of cotton,2025-01-01
13.20.43,Ostale frotir tkanine za ručnike i slične frotir tkanine (osim uskih tkanina),Other terry towelling and similar woven terry fabrics (other than narrow fabrics),2025-01-01
13.20.44,Gaza (osim uskih tkanina),Gauze (other than narrow fabrics),2025-01-01
13.20.45,"Tkanine dobivene taftingom, osim sagova","Tufted textile fabrics, other than carpets",2025-01-01
13.20.5,Umjetno krzno dobiveno tkanjem,Imitation fur manufactured by weaving,2025-01-01
13.20.50,Umjetno krzno dobiveno tkanjem,Imitation fur manufactured by weaving,2025-01-01
13.20.9,Podugovarateljski poslovi kao dio proizvodnje tkanina,Sub-contracted operations as part of manufacturing of woven textiles,2025-01-01
13.20.99,Podugovarateljski poslovi kao dio proizvodnje tkanina,Sub-contracted operations as part of manufacturing of woven textiles,2025-01-01
13.3,Usluge dovršavanja tekstila,Textile finishing services,2025-01-01
13.30,Usluge dovršavanja tekstila,Textile finishing services,2025-01-01
13.30.0,Usluge dovršavanja tekstila,Textile finishing services,2025-01-01
13.30.01,Usluge bijeljenja i bojenja tekstilnih vlakana i pređe,Bleaching and dyeing services of textile fibres and yarns,2025-01-01
13.30.02,Usluge bijeljenja tkanina i tekstilnih proizvoda,Bleaching services of fabrics and textile articles,2025-01-01
13.30.03,Usluge bojenja tkanina i tekstilnih proizvoda,Dyeing services of fabrics and textile articles,2025-01-01
13.30.04,Ostale usluge dovršavanja tekstila i tekstilnih proizvoda,Other finishing services of textiles and textile articles,2025-01-01
13.9,Ostali tekstil,Other textiles,2025-01-01
13.91,Pletene i kukičane tkanine,Knitted and crocheted fabrics,2025-01-01
13.91.1,Pletene i kukičane tkanine,Knitted and crocheted fabrics,2025-01-01
13.91.11,"Tkanine s florom i frotir tkanine, pletene i kukičane","Pile fabrics, terry fabrics, knitted and crocheted",2025-01-01
13.91.12,Ostale pletene i kukičane tkanine,Other knitted and crocheted fabrics,2025-01-01
13.91.9,Podugovarateljski poslovi kao dio proizvodnje pletenih i kukičanih tkanina,Sub-contracted operations as part of manufacturing of knitted and crocheted fabrics,2025-01-01
13.91.99,Podugovarateljski poslovi kao dio proizvodnje pletenih i kukičanih tkanina,Sub-contracted operations as part of manufacturing of knitted and crocheted fabrics,2025-01-01
13.92,Tekstilni proizvodi za kućanstvo i gotovi proizvodi za pokućstvo,Household textiles and made-up furnishing articles,2025-01-01
13.92.1,Gotovi tekstilni proizvodi za kućanstvo,Made-up textile articles for the household,2025-01-01
13.92.11,"Pokrivači i prostirke za izlete, osim električnih pokrivača","Blankets and travelling rugs, except electric blankets",2025-01-01
13.92.12,Posteljno rublje,Bed linen,2025-01-01
13.92.13,Stolno rublje,Table linen,2025-01-01
13.92.14,Toaletno i kuhinjsko rublje,Toilet and kitchen linen,2025-01-01
13.92.15,Zavjese i unutarnje platnene rolete; ukrasne draperije za prozore i krevete,Curtains and interior blinds; curtain or bed valances,2025-01-01
13.92.16,"Ostali proizvodi za pokućstvo; kompleti od tkanine i pređe za izradu prostirki, tapiserija i slično","Other furnishing articles; sets of woven fabric and yarn for making up into rugs, tapestries and the like",2025-01-01
13.92.2,Ostali gotovi tekstilni proizvodi,Other made-up textile articles,2025-01-01
13.92.21,Vreće i vrećice za pakiranje robe,"Sacks and bags, of a kind used for the packing of goods",2025-01-01
13.92.22,"Popluni, perine, jastuci, jastučići, vreće za spavanje i slično, s oprugama ili punjeni ili iznutra obloženi bilo kakvim materijalom ili od celularne gume ili plastične mase","Quilts, eiderdowns, cushions, pouffes, pillows, sleeping bags and the like, fitted with springs or stuffed or internally fitted with any material or of cellular rubber or plastic",2025-01-01
13.92.29,"Ostali gotovi tekstilni proizvodi, d. n.",Other made-up textile articles n.e.c.,2025-01-01
13.92.9,Podugovarateljski poslovi kao dio proizvodnje tekstilnih proizvoda za kućanstvo i gotovih proizvoda za pokućstvo,Sub-contracted operations as part of manufacturing of household textiles and made-up furnishing articles,2025-01-01
13.92.99,Podugovarateljski poslovi kao dio proizvodnje tekstilnih proizvoda za kućanstvo i gotovih proizvoda za pokućstvo,Sub-contracted operations as part of manufacturing of household textiles and made-up furnishing articles,2025-01-01
13.93,Tepisi i sagovi,Carpets and rugs,2025-01-01
13.93.1,Tepisi i sagovi,Carpets and rugs,2025-01-01
13.93.11,"Sagovi i ostale tekstilne prostirke za pod, uzlani","Carpets and other textile floor coverings, knotted",2025-01-01
13.93.12,"Sagovi i ostale tekstilne prostirke za pod, tkani, nedobiveni taftingom niti flokirani","Carpets and other textile floor coverings, woven, not tufted or flocked",2025-01-01
13.93.13,"Sagovi i ostale tekstilne prostirke za pod, dobiveni taftingom","Carpets and other textile floor coverings, tufted",2025-01-01
13.93.14,Ostali sagovi i tekstilne prostirke za pod,Other carpets and textile floor coverings,2025-01-01
13.93.9,Podugovarateljski poslovi kao dio proizvodnje tepiha i sagova,Sub-contracted operations as part of manufacturing of carpets and rugs,2025-01-01
13.93.99,Podugovarateljski poslovi kao dio proizvodnje tepiha i sagova,Sub-contracted operations as part of manufacturing of carpets and rugs,2025-01-01
13.94,"Užad, konopci, upleteni konac i mreže","Cordage, rope, twine and netting",2025-01-01
13.94.1,"Užad, konopci, upleteni konac i mreže","Cordage, rope, twine and netting, except waste",2025-01-01
13.94.11,"Upleteni konac, užad, konopci i kablovi od jute ili drugih tekstilnih likovih vlakana","Twine, cordage, rope and cables, of jute or other textile bast fibres",2025-01-01
13.94.12,"Uzlani mrežasti proizvodi od upletenoga konca, užadi i konopaca; gotove ribarske i ostale mreže; ostali proizvodi od pređe i vrpce","Knotted netting of twine, cordage or rope, made up nets of textile materials; other articles of yarn, strip",2025-01-01
13.94.2,"Krpe, ostaci upletenoga konca, užadi, konopca, kablova i neupotrebljivi proizvodi od tekstilnih materijala","Rags, scrap twine, cordage, rope and cables and worn-out articles of textile materials",2025-01-01
13.94.20,"Krpe, ostaci upletenoga konca, užadi, konopca, kablova i neupotrebljivi proizvodi od tekstilnih materijala","Rags, scrap twine, cordage, rope and cables and worn-out articles of textile materials",2025-01-01
13.94.9,"Podugovarateljski poslovi kao dio proizvodnje užadi, konopaca, upletenoga konca i mreža","Sub-contracted operations as part of manufacturing of cordage, rope, twine and netting",2025-01-01
13.94.99,"Podugovarateljski poslovi kao dio proizvodnje užadi, konopaca, upletenoga konca i mreža","Sub-contracted operations as part of manufacturing of cordage, rope, twine and netting",2025-01-01
13.95,Netkani tekstil i netkani proizvodi,Non-wovens and non-woven articles,2025-01-01
13.95.1,Netkani tekstil i netkani proizvodi,Non-wovens and non-woven articles,2025-01-01
13.95.10,Netkani tekstil i netkani proizvodi,Non-wovens and non-woven articles,2025-01-01
13.95.9,Podugovarateljski poslovi kao dio proizvodnje netkanog tekstila i netkanih proizvoda,Sub-contracted operations as part of manufacturing of non-wovens and non-woven articles,2025-01-01
13.95.99,Podugovarateljski poslovi kao dio proizvodnje netkanog tekstila i netkanih proizvoda,Sub-contracted operations as part of manufacturing of non-wovens and non-woven articles,2025-01-01
13.96,Ostali tehnički i industrijski tekstil,Other technical and industrial textiles,2025-01-01
13.96.1,Metalizirana pređa ili metalizirana obavijena pređa; tkanine od metalnih niti i tkanine od metalizirane pređe; niti i kord od gume prekriveni tekstilom te tekstilni proizvodi i predmeti za tehničku uporabu,"Metallised yarn or metallised gimped yarn; woven fabrics of metal thread and woven fabrics of metallised yarn; rubber thread and cord, textile covered and textile products and articles for technical uses",2025-01-01
13.96.11,Metalizirana pređa ili metalizirana obavijena pređa,Metallised yarn or metallised gimped yarn,2025-01-01
13.96.12,Ostale tkanine od metalnih niti i tkanine od metalizirane pređe,Other woven fabrics of metal thread and woven fabrics of metallised yarn,2025-01-01
13.96.13,"Niti i kord od gume prekriveni tekstilom; tekstilna pređa i vrpce, impregnirane ili prekrivene gumom ili plastičnom masom","Rubber thread and cord, textile covered; textile yarn and strip, impregnated or covered with rubber or plastics",2025-01-01
13.96.14,"Ostale tekstilne tkanine, impregnirane, prevučene ili prekrivene","Other textile fabrics, impregnated, coated or covered",2025-01-01
13.96.15,"Kord tkanine za autogume od najlonske pređe ili drugih poliamida, poliestera ili viskoznog rajona, velike čvrstoće","Tyre cord fabric of high tenacity yarn of nylon or other polyamides, polyesters or viscose rayon",2025-01-01
13.96.16,Tekstilni proizvodi i predmeti za tehničku uporabu,Textile products and articles for technical uses,2025-01-01
13.96.17,Uske tkanine; uski materijali koji se sastoje samo od niti osnove koje su međusobno slijepljene (bolducs); ukrasne vrpce i slično,Narrow woven fabrics; narrow fabrics of warp without weft assembled by adhesive (bolducs); trimmings and the like,2025-01-01
13.96.18,Tkanine od staklenih vlakana,Woven fabrics of glass fibres,2025-01-01
13.96.2,"Cerade, nadstrešnice, jedra za plovila, šatori i oprema za kampiranje, padobrani i padobranska krila (rotošuti) te slični proizvodi","Tarpaulins, awnings, sails for boats, tents and camping goods, parachutes and rotochutes and similar products",2025-01-01
13.96.21,"Cerade, nadstrešnice i vanjski platneni zastori; jedra za plovila, daske za jedrenje i suhozemna vozila; šatori i oprema za kampiranje","Tarpaulins, awnings and sunblinds; sails for boats, sailboards or landcraft; tents and camping goods",2025-01-01
13.96.22,Padobrani i padobranska krila (rotošuti); njihovi dijelovi,Parachutes and rotochutes; parts thereof,2025-01-01
13.96.9,Podugovarateljski poslovi kao dio proizvodnje ostalog tehničkog i industrijskog tekstila,Sub-contracted operations as part of manufacturing of other technical and industrial textiles,2025-01-01
13.96.99,Podugovarateljski poslovi kao dio proizvodnje ostalog tehničkog i industrijskog tekstila,Sub-contracted operations as part of manufacturing of other technical and industrial textiles,2025-01-01
13.99,"Ostali tekstil, d. n.",Other textiles n.e.c.,2025-01-01
13.99.1,"Ostali tekstil, d. n.",Other textiles n.e.c.,2025-01-01
13.99.11,"Til i drugi mrežasti materijali, osim tkanih, pletenih ili kukičanih materijala; čipka u metraži, vrpcama ili motivima","Tulles and other net fabrics, except woven, knitted or crocheted fabrics; lace in the piece, in strips or in motifs",2025-01-01
13.99.12,"Vez u metraži, vrpcama ili motivima","Embroidery in the piece, in strips or in motifs",2025-01-01
13.99.13,"Pust (filc), prevučen, prekriven ili laminiran","Felt, coated, covered or laminated",2025-01-01
13.99.14,"Tekstilna vlakna dužine ≤ 5 mm (flok), prah i nope od tekstilnog materijala","Textile fibres ≤ 5 mm in length (flock), textile dust and mill neps",2025-01-01
13.99.15,Obavijena pređa i vrpce; šenil-pređa; efektna pređa s petljama,Gimped yarn and strip; chenille yarn; loop wale-yarn,2025-01-01
13.99.16,Punjeni tekstilni proizvodi u metraži,Quilted textile products in the piece,2025-01-01
13.99.19,"Ostali materijali i tekstilni proizvodi, d. n.",Other textiles and textile products n.e.c.,2025-01-01
13.99.9,"Podugovarateljski poslovi kao dio proizvodnje ostalog tekstila, d. n.",Sub-contracted operations as part of manufacturing of other textiles n.e.c.,2025-01-01
13.99.99,"Podugovarateljski poslovi kao dio proizvodnje ostalog tekstila, d. n.",Sub-contracted operations as part of manufacturing of other textiles n.e.c.,2025-01-01
14,Odjeća,Wearing apparel,2025-01-01
14.1,Pletena i kukičana odjeća,Knitted and crocheted apparel,2025-01-01
14.10,Pletena i kukičana odjeća,Knitted and crocheted apparel,2025-01-01
14.10.1,"Čarape s gaćicama, čarape s gaćicama bez stopala, čarape, kratke čarape i druge čarape, pletene ili kukičane","Pantyhose, tights, stockings, socks and other hosiery, knitted or crocheted",2025-01-01
14.10.11,"Čarape s gaćicama, čarape s gaćicama bez stopala, čarape, kratke čarape i druge čarape (osim gradiranih steznih čarapa), pletene ili kukičane","Pantyhose, tights, stockings, socks and other hosiery (excluding graduated compression hosiery), knitted or crocheted",2025-01-01
14.10.12,Gradirane stezne čarape,Graduated compression hosiery,2025-01-01
14.10.2,"Rublje i T-majice, pleteni ili kukičani","Underwear and T-shirts, knitted or crocheted",2025-01-01
14.10.21,"Gaće, noćne košulje, pidžame, ogrtači za kupanje, kućni ogrtači i slični proizvodi za muškarce ili dječake, pleteni ili kukičani","Men's or boys' underpants, briefs, nightshirts, pyjamas, bathrobes, dressing gowns and similar articles, knitted or crocheted",2025-01-01
14.10.22,"Kombinei, podsuknje, gaćice, spavaćice, pidžame, jutarnje haljine, ogrtači za kupanje, kućni ogrtači i slični proizvodi, za žene ili djevojčice, pleteni ili kukičani  ","Women's or girls' slips, petticoats, briefs, panties, nightdresses, pyjamas, negligees, bathrobes, dressing gowns and similar articles, knitted or crocheted  ",2025-01-01
14.10.23,"T-majice, potkošulje i druge majice bez rukava, pletene ili kukičane","T-shirts, singlets and other vests, knitted or crocheted",2025-01-01
14.10.3,"Vanjska odjeća za muškarce ili dječake, pletena ili kukičana","Men's or boys' outerwear, knitted or crocheted",2025-01-01
14.10.31,"Košulje za muškarce ili dječake, pletene ili kukičane","Men's or boys' shirts, knitted or crocheted",2025-01-01
14.10.32,"Kaputi, kratki kaputi, pelerine, ogrtači, anoraci, vjetrovke, bluzoni i slični proizvodi, za muškarce ili dječake, pleteni ili kukičani  ","Men's or boys' overcoats, car coats, capes, cloaks, anoraks, windcheaters, wind-jackets and similar articles, knitted or crocheted  ",2025-01-01
14.10.33,"Odijela, kompleti, jakne, sakoi (blejzeri), hlače, hlače s plastronom i naramenicama, hlače stisnute ispod koljena i kratke hlače, za muškarce ili dječake, pleteni ili kukičani  ","Men's or boys' suits, ensembles, jackets, blazers, trousers, bib and brace overalls, breeches and shorts, knitted or crocheted  ",2025-01-01
14.10.4,"Vanjska odjeća za žene ili djevojčice, pletena ili kukičana","Women's or girls' outerwear, knitted or crocheted",2025-01-01
14.10.41,"Bluze, košulje i košulje-bluze za žene ili djevojčice, pletene ili kukičane","Women's or girls' blouses, shirts and shirt-blouses, knitted or crocheted",2025-01-01
14.10.42,"Kaputi, kratki kaputi, pelerine, ogrtači, anoraci, vjetrovke, bluzoni i slični proizvodi, za žene ili djevojčice, pleteni ili kukičani  ","Women's or girls' overcoats, car coats, capes, cloaks, anoraks, windcheaters, wind-jackets and similar articles, knitted or crocheted  ",2025-01-01
14.10.43,"Kostimi, kompleti, jakne, sakoi (blejzeri), haljine, suknje, suknje-hlače, hlače, hlače s plastronom i naramenicama, hlače stisnute ispod koljena i kratke hlače, za žene ili djevojčice, pleteni ili kukičani  ","Women's or girls' suits, ensembles, jackets, blazers, dresses, skirts, divided skirts, trousers, bib and brace overalls, breeches and shorts, knitted or crocheted  ",2025-01-01
14.10.5,"Ostala odjeća, pletena ili kukičana","Other wearing apparel, knitted or crocheted",2025-01-01
14.10.51,"Džemperi, puloveri, prsluci i slični proizvodi, pleteni ili kukičani ","Jerseys, pullovers, cardigans, waistcoats and similar articles, knitted or crocheted ",2025-01-01
14.10.52,"Odjeća za dojenčad i malu djecu, pletena ili kukičana  ","Babies' garments, knitted or crocheted  ",2025-01-01
14.10.53,"Trenirke, skijaška odijela, kupaće gaće i kostimi i ostala odjeća za sport i rekreaciju, pletena ili kukičana","Tracksuits, ski suits, swimwear and other garments, knitted or crocheted",2025-01-01
14.10.9,Podugovarateljski poslovi kao dio proizvodnje pletene i kukičane odjeće,Sub-contracted operations as part of manufacturing knitted and crocheted apparel,2025-01-01
14.10.99,Podugovarateljski poslovi kao dio proizvodnje pletene i kukičane odjeće,Sub-contracted operations as part of manufacturing knitted and crocheted apparel,2025-01-01
14.2,Ostala odjeća i pribor za odjeću,Other wearing apparel and accessories,2025-01-01
14.21,Vanjska odjeća,Outerwear,2025-01-01
14.21.1,"Vanjska odjeća za muškarce ili dječake, osim pletene ili kukičane","Outerwear for men and boys, other than knitted or crocheted",2025-01-01
14.21.11,"Kaputi, kišni kaputi, kratki kaputi, pelerine, ogrtači, anoraci, vjetrovke, bluzoni i slični proizvodi, od tkanina, za muškarce ili dječake, osim pletenih ili kukičanih  ","Men's or boys' overcoats, raincoats, car coats, capes, cloaks, anoraks, wind-cheaters, wind-jackets and similar articles, of textile fabrics, other than knitted or crocheted  ",2025-01-01
14.21.12,"Odijela i kompleti od tkanina, za muškarce ili dječake, osim pletenih ili kukičanih  ","Men's or boys' suits and ensembles, of textile fabrics, other than knitted or crocheted  ",2025-01-01
14.21.13,"Jakne i sakoi od tkanina, za muškarce ili dječake, osim pletenih ili kukičanih  ","Men's or boys' jackets and blazers, of textile fabrics, other than knitted or crocheted  ",2025-01-01
14.21.14,"Hlače, hlače s plastronom i naramenicama, hlače stisnute ispod koljena i kratke hlače, od tkanina, za muškarce ili dječake, osim pletenih ili kukičanih  ","Men's or boys' trousers, bib and brace overalls, breeches and shorts, of textile fabrics, other than knitted or crocheted  ",2025-01-01
14.21.15,"Košulje i T-majice od tkanina, za muškarce ili dječake, osim pletenih ili kukičanih  ","Men's or boys' shirts and T-shirts, of textile fabric, other than knitted or crocheted  ",2025-01-01
14.21.2,"Vanjska odjeća za žene i djevojčice, osim pletene ili kukičane  ","Outerwear for women and girls, other than knitted or crocheted  ",2025-01-01
14.21.21,"Kaputi, kratki kaputi, pelerine, ogrtači, anoraci, vjetrovke, bluzoni i slični proizvodi, od tkanina, za žene ili djevojčice, osim pletenih ili kukičanih  ","Women's or girls' overcoats, car coats, capes, cloaks, anoraks, wind-cheaters, wind-jackets and similar articles, of textile fabrics, other than knitted or crocheted  ",2025-01-01
14.21.22,"Odijela i kompleti od tkanina, za žene ili djevojčice, osim pletenih ili kukičanih  ","Women's or girls' suits and ensembles, of textile fabrics, other than knitted or crocheted  ",2025-01-01
14.21.23,"Jakne i sakoi od tkanina, za žene ili djevojčice, osim pletenih ili kukičanih  ","Women's or girls' jackets and blazers, of textile fabrics, other than knitted or crocheted  ",2025-01-01
14.21.24,"Haljine, suknje i suknje-hlače od tkanina, za žene ili djevojčice, osim pletenih ili kukičanih  ","Women's or girls' dresses, skirts and divided skirts, of textile fabrics, other than knitted or crocheted  ",2025-01-01
14.21.25,"Hlače, hlače s plastronom i naramenicama, hlače stisnute ispod koljena i kratke hlače, od tkanina, za žene ili djevojčice, osim pletenih ili kukičanih  ","Women's or girls' trousers, bib and brace overalls, breeches and shorts, of textile fabrics, other than knitted or crocheted  ",2025-01-01
14.21.26,"Bluze, košulje, košulje-bluze i T-majice, od tkanina, za žene ili djevojčice, osim pletenih ili kukičanih  ","Women's or girls' blouses, shirts, shirt-blouses and T-shirts, of textile fabric, other than knitted or crocheted  ",2025-01-01
14.21.3,"Vanjska odjeća za dojenčad i malu djecu, osim pletene ili kukičane  ","Outerwear for babies, other than knitted or crocheted  ",2025-01-01
14.21.30,"Vanjska odjeća za dojenčad i malu djecu, osim pletene ili kukičane  ","Outerwear for babies, other than knitted or crocheted  ",2025-01-01
14.21.9,Podugovarateljski poslovi kao dio proizvodnje vanjske odjeće,Sub-contracted operations as part of manufacturing of outerwear,2025-01-01
14.21.99,Podugovarateljski poslovi kao dio proizvodnje vanjske odjeće,Sub-contracted operations as part of manufacturing of outerwear,2025-01-01
14.22,"Rublje, osim pletenog ili kukičanog  ","Underwear, other than knitted or crocheted  ",2025-01-01
14.22.1,"Rublje, osim pletenog ili kukičanog","Underwear, other than knitted or crocheted",2025-01-01
14.22.11,"Potkošulje, majice bez rukava i ostale majice, gaće, noćne košulje, pidžame, ogrtači za kupanje, odjeća za plivanje, kućni ogrtači i slični proizvodi, od tkanina, za muškarce ili dječake, osim pletenih ili kukičanih  ","Men's or boys' singlets and other vests, underpants, briefs, nightshirts, pyjamas, bathrobes, swimwear, dressing gowns and similar articles, of textile fabric, other than knitted or crocheted  ",2025-01-01
14.22.12,"Potkošulje, majice bez rukava i ostale majice, kombinei, podsuknje, gaće, spavaćice, pidžame, jutarnje haljine, ogrtači za kupanje, odjeća za plivanje, kućni ogrtači i slični proizvodi, od tkanina, za žene ili djevojčice, osim pletenih i kukičanih  ","Women's and girls' singlets and other vests, slips, petticoats, briefs, panties, nightdresses, pyjamas, negligees, bathrobes, swimwear, dressing gowns and similar articles, of textile fabric, other than knitted or crocheted  ",2025-01-01
14.22.13,"Grudnjaci, steznici, korzeti, naramenice, podvezice za čarape i slični proizvodi i njihovi dijelovi, pleteni ili kukičani ili ne  ","Brassieres, girdles, corsets, braces, suspenders, garters and similar articles and parts thereof, whether or not knitted or crocheted  ",2025-01-01
14.22.14,"Rublje za dojenčad i malu djecu, od tkanine, osim pletenog ili kukičanog  ","Underwear for babies, of textile fabric, other than knitted or crocheted  ",2025-01-01
14.22.9,"Podugovarateljski poslovi kao dio proizvodnje rublja, osim pletenog ili kukičanog  ","Sub-contracted operations as part of manufacturing of underwear, other than knitted or crocheted  ",2025-01-01
14.22.99,"Podugovarateljski poslovi kao dio proizvodnje rublja, osim pletenog ili kukičanog  ","Sub-contracted operations as part of manufacturing of underwear, other than knitted or crocheted  ",2025-01-01
14.23,Radna odjeća,Workwear,2025-01-01
14.23.1,Muška radna odjeća,Men's workwear,2025-01-01
14.23.11,"Muški radni kompleti, jakne i sakoi (blejzeri), kao dio radne odjeće","Men's ensembles, jackets and blazers, industrial and occupational",2025-01-01
14.23.12,"Muške radne hlače, radne hlače s plastronom i naramenicama, hlače stisnute ispod koljena i kratke hlače, kao dio radne odjeće","Men's trousers, bib and brace overalls, breeches and shorts, industrial and occupational",2025-01-01
14.23.2,Ženska radna odjeća,Women's workwear,2025-01-01
14.23.21,"Ženski radni kompleti, jakne i sakoi (blejzeri), kao dio radne odjeće","Women's ensembles, jackets and blazers, industrial and occupational",2025-01-01
14.23.22,"Ženske radne hlače, radne hlače s plastronom i naramenicama, hlače stisnute ispod koljena i kratke hlače, kao dio radne odjeće","Women's trousers, bib and brace overalls, breeches and sorts, industrial and occupational",2025-01-01
14.23.3,Ostala radna odjeća,Other workwear,2025-01-01
14.23.30,Ostala radna odjeća,Other workwear,2025-01-01
14.23.9,Podugovarateljski poslovi kao dio proizvodnje radne odjeće,Sub-contracted operations as part of manufacturing of workwear,2025-01-01
14.23.99,Podugovarateljski poslovi kao dio proizvodnje radne odjeće,Sub-contracted operations as part of manufacturing of workwear,2025-01-01
14.24,Kožna odjeća i proizvodi od krzna,Leather clothes and fur apparel,2025-01-01
14.24.1,Odjeća od kože ili od umjetne kože,Apparel of leather or of composition of leather,2025-01-01
14.24.10,Odjeća od kože ili od umjetne kože,Apparel of leather or of composition of leather,2025-01-01
14.24.2,"Odjeća, pribor za odjeću i ostali proizvodi od krzna, osim pokrivala za glavu","Articles of apparel, clothing accessories and other articles of fur skin, except headgear",2025-01-01
14.24.20,"Odjeća, pribor za odjeću i ostali proizvodi od krzna, osim pokrivala za glavu","Articles of apparel, clothing accessories and other articles of fur skin, except headgear",2025-01-01
14.24.9,Podugovarateljski poslovi kao dio proizvodnje kožne odjeće i proizvoda od krzna,Sub-contracted operations as part of manufacturing of leather clothes and fur apparel,2025-01-01
14.24.98,Podugovarateljski poslovi kao dio proizvodnje kožne odjeće,Sub-contracted operations as part of manufacturing of leather clothes,2025-01-01
14.24.99,Podugovarateljski poslovi kao dio proizvodnje proizvoda od krzna,Sub-contracted operations as part of manufacturing of fur apparel,2025-01-01
14.29,"Ostala odjeća i pribor za odjeću, d. n.",Other wearing apparel and accessories n.e.c.,2025-01-01
14.29.1,"Ostala odjeća i ostali gotovi pribor za odjeću te njihovi dijelovi, od tekstila ","Other garments and other made-up clothing accessories and parts, of textile fabric ",2025-01-01
14.29.11,"Trenirke, skijaška odijela i ostala odjeća za sport i rekreaciju, osim pletene ili kukičane  ","Tracksuits, ski suits and other sportswear, other than knitted or crocheted  ",2025-01-01
14.29.12,"Rukavice, rukavice s jednim prstom i rukavice bez prstiju, pletene ili kukičane  ","Gloves, mittens and mitts, knitted or crocheted  ",2025-01-01
14.29.13,"Ostali gotovi pribor za odjeću, dijelovi odjeće ili pribora za odjeću, pleteni ili kukičani ","Other made-up clothing accessories and parts of garments or of clothing accessories, knitted or crocheted ",2025-01-01
14.29.14,"Rupčići, šalovi, marame, velovi, kravate, rukavice i ostali gotovi pribor za odjeću; dijelovi odjeće ili pribora za odjeću, od tkanine, osim pletenih ili kukičanih, d. n.  ","Handkerchiefs, shawls, scarves, veils, ties, cravats, gloves and other made-up clothing accessories; parts of garments or of clothing accessories, of textile fabric, other than knitted or crocheted, n.e.c.  ",2025-01-01
14.29.2,Pribor za odjeću od kože; odjeća od pusta (filca) ili netkanog tekstila; odjeća od prevučenog tekstila  ,Clothing accessories of leather; garments made up of felt or non-wovens; garments made up of coated textile fabrics  ,2025-01-01
14.29.21,"Pribor za odjeću od kože ili umjetne kože, osim sportskih rukavica  ","Clothing accessories of leather or of composition leather, except sports gloves  ",2025-01-01
14.29.22,"Odjeća od pusta (filca) ili netkanog tekstila, odjeća od prevučenog ili impregniranog tekstila  ","Garments made up of felt or non-wovens, textile fabrics impregnated or coated  ",2025-01-01
14.29.3,Šeširi i kape ,Hats and headgear ,2025-01-01
14.29.31,"Oblici za šešire, tijela šešira i kape od pusta; tuljci i konusi od pusta; oblici za šešire, pleteni ili izrađeni sastavljanjem vrpci raznih materijala  ","Hat forms, hat bodies and hoods of felt; plateaux and manchons of felt; hat shapes, plaited or made by assembling strips of any material  ",2025-01-01
14.29.32,"Šeširi i pokrivala za glavu od pusta, pleteni ili izrađeni sastavljanjem vrpci od bilo kojeg materijala, pleteni ili kukičani ili izrađeni od čipke ili neke druge tkanina u komadu; mrežice za kosu ","Hats and other headgear, of felt, or plaited or made by assembling strips of any material, or knitted or crocheted or made up from lace or other textile fabric in the piece; hairnets ",2025-01-01
14.29.33,"Ostala pokrivala za glavu, osim pokrivala od gume ili plastike, zaštitnih pokrivala i azbestnih pokrivala za glavu; vrpce za unutarnje opšivanje pokrivala za glavu, podstave, navlake, osnove, okviri, štitnici i vrpce za vezanje ispod glave  ","Other headgear, except headgear of rubber or of plastic, safety headgear and asbestos headgear; headbands, linings, covers, hat foundations, hat frames, peaks and chinstraps, for headgear  ",2025-01-01
14.29.9,"Podugovarateljski poslovi kao dio proizvodnje ostale odjeće i pribora za odjeću, d. n.",Sub-contracted operations as part of manufacturing of other wearing apparel and accessories n.e.c.,2025-01-01
14.29.99,"Podugovarateljski poslovi kao dio proizvodnje ostale odjeće i pribora za odjeću, d. n.",Sub-contracted operations as part of manufacturing of other wearing apparel and accessories n.e.c.,2025-01-01
15,Koža i srodni proizvodi od drugih materijala,Leather and related products of other materials,2025-01-01
15.1,"Štavljena, obrađena, bojena koža i krzno; putne i ručne torbe, sedlarski i remenarski proizvodi","Tanned, dressed, dyed leather and fur; luggage, handbags, saddlery and harness",2025-01-01
15.11,"Štavljena, obrađena, bojena koža i krzno","Tanned, dressed, dyed leather and fur",2025-01-01
15.11.1,Štavljena ili obrađena krzna,Tanned or dressed fur skins,2025-01-01
15.11.10,Štavljena ili obrađena krzna,Tanned or dressed fur skins,2025-01-01
15.11.2,Semiš-koža; lakirana koža i lakirana laminirana koža; metalizirana koža,Chamois leather; patent leather and patent laminated leather; metallised leather,2025-01-01
15.11.21,Semiš-koža,Chamois leather,2025-01-01
15.11.22,Lakirana koža i lakirana laminirana koža; metalizirana koža,Patent leather and patent laminated leather; metallised leather,2025-01-01
15.11.3,"Koža, goveđa ili kopitara, bez dlake","Leather, of bovine or equine animals, without hair",2025-01-01
15.11.31,"Goveđa koža, bez dlake, cijela","Leather, of bovine animals, without hair on, whole",2025-01-01
15.11.32,"Goveđa koža, bez dlake, necijela","Leather, of bovine animals, without hair on, not whole",2025-01-01
15.11.33,"Koža kopitara, bez dlake","Leather, of equine animals, without hair on",2025-01-01
15.11.4,"Koža, ovčja, kozja ili svinjska, bez dlake","Leather of sheep, goat or swine, without hair",2025-01-01
15.11.41,"Ovčja ili janjeća koža, bez vune","Sheep or lamb skin leather, without wool on",2025-01-01
15.11.42,"Kozja ili jareća koža, bez dlake","Goat or kid skin leather, without hair on",2025-01-01
15.11.43,Svinjska koža,Leather of swine,2025-01-01
15.11.5,Koža ostalih životinja; umjetna koža na osnovi kože,Leather of other animals; composition leather with a basis of leather,2025-01-01
15.11.51,"Koža ostalih životinja, bez dlake","Leather of other animals, without hair on",2025-01-01
15.11.52,Umjetna koža na osnovi kože ili kožnih vlakana,Composition leather with a basis of leather or leather fibre,2025-01-01
15.11.9,"Podugovarateljski poslovi kao dio proizvodnje štavljene, obrađene, bojene kože i krzna","Sub-contracted operations as part of manufacturing of tanned, dressed, dyed leather and fur",2025-01-01
15.11.99,"Podugovarateljski poslovi kao dio proizvodnje štavljene, obrađene, bojene kože i krzna","Sub-contracted operations as part of manufacturing of tanned, dressed, dyed leather and fur",2025-01-01
15.12,"Sedlarski i remenarski proizvodi; putne torbe, ručne torbe i slično; ostali proizvodi od kože","Saddlery and harness; luggage, handbags and the like; other articles of leather",2025-01-01
15.12.1,"Sedlarski i remenarski proizvodi; putne torbe, ručne torbe i slično; ostali proizvodi od kože","Saddlery and harness; luggage, handbags and the like; other articles of leather",2025-01-01
15.12.11,"Sedlarski i remenarski proizvodi za sve vrste životinja, od svih vrsta materijala","Saddlery and harness for any animal, of any material",2025-01-01
15.12.12,"Putne torbe, ručne torbe i slično, od kože, umjetne kože, folija od plastike, tekstilnih materijala, vulkanfibera ili kartona; putni setovi za osobnu toaletu, šivanje, ili čišćenje cipela ili odijela","Luggage, handbags and the like, of leather, composition of leather, plastic sheeting, textile materials, vulcanised fibre or paperboard; travel sets for personal toilet, sewing or shoe or clothes cleaning",2025-01-01
15.12.13,Remeni (osim od metala) i narukvice za ručne satove te njihovi dijelovi,"Watch straps (except metal), watch bands and watch bracelets and parts thereof",2025-01-01
15.12.19,"Ostali proizvodi od kože ili umjetne kože, d. n.",Other articles of leather or composition leather n.e.c.,2025-01-01
15.12.9,"Podugovarateljski poslovi kao dio proizvodnje sedlarskih i remenarskih proizvoda, putnih i ručnih torbi i sličnog; ostali proizvodi od kože","Sub-contracted operations as part of manufacturing of saddlery and harness; luggage, handbags and the like; other articles of leather",2025-01-01
15.12.99,"Podugovarateljski poslovi kao dio proizvodnje sedlarskih i remenarskih proizvoda, putnih i ručnih torbi i sličnog; ostali proizvodi od kože","Sub-contracted operations as part of manufacturing of saddlery and harness; luggage, handbags and the like; other articles of leather",2025-01-01
15.2,Obuća,Footwear,2025-01-01
15.20,Obuća,Footwear,2025-01-01
15.20.1,"Obuća, osim sportske i zaštitne obuće te ortopedskih cipela",Footwear other than sports and protective footwear and orthopaedic shoes,2025-01-01
15.20.11,"Nepromočiva obuća s vanjskim potplatima i gornjim dijelom od gume ili plastike, osim obuće sa zaštitnom metalnom kapicom","Waterproof footwear, with outer soles and uppers of rubber or plastics, other than footwear incorporating a protective metal toe-cap",2025-01-01
15.20.12,"Obuća s vanjskim potplatima i gornjim dijelom od gume ili plastike, osim nepromočive ili sportske obuće","Footwear with outer soles and uppers of rubber or plastic, other than waterproof or sports footwear",2025-01-01
15.20.13,"Obuća s gornjim dijelom od kože, osim sportske obuće, obuće sa zaštitnom metalnom kapicom i raznovrsne posebne obuće","Footwear with uppers of leather, other than sports footwear, footwear incorporating a protective metal toe-cap and miscellaneous special footwear",2025-01-01
15.20.14,"Obuća s gornjim dijelom od tekstila, osim sportske obuće","Footwear with uppers of textile materials, other than sports footwear",2025-01-01
15.20.2,Sportska obuća,Sports footwear,2025-01-01
15.20.21,"Obuća za tenis, košarku, gimnastiku, vježbanje i slično","Tennis shoes, basketball shoes, gym shoes, training shoes and the like",2025-01-01
15.20.22,"Ostala sportska obuća, osim obuće za skijanje, klizaljki i koturaljki","Other sports footwear, except snow-ski footwear and skating boots",2025-01-01
15.20.3,Zaštitna i ostala obuća,Protective and other footwear,2025-01-01
15.20.31,Obuća sa zaštitnom metalnom kapicom,Footwear incorporating a protective metal toe-cap,2025-01-01
15.20.32,"Obuća od drva, raznovrsna specijalna i ostala obuća","Wooden footwear, miscellaneous special footwear and other footwear",2025-01-01
15.20.4,"Dijelovi obuće od kože, gume, plastike i drugih materijala","Parts of footwear of leather, rubber, plastic and other materials",2025-01-01
15.20.40,"Dijelovi obuće od kože, gume, plastike i drugih materijala","Parts of footwear of leather, rubber, plastic and other materials",2025-01-01
15.20.9,Podugovarateljski poslovi kao dio proizvodnje obuće,Sub-contracted operations as part of manufacturing of footwear,2025-01-01
15.20.99,Podugovarateljski poslovi kao dio proizvodnje obuće,Sub-contracted operations as part of manufacturing of footwear,2025-01-01
16,"Drvo i proizvodi od drva i pluta, osim namještaja; proizvodi od slame i pletarskih materijala","Wood and products of wood and cork, except furniture; articles of straw and plaiting materials",2025-01-01
16.1,"Drvo, piljeno i blanjano; usluge obrade i dorade drva","Wood, sawn and planed; processing and finishing services of wood",2025-01-01
16.11,"Drvo, piljeno i blanjano","Wood, sawn and planed",2025-01-01
16.11.1,"Drvo, obrađeno po dužini piljenjem ili glodanjem, rezano ili ljušteno, debljine > 6 mm; drveni željeznički ili tramvajski pragovi, neimpregnirani","Wood, sawn or chipped lengthwise, sliced or peeled, of a thickness > 6 mm; railway or tramway sleepers of wood, not impregnated",2025-01-01
16.11.11,"Drvo, obrađeno po dužini piljenjem ili glodanjem, rezano ili ljušteno, debljine > 6 mm, od četinjača","Wood, sawn or chipped lengthwise, sliced or peeled, of a thickness > 6 mm, of coniferous wood",2025-01-01
16.11.12,"Drvo, obrađeno po dužini piljenjem ili glodanjem, rezano ili ljušteno, debljine > 6 mm, od listača","Wood, sawn or chipped lengthwise, sliced or peeled, of a thickness > 6 mm, of non-coniferous wood",2025-01-01
16.11.13,"Drveni željeznički ili tramvajski pragovi (uključujući skretničku građu), neimpregnirani","Railway or tramway sleepers (cross-ties) of wood, not impregnated",2025-01-01
16.11.2,Drvo kontinuirano oblikovano po dužini bilo kojeg ruba ili lica; drvna vuna; drvno brašno; drvo u obliku iverja ili sličnih čestica,Wood continuously shaped along any of its edges or faces; wood wool; wood flour; wood in chips or particles,2025-01-01
16.11.21,"Drvo, kontinuirano oblikovano po dužini bilo kojeg ruba ili lica, od četinjača","Wood, continuously shaped along any of its edges or faces, of coniferous wood",2025-01-01
16.11.22,"Drvo, kontinuirano oblikovano po dužini bilo kojeg ruba ili lica, od bambusa","Wood, continuously shaped along any of its edges or faces, of bamboo",2025-01-01
16.11.23,"Drvo, kontinuirano oblikovano po dužini bilo kojeg ruba ili lica, od drugih vrsta drva","Wood, continuously shaped along any of its edges or faces, of other wood",2025-01-01
16.11.24,Drvna vuna; drvno brašno,Wood wool; wood flour,2025-01-01
16.11.25,Drvo u obliku iverja ili sličnih čestica,Wood in chips or particles,2025-01-01
16.11.3,"Grubo obrađeno drvo; željeznički i tramvajski pragovi (skretnička građa) od drva, impregnirani ili drugačije obrađeni","Wood in the rough; railway or tramway sleepers (cross-ties) of wood, impregnated or otherwise treated",2025-01-01
16.11.31,"Grubo obrađeno drvo, zaštićeno bojom, kreozotom ili drugim sredstvima","Wood in the rough, treated with paint, stains, creosote or other preservatives",2025-01-01
16.11.32,"Željeznički i tramvajski pragovi (skretnička građa) od drva, impregnirani","Railway or tramway sleepers (cross-ties) of wood, impregnated",2025-01-01
16.11.33,Ostalo grubo obrađeno drvo,Other wood in the rough,2025-01-01
16.11.9,Podugovarateljski poslovi kao dio proizvodnje drva piljenog i blanjanog drva,"Sub-contracted operations as part of manufacturing of wood, sawn and planed",2025-01-01
16.11.99,Podugovarateljski poslovi kao dio proizvodnje drva piljenog i blanjanog drva,"Sub-contracted operations as part of manufacturing of wood, sawn and planed",2025-01-01
16.12,Usluge obrade i dorade drva,Processing and finishing services of wood,2025-01-01
16.12.0,Usluge obrade i dorade drva,Processing and finishing services of wood,2025-01-01
16.12.00,Usluge obrade i dorade drva,Processing and finishing services of wood,2025-01-01
16.2,"Proizvodi od drva, pluta, slame i pletarskih materijala","Products of wood, cork, straw and plaiting materials",2025-01-01
16.21,Furnirane ploče i ostale ploče od drva,Veneer sheets and wood-based panels,2025-01-01
16.21.1,"Šperploče, furnirane ploče i slično laminirano drvo; ploče iverice i slične ploča od drva i drugih drvenastih (ligninskih) materijala","Plywood, veneered panels and similar laminated wood; particle boards and similar boards of wood or other ligneous materials",2025-01-01
16.21.11,"Šperploče, furnirane ploče i slično laminirano drvo, od bambusa","Plywood, veneered panels and similar laminated wood, of bamboo",2025-01-01
16.21.12,Ploče iverice,Particle board,2025-01-01
16.21.13,Ploče s usmjerenim vlaknima,Oriented strand board,2025-01-01
16.21.14,Ostale ploče od drva i drugih drvenastih (ligninskih) materijala,Other board of wood or other ligneous materials,2025-01-01
16.21.15,Ploče vlaknatice od drva i drugih drvenastih (ligninskih) materijala,Fibreboard of wood or other ligneous materials,2025-01-01
16.21.16,"Šperploče, furnirane ploče i slično laminirano drvo, od četinjača","Plywood, veneered panels and similar laminated wood, of coniferous wood",2025-01-01
16.21.17,"Šperploče, furnirane ploče i slično laminirano drvo, s barem vanjskim slojem od tropskog drva","Plywood, veneered panels and similar laminated wood, with at least outer ply of tropical wood",2025-01-01
16.21.18,"Šperploče, furnirane ploče i slično laminirano drvo, od drugih vrsta drva","Plywood, veneered panels and similar laminated wood, of other wood",2025-01-01
16.21.2,Listovi furnira; listovi za šperploče; zgusnuto (sabijeno) drvo,Veneer sheets; sheets for plywood; densified wood,2025-01-01
16.21.21,"Zgusnuto (sabijeno) drvo u blokovima, pločama, trakama ili profiliranim oblicima","Densified wood, in blocks, plates, strips or profile shapes",2025-01-01
16.21.22,"Listovi furnira i listovi za šperploče i ostalo drvo piljeno po dužini, rezano ili ljušteno, debljine ≤ 6 mm, od četinjača","Veneer sheets and sheets for plywood and other wood, sawn lengthwise, sliced or peeled, of a thickness ≤ 6 mm, of coniferous wood",2025-01-01
16.21.23,"Listovi furnira i listovi za šperploče i ostalo drvo piljeno po dužini, rezano ili ljušteno, debljine ≤ 6 mm, od tropskog drva","Veneer sheets and sheets for plywood and other wood, sawn lengthwise, sliced or peeled, of a thickness ≤ 6 mm, of tropical wood",2025-01-01
16.21.24,"Listovi furnira i listovi za šperploče i ostalo drvo piljeno po dužini, rezano ili ljušteno, debljine ≤ 6 mm, od drugih vrsta drva","Veneer sheets and sheets for plywood and other wood, sawn lengthwise, sliced or peeled, of a thickness ≤ 6 mm, of other wood",2025-01-01
16.21.9,Podugovarateljski poslovi kao dio proizvodnje furnira i ostalih ploča od drva,Sub-contracted operations as part of manufacturing of veneer sheets and wood-based panels,2025-01-01
16.21.99,Podugovarateljski poslovi kao dio proizvodnje furnira i ostalih ploča od drva,Sub-contracted operations as part of manufacturing of veneer sheets and wood-based panels,2025-01-01
16.22,Sastavljeni parket,Assembled parquet floors,2025-01-01
16.22.1,Sastavljeni parket,Assembled parquet floors,2025-01-01
16.22.10,Sastavljeni parket,Assembled parquet floors,2025-01-01
16.22.9,Podugovarateljski poslovi kao dio proizvodnje sastavljenog parketa,Sub-contracted operations as part of manufacturing of assembled parquet floors,2025-01-01
16.22.99,Podugovarateljski poslovi kao dio proizvodnje sastavljenog parketa,Sub-contracted operations as part of manufacturing of assembled parquet floors,2025-01-01
16.23,Ostala građevna stolarija i elementi,Other builders' carpentry and joinery,2025-01-01
16.23.1,"Građevna stolarija i elementi (osim montažnih zgrada), od drva","Builders' joinery and carpentry (except prefabricated buildings), of wood",2025-01-01
16.23.11,"Oplate za betonske radove u građevinarstvu i šindra, od drva","Shuttering for concrete constructional work, shingles and shakes, of wood",2025-01-01
16.23.12,Obrađeni proizvodi od konstrukcijskog drva,Engineered structural timber products,2025-01-01
16.23.19,"Građevna stolarija i elementi od drva, d. n.","Builders' joinery and carpentry, of wood, n.e.c.",2025-01-01
16.23.2,Montažne kuće od drva,Prefabricated wooden buildings,2025-01-01
16.23.20,Montažne kuće od drva,Prefabricated wooden buildings,2025-01-01
16.23.9,Podugovarateljski poslovi kao dio proizvodnje ostale građevne stolarije i elemenata,Sub-contracted operations as part of manufacturing of other builders' carpentry and joinery,2025-01-01
16.23.99,Podugovarateljski poslovi kao dio proizvodnje ostale građevne stolarije i elemenata,Sub-contracted operations as part of manufacturing of other builders' carpentry and joinery,2025-01-01
16.24,Ambalaža od drva,Wooden containers,2025-01-01
16.24.1,Ambalaža od drva,Wooden containers,2025-01-01
16.24.11,"Palete, sandučaste palete i druga utovarna ambalaža od drva","Pallets, box pallets and other load boards of wood",2025-01-01
16.24.12,Bačve i bačvarski proizvodi od drva,Barrels and coopers' products of wood,2025-01-01
16.24.13,Ostala drvena ambalaža i njezini dijelovi,Other wooden containers and parts thereof,2025-01-01
16.24.9,Podugovarateljski poslovi kao dio proizvodnje ambalaže od drva,Sub-contracted operations as part of manufacturing of wooden containers,2025-01-01
16.24.99,Podugovarateljski poslovi kao dio proizvodnje ambalaže od drva,Sub-contracted operations as part of manufacturing of wooden containers,2025-01-01
16.25,"Prozori, vrata-prozori i njihovi okviri, vrata, dovratnici i pragovi od drva","Windows, French windows and their frames, doors and their frames and thresholds, of wood",2025-01-01
16.25.1,"Prozori, vrata-prozori i njihovi okviri, vrata, dovratnici i pragovi od drva","Windows, French windows and their frames, doors and their frames and thresholds, of wood",2025-01-01
16.25.10,"Prozori, vrata-prozori i njihovi okviri, vrata, dovratnici i pragovi od drva","Windows, French windows and their frames, doors and their frames and thresholds, of wood",2025-01-01
16.25.9,"Podugovarateljski poslovi kao dio proizvodnje prozora, vrata-prozora i njihovih okvira, vrata, dovratnika i pragova od drva","Sub-contracted operations as part of manufacturing of windows, French windows and their frames, doors and their frames and thresholds, of wood",2025-01-01
16.25.99,"Podugovarateljski poslovi kao dio proizvodnje prozora, vrata-prozora i njihovih okvira, vrata, dovratnika i pragova od drva","Sub-contracted operations as part of manufacturing of windows, French windows and their frames, doors and their frames and thresholds, of wood",2025-01-01
16.26,Kruta goriva iz biljne biomase,Solid fuels from vegetable biomass,2025-01-01
16.26.1,Kruta goriva iz biljne biomase,Solid fuels from vegetable biomass,2025-01-01
16.26.10,Kruta goriva iz biljne biomase,Solid fuels from vegetable biomass,2025-01-01
16.26.9,Podugovarateljski poslovi kao dio proizvodnje krutih goriva iz biljne biomase,Sub-contracted operations as part of manufacturing of solid fuels from vegetable biomass,2025-01-01
16.26.99,Podugovarateljski poslovi kao dio proizvodnje krutih goriva iz biljne biomase,Sub-contracted operations as part of manufacturing of solid fuels from vegetable biomass,2025-01-01
16.27,Usluge dorade proizvoda od drva,Finishing services of wooden products,2025-01-01
16.27.0,Usluge dorade proizvoda od drva,Finishing services of wooden products,2025-01-01
16.27.00,Usluge dorade proizvoda od drva,Finishing services of wooden products,2025-01-01
16.28,"Ostali proizvodi od drva i pluta, slame i pletarskih materijala","Other products of wood and articles of cork, straw and plaiting materials",2025-01-01
16.28.1,Ostali proizvodi od drva,Other products of wood,2025-01-01
16.28.11,"Alati, tijela i dršci alata, tijela i dršci za metle i četke, blokovi za proizvodnju lula za pušenje, kalupi za cipele i čizme, od drva","Tools, tool bodies, tool handles, broom or brush bodies and handles, blocks for the manufacture of smoking pipes, boot or shoe lasts and trees, of wood",2025-01-01
16.28.12,"Stolno i kuhinjsko posuđe i pribor, od drva","Tableware and kitchenware, of wood",2025-01-01
16.28.13,"Sitni galanterijski proizvodi od drva, intarzija od drva, kutije za nakit ili pribor za jelo i slični proizvodi od drva, kipići i ostali ukrasi, od drva","Wood marquetry and inlaid wood, cases for jewellery or cutlery and similar articles of wood, statuettes and other ornaments, of wood",2025-01-01
16.28.14,"Drveni okviri za slike, fotografije, zrcala i slične predmete te ostali proizvodi od drva","Wooden frames for paintings, photographs, mirrors or similar objects and other articles of wood",2025-01-01
16.28.2,"Proizvodi od pluta, slame ili drugih pletarskih materijala; košarački i pletarski proizvodi","Articles of cork, straw or other plaiting materials; basket ware and wickerwork",2025-01-01
16.28.21,"Prirodno pluto, odstranjene kore ili grubo uobličeno ili u blokovima, pločama, listovima ili trakama; drobljeno, granulirano ili mljeveno pluto; otpaci od pluta","Natural cork, debacked or roughly squared or in blocks, plates, sheets or strip; crushed, granulated or ground cork; waste cork",2025-01-01
16.28.22,Proizvodi od prirodnog pluta,Articles of natural cork,2025-01-01
16.28.23,"Blokovi, ploče, listovi i trake, pločice svih oblika, čvrsti valjci, od aglomeriranog pluta","Blocks, plates, sheets and strips, tiles of any shape, solid cylinders, of agglomerated cork",2025-01-01
16.28.24,Aglomerirano pluto; ostali proizvodi od aglomeriranog pluta,Agglomerated cork; other articles of agglomerated cork,2025-01-01
16.28.25,"Proizvodi od slame, esparta ili drugih pletarskih materijala; košarački i pletarski proizvodi","Manufactures of straw, of esparto or of other plaiting materials; basket ware and wickerwork",2025-01-01
16.28.9,"Usluge proizvodnje drva i pluta, osim namještaja, te slame i pletarskih materijala; podugovarateljski poslovi kao dio proizvodnje ostalih proizvoda od drva, proizvoda od pluta, slame i pletarskih materijala","Wood and cork, except furniture; straw and plaiting material manufacturing services; sub-contracted operations as part of manufacturing of other products of wood and articles of cork, straw and plaiting materials",2025-01-01
16.28.91,"Usluge proizvodnje drva i pluta, osim namještaja, te slame i pletarskih materijala","Wood and cork, except furniture; straw and plaiting material manufacturing services",2025-01-01
16.28.99,"Podugovarateljski poslovi kao dio proizvodnje ostalih proizvoda od drva i pluta, slame i pletarskih materijala","Sub-contracted operations as part of manufacturing of other products of wood and articles of cork, straw and plaiting materials",2025-01-01
17,Papir i proizvodi od papira,Paper and paper products,2025-01-01
17.1,"Celuloza, papir i karton","Pulp, paper and paperboard",2025-01-01
17.11,Celuloza od drva ili drugih vlaknastih celuloznih materijala,Pulps of wood or other fibrous cellulosic material,2025-01-01
17.11.1,Celuloza od drva ili drugih vlaknastih celuloznih materijala,Pulps of wood or other fibrous cellulosic material,2025-01-01
17.11.11,"Kemijska drvna celuloza, topive kvalitete","Chemical wood pulp, dissolving grades",2025-01-01
17.11.12,"Kemijska drvna celuloza, natronska ili sulfatna, osim celuloze topive kvalitete","Chemical wood pulp, soda or sulphate, other than dissolving grades",2025-01-01
17.11.13,"Kemijska drvna celuloza, sulfitna, osim celuloze topive kvalitete","Chemical wood pulp, sulphite, other than dissolving grades",2025-01-01
17.11.14,"Mehanička drvna celuloza (drvenjača); polukemijska drvna celuloza; celuloza od drugih vlaknastih celuloznih materijala, osim drvne",Mechanical wood pulp; semi-chemical wood pulp; pulps of fibrous cellulosic material other than wood,2025-01-01
17.11.9,Podugovarateljski poslovi kao dio proizvodnje celuloze od drva ili drugih vlaknastih celuloznih materijala,Sub-contracted operations as part of manufacturing of pulps of wood or other fibrous cellulosic material,2025-01-01
17.11.99,Podugovarateljski poslovi kao dio proizvodnje celuloze od drva ili drugih vlaknastih celuloznih materijala,Sub-contracted operations as part of manufacturing of pulps of wood or other fibrous cellulosic material,2025-01-01
17.12,Papir i karton,Paper and paperboard,2025-01-01
17.12.1,"Novinski papir, ručno izrađeni papir i ostali papir ili karton, za grafičke namjene","Newsprint, handmade paper and other paper or paperboard for graphic purposes",2025-01-01
17.12.11,"Novinski papir, u rolama ili listovima","Newsprint, in rolls or sheets",2025-01-01
17.12.12,Ručno izrađeni papir i karton,Handmade paper and paperboard,2025-01-01
17.12.13,"Papir i karton koji se koristi kao podloga za fotoosjetljivi, toplinskoosjetljivi i elektroosjetljivi papir; papirnata podloga za karbonski papir; papirnata podloga za tapete","Paper and paperboard used as a base for photo-sensitive, heat-sensitive or electro-sensitive paper; carbonising base paper; wallpaper base",2025-01-01
17.12.14,Ostali papir i karton za grafičke namjene,Other paper and paperboard for graphic purposes,2025-01-01
17.12.2,"Papir za izradu toaletnog papira ili papira za skidanje šminke, za ručnike ili salvete, celulozna vata i koprene od celuloznih vlakana","Toilet or facial tissue stock, towel or napkin stock, cellulose wadding and webs of cellulose fibres",2025-01-01
17.12.20,"Papir za izradu toaletnog papira ili papira za skidanje šminke, za ručnike ili salvete, celulozna vata i koprene od celuloznih vlakana","Toilet or facial tissue stock, towel or napkin stock, cellulose wadding and webs of cellulose fibres",2025-01-01
17.12.3,Ambalaža od papira i kartona,Containerboard,2025-01-01
17.12.31,"Kraftlajner, nebijeljeni i nepremazani","Kraftliner, unbleached, uncoated",2025-01-01
17.12.32,Kraftlajner bijeljeni; kraftlajner premazani,White top kraftliner; coated kraftliner,2025-01-01
17.12.33,Fluting-papir od polukemijske celuloze,Semi chemical fluting,2025-01-01
17.12.34,Reciklirani fluting-papir i ostali-fluting papir,Recycled fluting and other fluting,2025-01-01
17.12.35,Testliner (reciklirani slojeviti karton),Testliner (recycled liner board),2025-01-01
17.12.4,Ostali nepremazani papir,Other uncoated paper,2025-01-01
17.12.41,"Nepremazani kraft-papir; kraft-papir za vreće, krepirani ili naborani","Uncoated kraft paper; sack kraft paper, creped or crinkled",2025-01-01
17.12.42,"Sulfitni omotni papir i ostali nepremazani papir (osim papira za pisanje, tiskanje i ostale grafičke namjene)","Sulphite wrapping paper and other uncoated paper (other than that of a kind used for writing, printing or other graphic purposes)",2025-01-01
17.12.43,Filtar-papir i karton; pust-papir,Filter paper and paperboard; felt paper,2025-01-01
17.12.44,"Cigaretni papir, rezan ili nerezan ili u obliku cijevi širine > 5 cm","Cigarette paper, whether or not cut to size, or in form of tubes of a width > 5 cm",2025-01-01
17.12.5,Ostali nepremazani karton,Other uncoated paperboard,2025-01-01
17.12.51,Nepremazani sivi karton,"Uncoated, inside grey paperboard",2025-01-01
17.12.59,"Ostali nepremazani karton, d. n.",Other uncoated paperboard n.e.c.,2025-01-01
17.12.6,"Biljni pergament-papir, papir koji ne propušta mast, paus-papir, kristal-papir i ostali glazirani prozirni papiri ili papiri koji propuštaju svjetlo","Vegetable parchment, greaseproof papers, tracing papers and glassine and other glazed transparent or translucent papers",2025-01-01
17.12.60,"Biljni pergament-papir, papir koji ne propušta mast, paus-papir, kristal-papir i ostali glazirani prozirni papiri ili papiri koji propuštaju svjetlo","Vegetable parchment, greaseproof papers, tracing papers and glassine and other glazed transparent or translucent papers",2025-01-01
17.12.7,Prerađeni papir i karton,Processed paper and paperboard,2025-01-01
17.12.71,"Složeni papir i karton, površinski nepremazan niti impregniran","Composite paper and paperboard, not surface-coated or impregnated",2025-01-01
17.12.72,"Papir i karton, krepirani, naborani, reljefni ili perforirani","Paper and paperboard, creped, crinkled, embossed or perforated",2025-01-01
17.12.73,"Papir i karton za pisanje, tiskanje ili za druge grafičke namjene, premazan kaolinom ili drugim anorganskim tvarima","Paper and paperboard of a kind used for writing, printing or other graphic purposes, coated with kaolin or with other inorganic substances",2025-01-01
17.12.74,"Kraft-papir (osim onoga koji se koristi za pisanje, tiskanje i ostale grafičke namjene) premazan kaolinom ili drugim anorganskim tvarima","Kraft paper (other than that of a kind used for writing, printing or other graphic purposes), coated with kaolin or with other inorganic substances",2025-01-01
17.12.75,"Kraft-karton (osim onoga koji se koristi za pisanje, tiskanje i ostale grafičke namjene) premazan kaolinom ili drugim anorganskim tvarima","Kraft paperboard (other than that of a kind used for writing, printing or other graphic purposes), coated with kaolin or with other inorganic substances",2025-01-01
17.12.76,"Karbonski papir, samokopirni papir i ostali papir za kopiranje ili prenošenje, u rolama ili listovima","Carbon paper, self-copy paper and other copying or transfer paper, in rolls or sheets",2025-01-01
17.12.77,"Papir, karton, celulozna vata, listovi i koprene od celuloznih vlakana, premazani, impregnirani, prekriveni, površinski obojeni ili tiskani, u rolama i listovima","Paper, paperboard, cellulose wadding and webs of cellulose fibres, coated, impregnated, covered, surface coloured or printed, in rolls or sheets",2025-01-01
17.12.78,"Sivi karton (osim onoga koji se koristi za pisanje, tiskanje i ostale grafičke namjene) premazan kaolinom ili drugim anorganskim tvarima","Inside grey paperboard (other than that of a kind used for writing, printing or other graphic purposes), coated with kaolin or with other inorganic substances",2025-01-01
17.12.79,"Ostali karton (osim onoga koji se koristi za pisanje, tiskanje i ostale grafičke namjene) premazan kaolinom ili drugim anorganskim tvarima","Other paperboard (other than that of a kind used for writing, printing or other graphic purposes), coated with kaolin or with other inorganic substances",2025-01-01
17.12.9,Podugovarateljski poslovi kao dio proizvodnje papira i kartona,Sub-contracted operations as part of manufacturing of paper and paperboard,2025-01-01
17.12.99,Podugovarateljski poslovi kao dio proizvodnje papira i kartona,Sub-contracted operations as part of manufacturing of paper and paperboard,2025-01-01
17.2,Proizvodi od papira i kartona,Articles of paper and paperboard,2025-01-01
17.21,"Valoviti papir, karton i ambalaža od papira i kartona","Corrugated paper, paperboard and containers of paper and paperboard",2025-01-01
17.21.1,"Valoviti papir, karton i ambalaža od papira i kartona","Corrugated paper, paperboard and containers of paper and paperboard",2025-01-01
17.21.11,"Valoviti karton, u rolama ili listovima","Corrugated board, in rolls or sheets",2025-01-01
17.21.12,Vreće i vrećice od papira,Sacks and bags of paper,2025-01-01
17.21.13,Kutije i kutijice od valovitog papira ili kartona,"Cartons, boxes and cases, of corrugated board or corrugated paperboard",2025-01-01
17.21.14,Složive kutije i kutijice od nevalovitog papira ili kartona,"Folding cartons, boxes and cases, of non-corrugated paper or paperboard",2025-01-01
17.21.15,"Kutije za spise, ladice za spise, kutije za spremanje i slični proizvodi koji se koriste u uredima, prodavaonicama i slično, od papira","Box files, letter trays, storage boxes and similar articles of a kind used in offices, shops or the like, of paper",2025-01-01
17.21.9,"Podugovarateljski poslovi kao dio proizvodnje valovitog papira, kartona i ambalaže od papira i kartona","Sub-contracted operations as part of manufacturing of corrugated paper, paperboard and containers of paper and paperboard",2025-01-01
17.21.99,"Podugovarateljski poslovi kao dio proizvodnje valovitog papira, kartona i ambalaže od papira i kartona","Sub-contracted operations as part of manufacturing of corrugated paper, paperboard and containers of paper and paperboard",2025-01-01
17.22,Roba za kućanstvo i higijenu te toaletne potrepštine od papira,Household and sanitary goods and toilet requisites,2025-01-01
17.22.1,Roba za kućanstvo i higijenu te toaletne potrepštine od papira,Household and sanitary goods and toilet requisites,2025-01-01
17.22.11,"Toaletni papir, džepni rupčići, listići za uklanjanje šminke, ručnici, stolnjaci i salvete od papirnate mase, papira, celulozne vate ili koprene od celuloznih vlakana","Toilet paper, handkerchiefs, cleansing or facial tissues and towels, tablecloths and serviettes, of paper pulp, paper, cellulose wadding or webs of cellulose fibres",2025-01-01
17.22.12,"Higijenski ručnici i tamponi, dječje pelene i podlošci za pelene i slični higijenski proizvodi, odjeća i pribor za odjeću od papirnate mase, papira, celulozne vate ili koprene od celuloznih vlakana","Sanitary towels and tampons, napkins and napkin liners for babies and similar sanitary articles and articles of apparel and clothing accessories, of paper pulp, paper, cellulose wadding or webs of cellulose fibres",2025-01-01
17.22.13,"Poslužavnici, zdjele, tanjuri, šalice i slično, od papira i kartona","Trays, dishes, plates and cups and the like, of paper or paperboard",2025-01-01
17.22.9,Podugovarateljski poslovi kao dio proizvodnje robe za kućanstvo i higijenu te toaletnih potrepština od papira,Sub-contracted operations as part of manufacturing of household and sanitary goods and toilet requisites,2025-01-01
17.22.99,Podugovarateljski poslovi kao dio proizvodnje robe za kućanstvo i higijenu te toaletnih potrepština od papira,Sub-contracted operations as part of manufacturing of household and sanitary goods and toilet requisites,2025-01-01
17.23,Uredski materijal od papira,Paper stationery,2025-01-01
17.23.1,Uredski materijal od papira,Paper stationery,2025-01-01
17.23.11,"Karbonski papir, samokopirni papir i ostali papir za kopiranje i prenošenje, osim u rolama ili listovima; matrice za umnožavanje i ofsetne ploče, od papira","Carbon paper, self-copy paper and other copying or transfer paper, other than in rolls or sheets; duplicator stencil and offset plates of paper",2025-01-01
17.23.12,"Poštanske omotnice, pismovne dopisnice, dopisnice i kartice za dopisivanje, od papira ili kartona; kutije, vrećice, notesi i omoti, od papira ili kartona, koji sadržavaju uredski materijal od papira","Envelopes, letter cards, plain postcards and correspondence cards of paper or paperboard; boxes, pouches, wallets and writing compendiums of paper or paperboard, containing paper stationery",2025-01-01
17.23.13,"Registri, knjigovodstvene knjige, korice za uvezivanje, obrasci i ostali uredski pribor od papira ili kartona","Registers, account books, binders, forms and other articles of stationery, of paper or paperboard",2025-01-01
17.23.14,"Ostali papir i karton koji se koristi za pisanje, tiskanje i ostale grafičke namjene, tiskani, reljefni ili perforirani","Other paper and paperboard, of a kind used for writing or printing or other graphic purposes, printed, embossed or perforated",2025-01-01
17.23.9,Podugovarateljski poslovi kao dio proizvodnje uredskog materijala od papira,Sub-contracted operations as part of manufacturing of paper stationery,2025-01-01
17.23.99,Podugovarateljski poslovi kao dio proizvodnje uredskog materijala od papira,Sub-contracted operations as part of manufacturing of paper stationery,2025-01-01
17.24,Zidne tapete,Wallpaper,2025-01-01
17.24.1,Zidne tapete,Wallpaper,2025-01-01
17.24.11,Zidne tapete i slične zidne obloge od papira; papirnate vitrofanije (transparenti) za prozore,Wallpaper and similar wall coverings; window transparencies of paper,2025-01-01
17.24.12,Tekstilne zidne obloge,Textile wall coverings,2025-01-01
17.24.9,Podugovarateljski poslovi kao dio proizvodnje zidnih tapeta,Sub-contracted operations as part of manufacturing of wallpaper,2025-01-01
17.24.99,Podugovarateljski poslovi kao dio proizvodnje zidnih tapeta,Sub-contracted operations as part of manufacturing of wallpaper,2025-01-01
17.25,Ostali proizvodi od papira i kartona,Other articles of paper and paperboard,2025-01-01
17.25.1,Ostali proizvodi od papira i kartona,Other articles of paper and paperboard,2025-01-01
17.25.11,Naljepnice od papira ili kartona,Labels of paper or paperboard,2025-01-01
17.25.12,"Filtar-blokovi, ploče i pločice od papirnate mase","Filter blocks, slabs and plates, of paper pulp",2025-01-01
17.25.19,"Cigaretni papir (širine ≤ 5 cm); cijevke, valjčići, vretena i slične podloge; filtar-papir i karton; ostali proizvodi od papira i kartona, d. n.","Cigarette paper (width of ≤ 5 cm); bobbins, spools, cops and similar supports; filter paper and paperboard; other articles of paper and paperboard n.e.c.",2025-01-01
17.25.9,Podugovarateljski poslovi kao dio proizvodnje ostalih proizvoda od papira i kartona,Sub-contracted operations as part of manufacturing of other articles of paper and paperboard,2025-01-01
17.25.99,Podugovarateljski poslovi kao dio proizvodnje ostalih proizvoda od papira i kartona,Sub-contracted operations as part of manufacturing of other articles of paper and paperboard,2025-01-01
18,Usluge tiskanja i umnožavanja snimljenih zapisa,Printing and reproduction services of recorded media,2025-01-01
18.1,Usluge tiskanja i usluge povezane s tiskanjem,Printing services and services related to printing,2025-01-01
18.11,Usluge tiskanja novina,Newspaper printing services,2025-01-01
18.11.0,Usluge tiskanja novina,Newspaper printing services,2025-01-01
18.11.00,Usluge tiskanja novina,Newspaper printing services,2025-01-01
18.12,Ostale usluge tiskanja,Other printing services,2025-01-01
18.12.0,Ostale usluge tiskanja,Other printing services,2025-01-01
18.12.01,"Usluge tiskanja poštanskih maraka, biljega, dokumenata ili spisa, pametnih kartica, čekova i ostalih vrijednosnih papira i sličnog","Printing services of postage stamps, taxation stamps, documents of titles, smart cards, cheques and other security papers and the like",2025-01-01
18.12.02,"Usluge tiskanja reklamnih kataloga, prospekata, plakata i ostalih tiskanih reklamnih materijala","Printing services of advertising catalogues, prospects, posters and other printed advertising",2025-01-01
18.12.03,Usluge tiskanja časopisa i ostalih periodičnih publikacija koje se izdaju rjeđe od četiri puta tjedno,"Printing services of journals and periodicals, appearing less than four times a week",2025-01-01
18.12.04,"Usluge tiskanja knjiga, mapa, hidrografskih i sličnih karata, slika, nacrta, fotografija, razglednica","Printing services of books, maps, hydrographic or similar charts of all kinds, pictures, designs and photographs, postcards",2025-01-01
18.12.05,Usluge tiskanja naljepnica i etiketa,Printing services of labels and tags,2025-01-01
18.12.06,Usluge tiskanja direktno na materijale osim papira,Printing services directly onto materials other than paper,2025-01-01
18.12.09,"Ostale usluge tiskanja, d. n.",Other printing services n.e.c.,2025-01-01
18.13,Usluge pripreme za tisak i objavljivanje,Pre-press and pre-media services,2025-01-01
18.13.1,Usluge pripreme za tisak,Pre-press services,2025-01-01
18.13.10,Usluge pripreme za tisak,Pre-press services,2025-01-01
18.13.2,"Tiskarske ploče, cilindri i druge otisnute podloge za tisak",Printing plates or cylinders and other impressed media for use in printing,2025-01-01
18.13.20,"Tiskarske ploče, cilindri i druge otisnute podloge za tisak",Printing plates or cylinders and other impressed media for use in printing,2025-01-01
18.13.3,Pomoćne usluge povezane s tiskanjem,Ancillary services related to printing,2025-01-01
18.13.30,Pomoćne usluge povezane s tiskanjem,Ancillary services related to printing,2025-01-01
18.14,Knjigoveške i srodne usluge,Binding and related services,2025-01-01
18.14.0,Knjigoveške i srodne usluge,Binding and related services,2025-01-01
18.14.00,Knjigoveške i srodne usluge,Binding and related services,2025-01-01
18.2,Usluge umnožavanja snimljenih zapisa,Reproduction services of recorded media,2025-01-01
18.20,Usluge umnožavanja snimljenih zapisa,Reproduction services of recorded media,2025-01-01
18.20.1,Usluge umnožavanja zvučnih zapisa,Reproduction services of sound recording,2025-01-01
18.20.10,Usluge umnožavanja zvučnih zapisa,Reproduction services of sound recording,2025-01-01
18.20.2,Usluge umnožavanja videozapisa,Reproduction services of video recording,2025-01-01
18.20.20,Usluge umnožavanja videozapisa,Reproduction services of video recording,2025-01-01
18.20.3,Usluge umnožavanja softvera,Reproduction services of software,2025-01-01
18.20.30,Usluge umnožavanja softvera,Reproduction services of software,2025-01-01
19,Koks i rafinirani naftni proizvodi,Coke and refined petroleum products,2025-01-01
19.1,Proizvodi koksnih peći,Coke oven products,2025-01-01
19.10,Proizvodi koksnih peći,Coke oven products,2025-01-01
19.10.1,"Koks i polukoks od ugljena, lignita ili treseta; retortni ugljen","Coke and semi-coke of coal, of lignite or of peat; retort carbon",2025-01-01
19.10.11,Koks i polukoks od ugljena ili lignita,"Coke and semi-coke of coal, or of lignite",2025-01-01
19.10.12,Koks i polukoks od treseta; retortni ugljen,Coke and semi-coke of peat; retort carbon,2025-01-01
19.10.2,"Katran dobiven destilacijom ugljena, lignita ili treseta; ostali mineralni katrani","Tar distilled from coal, lignite or peat; other mineral tars",2025-01-01
19.10.20,"Katran dobiven destilacijom ugljena, lignita ili treseta; ostali mineralni katrani","Tar distilled from coal, lignite or peat; other mineral tars",2025-01-01
19.10.3,Smola i koks od smole,Pitch and pitch coke,2025-01-01
19.10.30,Smola i koks od smole,Pitch and pitch coke,2025-01-01
19.10.9,Podugovarateljski poslovi kao dio proizvodnje proizvoda koksnih peći,Sub-contracted operations as part of manufacturing of coke oven products,2025-01-01
19.10.99,Podugovarateljski poslovi kao dio proizvodnje proizvoda koksnih peći,Sub-contracted operations as part of manufacturing of coke oven products,2025-01-01
19.2,Rafinirani naftni proizvodi i proizvodi od fosilnih goriva,Refined petroleum products and fossil fuel products,2025-01-01
19.20,Rafinirani naftni proizvodi i proizvodi od fosilnih goriva,Refined petroleum products and fossil fuel products,2025-01-01
19.20.1,Briketi i slična kruta goriva,"Briquettes, ovoids and similar solid fuels",2025-01-01
19.20.11,Briketi i slična kruta goriva proizvedena od kamenog ugljena,"Briquettes, ovoids and similar solid fuels manufactured from coal",2025-01-01
19.20.12,Briketi i slična kruta goriva proizvedena od lignita,"Briquettes, ovoids and similar solid fuels manufactured from lignite",2025-01-01
19.20.13,Briketi i slična kruta goriva proizvedena od treseta,"Briquettes, ovoids and similar solid fuels manufactured from peat",2025-01-01
19.20.2,Loživa ulja i plin; maziva ulja,Fuel oil and gas; lubricating oils,2025-01-01
19.20.21,Motorni benzin i benzin za zrakoplove,Motor spirit (gasoline) and aviation spirit,2025-01-01
19.20.22,White spirit („test-benzin”),White spirit,2025-01-01
19.20.23,"Goriva za mlazne motore, benzinskog tipa, i kerozin",Spirit type and kerosene jet fuel,2025-01-01
19.20.24,Nafta,Naphtha,2025-01-01
19.20.25,Plinska ulja,Gas oils,2025-01-01
19.20.26,Srednja nafta; ostali srednji preparati,Medium petroleum oils; other medium preparations,2025-01-01
19.20.27,Ostala loživa ulja,Other fuel oils,2025-01-01
19.20.28,Maziva ulja; ostali teški preparati,Lubricating petroleum oils; other heavy preparations,2025-01-01
19.20.3,"Naftni plinovi i ostali plinoviti ugljikovodici, osim prirodnog plina","Petroleum gases and other gaseous hydrocarbons, except natural gas",2025-01-01
19.20.31,"Propan i butan, ukapljeni","Propane and butane, liquefied",2025-01-01
19.20.32,"Etilen, propilen, butilen i butadien","Ethylene, propylene, butylene, butadiene",2025-01-01
19.20.33,"Ostali naftni plinovi ili plinoviti ugljikovodici, osim prirodnog plina","Other petroleum gases or gaseous hydrocarbons, except natural gas",2025-01-01
19.20.4,Ostali naftni proizvodi,Other petroleum products,2025-01-01
19.20.41,Vazelin; parafinski vosak; naftni i ostali voskovi,Petroleum jelly; paraffin wax; petroleum and other waxes,2025-01-01
19.20.42,Naftni koks; naftni bitumen i drugi ostaci nafte,Petroleum coke; petroleum bitumen and other residues of petroleum oils,2025-01-01
19.20.9,Podugovarateljski poslovi kao dio proizvodnje rafiniranih naftnih proizvoda i proizvoda od fosilnih goriva,Sub-contracted operations as part of manufacturing of refined petroleum products and fossil fuel products,2025-01-01
19.20.99,Podugovarateljski poslovi kao dio proizvodnje rafiniranih naftnih proizvoda i proizvoda od fosilnih goriva,Sub-contracted operations as part of manufacturing of refined petroleum products and fossil fuel products,2025-01-01
20,Kemikalije i kemijski proizvodi,Chemicals and chemical products,2025-01-01
20.1,"Osnovne kemikalije, gnojiva i dušični spojevi, plastika i sintetički kaučuk u primarnim oblicima","Basic chemicals, fertilisers and nitrogen compounds, plastics and synthetic rubber in primary forms",2025-01-01
20.11,Industrijski plinovi,Industrial gases,2025-01-01
20.11.1,Industrijski plinovi,Industrial gases,2025-01-01
20.11.11,"Vodik, argon, rijetki plinovi, dušik i kisik","Hydrogen, argon, rare gases, nitrogen and oxygen",2025-01-01
20.11.12,Ugljikov dioksid i ostali anorganski kisikovi spojevi nemetala,Carbon dioxide and other inorganic oxygen compounds of non-metals,2025-01-01
20.11.13,Tekući i komprimirani zrak,Liquid air and compressed air,2025-01-01
20.11.9,Podugovarateljski poslovi kao dio proizvodnje industrijskih plinova,Sub-contracted operations as part of manufacturing of industrial gases,2025-01-01
20.11.99,Podugovarateljski poslovi kao dio proizvodnje industrijskih plinova,Sub-contracted operations as part of manufacturing of industrial gases,2025-01-01
20.12,Bojila i pigmenti,Dyes and pigments,2025-01-01
20.12.1,"Oksidi, peroksidi i hidroksidi","Oxides, peroxides and hydroxides",2025-01-01
20.12.11,Cinkov oksid i peroksid; titanovi oksidi,Zinc oxide and peroxide; titanium oxides,2025-01-01
20.12.12,"Kromovi, manganovi, olovni i bakreni oksidi i hidroksidi","Chromium, manganese, lead and copper oxides and hydroxides",2025-01-01
20.12.13,"Ostali metalni oksidi, peroksidi i hidroksidi, osim litijeva oksida i hidroksida","Other metal oxides, peroxides and hydroxides, excluding lithium oxide and hydroxide",2025-01-01
20.12.2,Ekstrakti za štavljenje ili bojenje; tanini i njihovi derivati; ostale tvari za bojenje,Tanning or dyeing extracts; tannins and their derivatives; other colouring matter,2025-01-01
20.12.21,Sintetičke organske tvari za bojenje i pripravci na osnovi tih tvari; sintetički organski proizvodi koji se koriste kao sredstva za fluorescentno izbjeljivanje ili kao luminofori; lak-bojila i pripravci na osnovi lak-bojila,Synthetic organic colouring matter and preparations based thereon; synthetic organic products of a kind used as fluorescent brightening agents or as luminophores; colour lakes and preparations based thereon,2025-01-01
20.12.22,"Ekstrakti za štavljenje biljnog podrijetla; tanini i njihove soli, eteri, esteri i ostali derivati; tvari za bojenje biljnog ili životinjskog podrijetla","Tanning extracts of vegetable origin; tannins and their salts, ethers, esters and other derivatives; colouring matter of vegetable or animal origin",2025-01-01
20.12.23,Sintetičke organske tvari za štavljenje; anorganske tvari za štavljenje; pripravci za štavljenje; enzimatski pripravci za predštavljenje,Synthetic organic tanning substances; inorganic tanning substances; tanning preparations; enzymatic preparations for pre-tanning,2025-01-01
20.12.24,Ostale tvari za bojenje; anorganski proizvodi koji se koriste kao luminofori,Other colouring matter; inorganic products of a kind used as luminophores,2025-01-01
20.12.9,Podugovarateljski poslovi kao dio proizvodnje bojila i pigmenata,Sub-contracted operations as part of manufacturing of dyes and pigments,2025-01-01
20.12.99,Podugovarateljski poslovi kao dio proizvodnje bojila i pigmenata,Sub-contracted operations as part of manufacturing of dyes and pigments,2025-01-01
20.13,Ostale anorganske osnovne kemikalije,Other inorganic basic chemicals,2025-01-01
20.13.1,Obogaćeni uran i plutonij; osiromašeni uran i torij; ostali radioaktivni elementi,Enriched uranium and plutonium; depleted uranium and thorium; other radioactive elements,2025-01-01
20.13.11,Obogaćeni uran i plutonij te njihovi spojevi,Enriched uranium and plutonium and their compounds,2025-01-01
20.13.12,Osiromašeni uran i torij te njihovi spojevi,Depleted uranium and thorium and their compounds,2025-01-01
20.13.13,"Ostali radioaktivni elementi i izotopi te njihovi spojevi; slitine, disperzije, keramički proizvodi i mješavine koje sadržavaju te elemente, izotope ili spojeve","Other radioactive elements and isotopes and compounds; alloys, dispersions, ceramic products and mixtures containing these elements, isotopes or compounds",2025-01-01
20.13.14,"Gorivi elementi (patrone), neozračeni, za nuklearne reaktore","Fuel elements (cartridges), non-irradiated, for nuclear reactors",2025-01-01
20.13.2,Ostali kemijski elementi; anorganske kiseline i spojevi,Other chemical elements; inorganic acids and compounds,2025-01-01
20.13.21,Polumetali,Metalloids,2025-01-01
20.13.22,Halogeni ili sumporni spojevi nemetala,Halogen or sulphur compounds of non-metals,2025-01-01
20.13.23,"Alkalni ili zemnoalkalni metali; rijetki zemni metali, skandij i itrij; živa","Alkali or alkaline-earth metals; rare earth metals, scandium and yttrium; mercury",2025-01-01
20.13.24,Klorovodik; oleum; difosforni pentoksid; ostale anorganske kiseline; silicijev i sumporni dioksid,Hydrogen chloride; oleum; diphosphorus pentaoxide; other inorganic acids; silicon and sulphur dioxide,2025-01-01
20.13.25,Litijev oksid i hidroksid,Lithium oxide and hydroxide,2025-01-01
20.13.26,"Ostali oksidi, hidroksidi i peroksidi; hidrazin i hidroksilamin te njihove anorganske soli","Other oxides, hydroxides and peroxides; hydrazine and hydroxylamine and their inorganic salts",2025-01-01
20.13.3,"Metalni halogenati; hipokloriti, klorati i perklorati","Metallic halogenates; hypochlorites, chlorates and perchlorates",2025-01-01
20.13.31,Metalni halogenati,Metallic halogenates,2025-01-01
20.13.32,"Hipokloriti, klorati i perklorati","Hypochlorites, chlorates and perchlorates",2025-01-01
20.13.4,"Sulfidi, sulfati; nitrati, fosfati i karbonati","Sulphides, sulphates; nitrates, phosphates and carbonates",2025-01-01
20.13.41,"Sulfidi, sulfiti i sulfati","Sulphides, sulphites and sulphates",2025-01-01
20.13.42,"Fosfinati, fosfonati, fosfati, polifosfati i nitrati (osim kalija)","Phosphinates, phosphonates, phosphates, polyphosphates and nitrates (except of potassium)",2025-01-01
20.13.43,Karbonati,Carbonates,2025-01-01
20.13.5,Soli ostalih metala,Salts of other metals,2025-01-01
20.13.51,Soli oksimetalnih i peroksimetalnih kiselina; koloidni plemeniti metali,Salts of oxometallic or peroxometallic acids; colloidal precious metals,2025-01-01
20.13.52,Ostali anorganski spojevi; amalgami osim od plementih metala,Other inorganic compounds; amalgams other than amalgams of precious metals,2025-01-01
20.13.6,"Ostale anorganske osnovne kemikalije, d. n.",Other inorganic basic chemicals n.e.c.,2025-01-01
20.13.61,Ostali izotopi i njihovi spojevi,Other isotopes and compounds thereof,2025-01-01
20.13.62,"Cijanidi, oksidi cijanida i kompleksni cijanidi; fulminati, cijanati i tiocijanati; silikati; borati; perborati; ostale soli anorganskih kiselina ili peroksikiselina","Cyanides, cyanide oxides and complex cyanides; fulminates, cyanates and thiocyanates; silicates; borates; perborates; other salts of inorganic acids or peroxoacids",2025-01-01
20.13.63,Vodikov peroksid,Hydrogen peroxide,2025-01-01
20.13.64,"Fosfidi, karbidi, hidridi, nitridi, azidi, silicidi i boridi","Phosphides, carbides, hydrides, nitrides, azides, silicides and borides",2025-01-01
20.13.65,"Spojevi rijetkih zemnih metala, itrija i skandija","Compounds of rare earth metals, of yttrium or of scandium",2025-01-01
20.13.66,"Sumpor, osim sublimiranog, taloženog i koloidnog sumpora","Sulphur, except sublimed sulphur, precipitated sulphur and colloidal sulphur",2025-01-01
20.13.67,Prženi željezni piriti,Roasted iron pyrites,2025-01-01
20.13.68,"Piezoelektrični kremen; ostalo sintetičko ili rekonstruirano drago ili poludrago kamenje, neobrađeno","Piezo-electric quartz; other synthetic or reconstructed precious or semi-precious stones, unworked",2025-01-01
20.13.9,Podugovarateljski poslovi kao dio proizvodnje ostalih anorganskih osnovnih kemikalija,Sub-contracted operations as part of manufacturing of other inorganic basic chemicals,2025-01-01
20.13.99,Podugovarateljski poslovi kao dio proizvodnje ostalih anorganskih osnovnih kemikalija,Sub-contracted operations as part of manufacturing of other inorganic basic chemicals,2025-01-01
20.14,Ostale organske osnovne kemikalije,Other organic basic chemicals,2025-01-01
20.14.1,Ugljikovodici i njihovi derivati,Hydrocarbons and their derivatives,2025-01-01
20.14.11,Aciklički ugljikovodici,Acyclic hydrocarbons,2025-01-01
20.14.12,Ciklički ugljikovodici,Cyclic hydrocarbons,2025-01-01
20.14.13,Klorirani derivati acikličkih ugljikovodika,Chlorinated derivatives of acyclic hydrocarbons,2025-01-01
20.14.14,"Sulfonirani, nitrirani ili nitrozirani derivati ugljikovodika, halogenirani ili nehalogenirani","Sulphonated, nitrated or nitrosated derivatives of hydrocarbons, whether or not halogenated",2025-01-01
20.14.15,Ostali derivati ugljikovodika,Other derivatives of hydrocarbons,2025-01-01
20.14.2,"Alkoholi, fenoli, fenolni alkoholi i njihovi halogenirani, sulfonirani, nitrirani ili nitrozirani derivati; industrijski masni alkoholi","Alcohols, phenols, phenol-alcohols and their halogenated, sulphonated, nitrated or nitrosated derivatives; industrial fatty alcohols",2025-01-01
20.14.21,Industrijski masni alkoholi,Industrial fatty alcohols,2025-01-01
20.14.22,Monohidroksilni alkoholi,Monohydric alcohols,2025-01-01
20.14.23,"Dioli, polialkoholi, ciklički alkoholi i njihovi derivati","Diols, polyalcohols, cyclical alcohols and derivatives thereof",2025-01-01
20.14.24,Fenoli; fenolni alkoholi i derivati fenola,Phenols; phenol-alcohols and derivatives of phenols,2025-01-01
20.14.3,Industrijske monokarbonske masne kiseline; karboksilne kiseline i njihovi derivati,Industrial monocarboxylic fatty acids; carboxylic acids and their derivatives,2025-01-01
20.14.31,Industrijske monokarboksilne masne kiseline; kisela ulja od rafiniranja,Industrial monocarboxylic fatty acids; acid oils from refining,2025-01-01
20.14.32,Zasićene acikličke monokarboksilne kiseline i njihovi derivati,Saturated acyclic monocarboxylic acids and their derivatives,2025-01-01
20.14.33,"Nezasićene monokarboksilne, ciklanske, ciklenske ili cikloterpenske acikličke polikarboksilne kiseline i njihovi derivati","Unsaturated monocarboxylic, cyclanic, cyclenic or cycloterpenic acyclic polycarboxylic acids and their derivatives",2025-01-01
20.14.34,"Aromatske polikarboksilne i karboksilne kiseline s dodatnim kisikovim funkcijama i njihovi derivati, osim salicilne kiseline i njenih soli","Aromatic polycarboxylic and carboxylic acids with additional oxygen functions; and their derivatives, except salicylic acid and its salts",2025-01-01
20.14.4,Organski spojevi s dušikovim funkcijama,Organic compounds with nitrogen functions,2025-01-01
20.14.41,Spojevi s aminofunkcijom,Amine function compounds,2025-01-01
20.14.42,"Aminospojevi s kisikovom funkcijom, osim lizina i glutaminske kiseline","Oxygen-function amino-compounds, except lysine and glutamic acid",2025-01-01
20.14.43,"Ureini; spojevi s karboksiimidnom funkcijom, spojevi s nitrilnom funkcijom; njihovi derivati","Ureines; carboxymide-function compounds, nitrile function compounds; derivatives thereof",2025-01-01
20.14.44,Spojevi s ostalim dušikovim funkcijama,Compounds with other nitrogen functions,2025-01-01
20.14.5,Organski sumporni spojevi i ostali organsko-anorganski spojevi; ostali heterociklički spojevi,Organo-sulphur compounds and other organo-inorganic compounds; other heterocyclic compounds,2025-01-01
20.14.51,Organski sumporni spojevi i ostali organsko-anorganski spojevi,Organo-sulphur and other organo-inorganic compounds,2025-01-01
20.14.52,Ostali heterociklički spojevi; nukleinske kiseline i njihove soli,Other heterocyclic compounds; nucleic acids and their salts,2025-01-01
20.14.53,"Esteri fosforne kiseline i njihove soli te esteri ostalih anorganskih kiselina; i njihovi halogenirani, sulfonirani, nitrirani ili nitrozirani derivati","Phosphoric esters and their salts or esters of other inorganic acids and their salts; and their halogenated, sulphonated, nitrated or nitrosated derivatives",2025-01-01
20.14.6,"Eteri, organski peroksidi, epoksidi, acetali i poluacetali; ostali organski spojevi","Ethers, organic peroxides, epoxides, acetals and hemiacetals; other organic compounds",2025-01-01
20.14.61,Spojevi s aldehidnom funkcijom,Aldehyde function compounds,2025-01-01
20.14.62,Spojevi s ketonskom i kinonskom funkcijom,Ketone and quinone function compounds,2025-01-01
20.14.63,"Eteri, organski peroksidi, epoksidi, acetali i poluacetali te njihovi derivati","Ethers, organic peroxides, epoxides, acetals and hemiacetals and their derivatives",2025-01-01
20.14.64,Enzimi i ostali organski spojevi,Enzymes and other organic compounds,2025-01-01
20.14.7,Raznovrsni osnovni organski kemijski proizvodi,Miscellaneous basic organic chemical products,2025-01-01
20.14.71,Derivati biljnog podrijetla i smolni proizvodi,Derivates of vegetable or resin products,2025-01-01
20.14.72,Drveni ugljen,Wood charcoal,2025-01-01
20.14.73,Ulja i drugi proizvodi destilacije katrana kamenog ugljena na visokoj temperaturi te slični proizvodi,"Oils and other products of the distillation of high temperature coal tar, and similar products",2025-01-01
20.14.74,Nedenaturirani etilni alkohol s volumnim udjelom alkohola ≥ 80 %,Undenatured ethyl alcohol of alcoholic strength by volume of ≥ 80%,2025-01-01
20.14.75,"Etilni alkohol i ostali alkoholi, denaturirani, bilo koje jačine","Ethyl alcohol and other spirits, denatured, of any strength",2025-01-01
20.14.8,"Ostatne lužine iz proizvodnje drvne celuloze, osim tal-ulja","Residual lyes from the manufacture of wood pulp, except tall oil",2025-01-01
20.14.80,"Ostatne lužine iz proizvodnje drvne celuloze, osim tal-ulja","Residual lyes from the manufacture of wood pulp, except tall oil",2025-01-01
20.14.9,Podugovarateljski poslovi kao dio proizvodnje ostalih organskih osnovnih kemikalija,Sub-contracted operations as part of manufacturing of other organic basic chemicals,2025-01-01
20.14.99,Podugovarateljski poslovi kao dio proizvodnje ostalih organskih osnovnih kemikalija,Sub-contracted operations as part of manufacturing of other organic basic chemicals,2025-01-01
20.15,Gnojiva i dušični spojevi,Fertilisers and nitrogen compounds,2025-01-01
20.15.1,Dušična kiselina; sulfodušične kiseline; amonijak,Nitric acid; sulphonitric acids; ammonia,2025-01-01
20.15.10,Dušična kiselina; sulfodušične kiseline; amonijak,Nitric acid; sulphonitric acids; ammonia,2025-01-01
20.15.2,Amonijev klorid; nitriti,Ammonium chloride; nitrites,2025-01-01
20.15.20,Amonijev klorid; nitriti,Ammonium chloride; nitrites,2025-01-01
20.15.3,"Dušična gnojiva, mineralna ili kemijska","Nitrogenous fertilisers, mineral or chemical",2025-01-01
20.15.31,Urea,Urea,2025-01-01
20.15.32,Amonijev sulfat,Ammonium sulphate,2025-01-01
20.15.33,Amonijev nitrat,Ammonium nitrate,2025-01-01
20.15.34,Dvostruke soli i mješavine kalcijeva nitrata i amonijeva nitrata,Double salts and mixtures of calcium nitrate and ammonium nitrate,2025-01-01
20.15.35,Mješavine amonijeva nitrata s kalcijevim karbonatom ili drugim anorganskim negnojivim tvarima,Mixtures of ammonium nitrate with calcium carbonate or other inorganic non-fertilising substances,2025-01-01
20.15.36,Otopine uree i amonijeva nitrata,Urea and ammonium nitrate solutions,2025-01-01
20.15.37,"Ostala dušična gnojiva, mineralna ili kemijska","Other nitrogenous fertilisers, mineral or chemical",2025-01-01
20.15.4,"Fosfatna gnojiva, mineralna ili kemijska","Phosphatic fertilisers, mineral or chemical",2025-01-01
20.15.41,Superfosfati,Superphosphates,2025-01-01
20.15.42,Ostala fosfatna gnojiva,Other phosphatic fertilisers,2025-01-01
20.15.5,"Kalijeva gnojiva, mineralna ili kemijska","Potassic fertilisers, mineral or chemical",2025-01-01
20.15.51,Kalijev klorid,Potassium chloride (muriate of potash),2025-01-01
20.15.52,Kalijev sulfat,Potassium sulphate (sulphate of potash),2025-01-01
20.15.53,Ostala kalijeva gnojiva,Other potassic fertilisers,2025-01-01
20.15.6,Natrijev nitrat,Sodium nitrate,2025-01-01
20.15.60,Natrijev nitrat,Sodium nitrate,2025-01-01
20.15.7,Ostala kemijska ili mineralna gnojiva,Other chemical or mineral fertilisers,2025-01-01
20.15.71,"Gnojiva koja sadržavaju tri gnojiva elementa: dušik, fosfor i kalij","Fertilisers containing three nutrients: nitrogen, phosphorus and potassium",2025-01-01
20.15.72,Diamonijev hidrogenortofosfat (diamonijev fosfat),Diammonium hydrogenorthophosphate (diammonium phosphate),2025-01-01
20.15.73,Monoamonijev fosfat,Monoammonium phosphate,2025-01-01
20.15.74,Gnojiva koja sadržavaju dva gnojiva elementa: dušik i fosfor,Fertilisers containing two nutrients: nitrogen and phosphorus,2025-01-01
20.15.75,Gnojiva koja sadržavaju dva gnojiva elementa: fosfor i kalij,Fertilisers containing two nutrients: phosphorus and potassium,2025-01-01
20.15.76,Kalijevi nitrati,Potassium nitrates,2025-01-01
20.15.79,"Mineralna ili kemijska gnojiva koja sadržavaju najmanje dva gnojiva elementa (dušik, fosfor, kalij), d. n.","Mineral or chemical fertilisers containing at least two nutrients (nitrogen, phosphate, potash) n.e.c.",2025-01-01
20.15.8,Gnojiva životinjskog ili biljnog podrijetla,Animal or vegetable fertilisers,2025-01-01
20.15.80,Gnojiva životinjskog ili biljnog podrijetla,Animal or vegetable fertilisers,2025-01-01
20.15.9,Podugovarateljski poslovi kao dio proizvodnje gnojiva i dušičnih spojeva,Sub-contracted operations as part of manufacturing of fertilisers and nitrogen compounds,2025-01-01
20.15.99,Podugovarateljski poslovi kao dio proizvodnje gnojiva i dušičnih spojeva,Sub-contracted operations as part of manufacturing of fertilisers and nitrogen compounds,2025-01-01
20.16,Plastika u primarnim oblicima,Plastics in primary forms,2025-01-01
20.16.1,"Polimeri etilena, u primarnim oblicima","Polymers of ethylene, in primary forms",2025-01-01
20.16.10,"Polimeri etilena, u primarnim oblicima","Polymers of ethylene, in primary forms",2025-01-01
20.16.2,"Polimeri stirena, u primarnim oblicima","Polymers of styrene, in primary forms",2025-01-01
20.16.20,"Polimeri stirena, u primarnim oblicima","Polymers of styrene, in primary forms",2025-01-01
20.16.3,"Polimeri vinilklorida i drugih halogeniranih olefina, u primarnim oblicima","Polymers of vinyl chloride or of other halogenated olefins, in primary forms",2025-01-01
20.16.30,"Polimeri vinilklorida i drugih halogeniranih olefina, u primarnim oblicima","Polymers of vinyl chloride or of other halogenated olefins, in primary forms",2025-01-01
20.16.4,"Poliacetali, ostali polieteri i epoksidne smole, u primarnim oblicima; polikarbonati, alkidne smole, polialil esteri i ostali poliesteri, u primarnim oblicima","Polyacetals, other polyethers and epoxide resins, in primary forms; polycarbonates, alkyd resins, polyallyl esters and other polyesters, in primary forms",2025-01-01
20.16.40,"Poliacetali, ostali polieteri i epoksidne smole, u primarnim oblicima; polikarbonati, alkidne smole, polialil esteri i ostali poliesteri, u primarnim oblicima","Polyacetals, other polyethers and epoxide resins, in primary forms; polycarbonates, alkyd resins, polyallyl esters and other polyesters, in primary forms",2025-01-01
20.16.5,Ostala plastika u primarnim oblicima,Other plastics in primary forms,2025-01-01
20.16.51,"Polimeri propilena i drugih olefina, u primarnim oblicima","Polymers of propylene or of other olefins, in primary forms",2025-01-01
20.16.52,"Polimeri vinilacetata ili drugih vinilestera te ostali vinilpolimeri, u primarnim oblicima","Polymers of vinyl acetate or of other vinyl esters and other vinyl polymers, in primary forms",2025-01-01
20.16.53,"Akrilni polimeri, u primarnim oblicima","Acrylic polymers, in primary forms",2025-01-01
20.16.54,"Poliamidi, u primarnim oblicima","Polyamides, in primary forms",2025-01-01
20.16.55,"Urea smole, tiourea smole i melaminske smole, u primarnim oblicima","Urea resins, thiourea resins and melamine resins, in primary forms",2025-01-01
20.16.56,"Ostale aminosmole, fenolne smole i poliuretani, u primarnim oblicima","Other amino-resins, phenolic resins and polyurethanes, in primary forms",2025-01-01
20.16.57,"Silikoni, u primarnim oblicima","Silicones, in primary forms",2025-01-01
20.16.59,"Ostala plastika u primarnim oblicima, d. n.","Other plastics, in primary forms, n.e.c.",2025-01-01
20.16.9,Podugovarateljski poslovi kao dio proizvodnje plastike u primarnim oblicima,Sub-contracted operations as part of manufacturing of plastics in primary forms,2025-01-01
20.16.99,Podugovarateljski poslovi kao dio proizvodnje plastike u primarnim oblicima,Sub-contracted operations as part of manufacturing of plastics in primary forms,2025-01-01
20.17,Sintetički kaučuk u primarnim oblicima,Synthetic rubber in primary forms,2025-01-01
20.17.1,Sintetički kaučuk u primarnim oblicima,Synthetic rubber in primary forms,2025-01-01
20.17.10,Sintetički kaučuk u primarnim oblicima,Synthetic rubber in primary forms,2025-01-01
20.17.9,Podugovarateljski poslovi kao dio proizvodnje sintetičkog kaučuka u primarnim oblicima,Sub-contracted operations as part of manufacturing of synthetic rubber in primary forms,2025-01-01
20.17.99,Podugovarateljski poslovi kao dio proizvodnje sintetičkog kaučuka u primarnim oblicima,Sub-contracted operations as part of manufacturing of synthetic rubber in primary forms,2025-01-01
20.2,"Pesticidi, dezinficijensi i drugi agrokemijski proizvodi","Pesticides, disinfectants and other agrochemical products",2025-01-01
20.20,"Pesticidi, dezinficijensi i drugi agrokemijski proizvodi","Pesticides, disinfectants and other agrochemical products",2025-01-01
20.20.1,"Pesticidi, dezinficijensi i drugi agrokemijski proizvodi","Pesticides, disinfectants and other agrochemical products",2025-01-01
20.20.11,Insekticidi,Insecticides,2025-01-01
20.20.12,Herbicidi,Herbicides,2025-01-01
20.20.13,Sredstva protiv klijanja i za reguliranje rasta biljaka,Anti-sprouting products and plant growth regulators,2025-01-01
20.20.14,Dezinficijensi,Disinfectants,2025-01-01
20.20.15,Fungicidi,Fungicides,2025-01-01
20.20.16,Opasni pesticidi,Hazardous pesticides,2025-01-01
20.20.17,Ostali pesticidi i agrokemijski proizvodi,Other pesticides and agrochemical products,2025-01-01
20.20.9,"Podugovarateljski poslovi kao dio proizvodnje pesticida, dezinficijensa i drugih agrokemijskih proizvoda","Sub-contracted operations as part of manufacturing of pesticides, disinfectants and other agrochemical products",2025-01-01
20.20.99,"Podugovarateljski poslovi kao dio proizvodnje pesticida, dezinficijensa i drugih agrokemijskih proizvoda","Sub-contracted operations as part of manufacturing of pesticides, disinfectants and other agrochemical products",2025-01-01
20.3,"Boje, lakovi i slični premazi, grafičke boje i kitovi","Paints, varnishes and similar coatings, printing ink and mastics",2025-01-01
20.30,"Boje, lakovi i slični premazi, grafičke boje i kitovi","Paints, varnishes and similar coatings, printing ink and mastics",2025-01-01
20.30.1,Boje i lakovi na osnovi polimera,Paints and varnishes based on polymers,2025-01-01
20.30.11,"Boje i lakovi na osnovi akrilnih ili vinilnih polimera, u vodenom mediju","Paints and varnishes based on acrylic or vinyl polymers, in an aqueous medium",2025-01-01
20.30.12,"Boje i lakovi na osnovi poliestera, akrilnih ili vinilnih polimera, u nevodenom mediju; otopine","Paints and varnishes based on polyesters, acrylic or vinyl polymers, in a non-aqueous medium; solutions",2025-01-01
20.30.2,Ostale boje i lakovi te slični proizvodi; umjetničke i grafičke boje,Other paints and varnishes and related products; artists' colour and printing ink,2025-01-01
20.30.21,"Pripravljeni pigmenti, opacifijenti i koloranti, staklasti emajli i glazure, prevlake, tekući keramički lakovi i slični preparati; frite od stakla","Prepared pigments, opacifiers and colours, vitrifiable enamels and glazes, engobes, liquid lustres and the like; glass frit",2025-01-01
20.30.22,Ostale boje i lakovi; pripremljeni sikativi,Other paints and varnishes; prepared driers,2025-01-01
20.30.23,"Boje za umjetničko slikarstvo, nastavu ili pismoslikarstvo, boje za toniranje, boje za zabavu i slično","Artists', students' or signboard painters' colours, modifying tints, amusement colours and the like",2025-01-01
20.30.24,Grafičke boje,Printing ink,2025-01-01
20.30.9,"Podugovarateljski poslovi kao dio proizvodnje boja, lakova i sličnih premaza, grafičkih boja i kitova","Sub-contracted operations as part of manufacturing of paints, varnishes and similar coatings, printing ink and mastics",2025-01-01
20.30.99,"Podugovarateljski poslovi kao dio proizvodnje boja, lakova i sličnih premaza, grafičkih boja i kitova","Sub-contracted operations as part of manufacturing of paints, varnishes and similar coatings, printing ink and mastics",2025-01-01
20.4,"Sapuni i deterdženti, sredstva za čišćenje i poliranje, parfemi i toaletno-kozmetički preparati","Soap and detergents, cleaning and polishing preparations, perfumes and toilet preparations",2025-01-01
20.41,"Sapuni i deterdženti, sredstva za čišćenje i poliranje","Soap and detergents, cleaning and polishing preparations",2025-01-01
20.41.1,Glicerol,Glycerol,2025-01-01
20.41.10,Glicerol,Glycerol,2025-01-01
20.41.2,"Organska površinski aktivna sredstva, osim sapuna","Organic surface-active agents, except soap",2025-01-01
20.41.20,"Organska površinski aktivna sredstva, osim sapuna","Organic surface-active agents, except soap",2025-01-01
20.41.3,"Sapuni, sredstva za pranje i čišćenje","Soap, washing and cleaning preparations",2025-01-01
20.41.31,"Sapuni i organska površinski aktivna sredstva i preparati koji se koriste kao sapun; papir, vata, pust i netkani tekstilni materijali, impregnirani, premazani ili prekriveni sapunom ili deterdžentom","Soap and organic surface-active products and preparations for use as soap; paper, wadding, felt and non-wovens, impregnated, coated or covered with soap or detergent",2025-01-01
20.41.32,Deterdženti i sredstva za pranje,Detergents and washing preparations,2025-01-01
20.41.4,Mirisni preparati i voskovi,Odoriferous preparations and waxes,2025-01-01
20.41.41,Preparati za parfimiranje ili dezodoriranje prostorija,Preparations for perfuming or deodorising rooms,2025-01-01
20.41.42,Umjetni i pripremljeni voskovi,Artificial waxes and prepared waxes,2025-01-01
20.41.43,"Politure i laštila za obuću, namještaj, podove, karoserije, staklo ili metal","Polishes and creams, for footwear, furniture, floors, coachwork, glass or metal",2025-01-01
20.41.44,"Paste, praškovi i ostala sredstva za čišćenje",Scouring pastes and powders and other scouring preparations,2025-01-01
20.41.9,"Podugovarateljski poslovi kao dio proizvodnje sapuna i deterdženata, sredstava za čišćenje i poliranje","Sub-contracted operations as part of manufacturing of soap and detergents, cleaning and polishing preparations",2025-01-01
20.41.99,"Podugovarateljski poslovi kao dio proizvodnje sapuna i deterdženata, sredstava za čišćenje i poliranje","Sub-contracted operations as part of manufacturing of soap and detergents, cleaning and polishing preparations",2025-01-01
20.42,Parfemi i toaletno-kozmetički preparati,Perfumes and toilet preparations,2025-01-01
20.42.1,Parfemi i toaletno-kozmetički preparati,Perfumes and toilet preparations,2025-01-01
20.42.11,Parfemi i toaletne vode,Perfumes and toilet waters,2025-01-01
20.42.12,Proizvodi za šminkanje usana i očiju,Lip and eye make-up preparations,2025-01-01
20.42.13,Preparati za manikiranje ili pedikiranje,Manicure or pedicure preparations,2025-01-01
20.42.14,Puderi za kozmetičku ili toaletnu uporabu,Powders for cosmetic or toilet use,2025-01-01
20.42.15,Ostala dekorativna kozmetika i preparati za njegu kože,"Other beauty, make-up or skin-care preparations",2025-01-01
20.42.16,"Šamponi, lakovi za kosu, preparati za trajno kovrčanje i ispravljanje kose","Shampoos, hair lacquers, preparations for permanent waving or straightening",2025-01-01
20.42.17,Ostali losioni i ostali preparati za kosu,Other lotions and other preparations for use on the hair,2025-01-01
20.42.18,"Preparati za usnu i zubnu higijenu, konac za čišćenje zubi","Preparations for oral or dental hygiene, dental floss",2025-01-01
20.42.19,"Preparati za brijanje; dezodoransi za osobnu uporabu i preparati protiv znojenja; preparati za kupanje; ostali parfimerijski, kozmetički i toaletni preparati, d. n.","Shaving preparations; personal deodorants and antiperspirants; bath preparations; other perfumery, cosmetic or toilet preparations n.e.c.",2025-01-01
20.42.9,Podugovarateljski poslovi kao dio proizvodnje parfema i toaletno-kozmetičkih preparata,Sub-contracted operations as part of manufacturing of perfumes and toilet preparations,2025-01-01
20.42.99,Podugovarateljski poslovi kao dio proizvodnje parfema i toaletno-kozmetičkih preparata,Sub-contracted operations as part of manufacturing of perfumes and toilet preparations,2025-01-01
20.5,Ostali kemijski proizvodi,Other chemical products,2025-01-01
20.51,Tekuća biogoriva,Liquid biofuels,2025-01-01
20.51.1,Tekuća biogoriva,Liquid biofuels,2025-01-01
20.51.10,Tekuća biogoriva,Liquid biofuels,2025-01-01
20.51.9,Podugovarateljski poslovi kao dio proizvodnje tekućih biogoriva,Sub-contracted operations as part of manufacturing of liquid biofuels,2025-01-01
20.51.99,Podugovarateljski poslovi kao dio proizvodnje tekućih biogoriva,Sub-contracted operations as part of manufacturing of liquid biofuels,2025-01-01
20.59,"Ostali kemijski proizvodi, d. n.",Other chemical products n.e.c.,2025-01-01
20.59.1,Fotografske ploče i filmovi te samorazvijajući filmovi; kemijski preparati i nemiješani proizvodi za fotografsku uporabu,"Photographic plates and film, instant print film; chemical preparations and unmixed products for photographic uses",2025-01-01
20.59.11,"Fotografske ploče i filmovi, te samorazvijajući filmovi, osjetljivi, neeksponirani; fotopapir","Photographic plates and film and instant print film, sensitised, unexposed; photographic paper",2025-01-01
20.59.12,Fotografske emulzije osjetljive na svjetlost; ostali kemijski preparati za fotografsku uporabu,Sensitising emulsions for photographic uses; other chemical preparations for photographic uses,2025-01-01
20.59.2,"Životinjske ili biljne masti i ulja, kemijski modificirani; nejestive mješavine životinjskih ili biljnih masti i ulja",Chemically modified animal or vegetable fats and oils; inedible mixtures of animal or vegetable fats or oils,2025-01-01
20.59.20,"Životinjske ili biljne masti i ulja, kemijski modificirani; nejestive mješavine životinjskih ili biljnih masti i ulja",Chemically modified animal or vegetable fats and oils; inedible mixtures of animal or vegetable fats or oils,2025-01-01
20.59.3,Tuševi i tinte za pisanje i crtanje te ostale tinte,Writing or drawing ink and other inks,2025-01-01
20.59.30,Tuševi i tinte za pisanje i crtanje te ostale tinte,Writing or drawing ink and other inks,2025-01-01
20.59.4,Preparati za podmazivanje; aditivi; antifriz,Lubricating preparations; additives; anti-freezing preparations,2025-01-01
20.59.41,Preparati za podmazivanje,Lubricating preparations,2025-01-01
20.59.42,Antidetonatorski preparati; aditivi za mineralna ulja i slični proizvodi,Anti-knock preparations; additives for mineral oils and similar products,2025-01-01
20.59.43,Tekućina za hidraulične kočnice; antifriz i preparati za odleđivanje,Hydraulic brake fluids; anti-freezing preparations and prepared de-icing fluids,2025-01-01
20.59.5,Raznovrsni kemijski proizvodi,Miscellaneous chemical products,2025-01-01
20.59.51,"Ostali peptoni, ostale bjelančevinaste tvari i njihovi derivati; kožni prah","Other peptones, other protein substances and their derivatives; hide powder",2025-01-01
20.59.52,Mase za modeliranje; zubni vosak te drugi preparati za uporabu u zubarstvu na osnovi gipsa; preparati i punila za aparate za gašenje požara; pripremljene podloge za razvoj mikroorganizama; ostali dijagnostički i laboratorijski reagensi,Modelling pastes; dental wax and other preparations for use in dentistry with a basis of plaster; preparations and charges for fire extinguishers; prepared culture media for development of micro-organisms; other composite diagnostic or laboratory reagents,2025-01-01
20.59.53,Kemijski elementi u obliku diskova i kemijski spojevi dopirani za uporabu u elektronici,Chemical elements in disk form and compounds doped for use in electronics,2025-01-01
20.59.54,Aktivni ugljen,Activated carbon,2025-01-01
20.59.55,"Sredstva za doradu, nosači boja, sredstva za ubrzavanje i fiksiranje boja te slični proizvodi","Finishing agents, dye carriers to accelerate the dyeing or fixing of dye-stuffs and similar products",2025-01-01
20.59.56,Preparati za luženje (dekapiranje) metala; talitelji; pripremljeni ubrzivači vulkanizacije za gumu; složeni plastifikatori i stabilizatori za gumu i plastiku; ostali katalitički preparati; ostali miješani alkilbenzeni i miješani alkilnaftaleni,Pickling preparations; fluxes; prepared rubber accelerators; compound plasticisers and stabilisers for rubber or plastics; other catalytic preparations; other mixed alkylbenzenes and mixed alkylnaphthalenes,2025-01-01
20.59.57,Pripremljena vezivna sredstva za ljevaoničke kalupe ili jezgre; kemijski proizvodi,Prepared binders for foundry moulds or cores; chemical products,2025-01-01
20.59.59,"Raznovrsni ostali kemijski proizvodi, d. n.",Miscellaneous other chemical products n.e.c.,2025-01-01
20.59.6,Želatina i derivati želatine; ljepila,Gelatines and gelatine derivatives; glues,2025-01-01
20.59.61,Želatina i derivati želatine,Gelatines and gelatine derivatives,2025-01-01
20.59.62,Ljepila,Glues,2025-01-01
20.59.7,Eterična ulja,Essential oils,2025-01-01
20.59.70,Eterična ulja,Essential oils,2025-01-01
20.59.8,Eksplozivi,Explosives,2025-01-01
20.59.81,Barut i pripremljeni eksplozivi,Propellant powders and prepared explosives,2025-01-01
20.59.82,Sigurnosni (sporogoreći) štapini; detonirajući štapini; kapsule; upaljači; električni detonatori,Safety fuses; detonating fuses; caps; igniters; electric detonators,2025-01-01
20.59.83,Pirotehnički proizvodi za vatromet,Fireworks,2025-01-01
20.59.84,"Signalne rakete, rakete protiv tuče, za signalizaciju u magli i drugi pirotehnički proizvodi","Signalling flares, rain rockets, fog signals and other pyrotechnic articles",2025-01-01
20.59.85,Šibice,Matches,2025-01-01
20.59.9,"Podugovarateljski poslovi kao dio proizvodnje ostalih kemijskih proizvoda, d. n.",Sub-contracted operations as part of manufacturing of other chemical products n.e.c.,2025-01-01
20.59.99,"Podugovarateljski poslovi kao dio proizvodnje ostalih kemijskih proizvoda, d. n.",Sub-contracted operations as part of manufacturing of other chemical products n.e.c.,2025-01-01
20.6,Umjetna vlakna,Man-made fibres,2025-01-01
20.60,Umjetna vlakna,Man-made fibres,2025-01-01
20.60.1,Sintetička vlakna,Synthetic fibres,2025-01-01
20.60.11,"Sintetička rezana vlakna i kablovi, negrebenani i nečešljani","Synthetic staple and tow, not carded or combed",2025-01-01
20.60.12,"Pređa od sintetičkih filamenata, velike čvrstoće, od poliamida i poliestera",Polyamide and polyester high tenacity filament yarn,2025-01-01
20.60.13,"Pređa od ostalih sintetičkih filamenata, jednonitna","Other synthetic filament yarn, single",2025-01-01
20.60.14,"Sintetički monofilamenti; vrpce i slično, od sintetičkih tekstilnih materijala","Synthetic monofilament; strip and the like, of synthetic textile materials",2025-01-01
20.60.2,Umjetna vlakna,Artificial fibres,2025-01-01
20.60.21,"Umjetna rezana vlakna i kabeli, negrebenani i nečešljani","Artificial staple and tow, not carded or combed",2025-01-01
20.60.22,"Pređa od umjetnih filamenata, velike čvrstoće, od viskoze",Viscose high tenacity filament yarn,2025-01-01
20.60.23,"Pređa od ostalih umjetnih filamenata, jednonitna","Other artificial filament yarn, single",2025-01-01
20.60.24,"Umjetni monofilament; vrpce i slično, od umjetnih tekstilnih materijala",Artificial monofilament; strip and the like of artificial textile materials,2025-01-01
20.60.9,Podugovarateljski poslovi kao dio proizvodnje umjetnih vlakana,Sub-contracted operations as part of manufacturing of man-made fibres,2025-01-01
20.60.99,Podugovarateljski poslovi kao dio proizvodnje umjetnih vlakana,Sub-contracted operations as part of manufacturing of man-made fibres,2025-01-01
21,Osnovni farmaceutski proizvodi i farmaceutski pripravci,Basic pharmaceutical products and pharmaceutical preparations,2025-01-01
21.1,Osnovni farmaceutski proizvodi,Basic pharmaceutical products,2025-01-01
21.10,Osnovni farmaceutski proizvodi,Basic pharmaceutical products,2025-01-01
21.10.1,"Salicilna kiselina, O-acetilsalicilna kiselina, njihove soli i esteri","Salicylic acid, O-acetylsalicylic acid, their salts and esters",2025-01-01
21.10.10,"Salicilna kiselina, O-acetilsalicilna kiselina, njihove soli i esteri","Salicylic acid, O-acetylsalicylic acid, their salts and esters",2025-01-01
21.10.2,"Lizin, glutaminska kiselina i njihove soli; kvarterne amonijeve soli i hidroksidi; fosfoaminolipidi; amidi, njihovi derivati i soli","Lysine, glutamic acid and their salts; quaternary ammonium salts and hydroxides; phosphoaminolipids; amides and their derivatives and salts thereof",2025-01-01
21.10.20,"Lizin, glutaminska kiselina i njihove soli; kvarterne amonijeve soli i hidroksidi; fosfoaminolipidi; amidi, njihovi derivati i soli","Lysine, glutamic acid and their salts; quaternary ammonium salts and hydroxides; phosphoaminolipids; amides and their derivatives and salts thereof",2025-01-01
21.10.3,"Ostali laktoni, heterociklički spojevi samo s heteroatomom ili heteroatomima dušika, koji u strukturi sadržavaju nekondenzirani pirazolov prsten, pirimidinov prsten, piperazinov prsten, nekondenzirani triazinov prsten ili sustav fenatiazinovih prstena dalje nekondenziranih; hidantion i njegovi derivati; sulfonamidi","Other lactones, heterocyclic compounds with nitrogen hetero-atom(s) only, containing an unfused pyrazole ring, a pyrimidine ring, a piperazine ring, an unfused triazine ring or a phenothiazine ring system not further fused; hydantoin and its derivatives; sulphonamides",2025-01-01
21.10.31,"Ostali laktoni, heterociklički spojevi samo s heteroatomom ili heteroatomima dušika, koji u strukturi sadržavaju nekondenzirani pirazolov prsten, pirimidinov prsten, piperazinov prsten, nekondenzirani triazinov prsten ili sustav fenatiazinovih prstena dalje nekondenziranih; hidantion i njegovi derivati","Other lactones, heterocyclic compounds with nitrogen hetero-atom(s) only, containing an unfused pyrazole ring, a pyrimidine ring, a piperazine ring, an unfused triazine ring or a phenothiazine ring system not further fused; hydantoin and its derivatives",2025-01-01
21.10.32,Sulfonamidi,Sulphonamides,2025-01-01
21.10.4,"Ostali šećeri, kemijski čisti; ostali šećerni eteri i esteri te njihove soli","Other sugars, chemically pure; other sugar ethers and esters and their salts",2025-01-01
21.10.40,"Ostali šećeri, kemijski čisti; ostali šećerni eteri i esteri te njihove soli","Other sugars, chemically pure; other sugar ethers and esters and their salts",2025-01-01
21.10.5,"Provitamini, vitamini i hormoni; glikozidi i biljni alkaloidi i njihovi derivati; antibiotici","Provitamins, vitamins and hormones; glycosides and vegetable alkaloids and their derivatives; antibiotics",2025-01-01
21.10.51,"Provitamini, vitamini i njihovi derivati","Provitamins, vitamins and their derivatives",2025-01-01
21.10.52,Hormoni i njihovi derivati; ostali steroidi koji se primarno koriste kao hormoni,"Hormones, derivatives thereof; other steroids, used primarily as hormones",2025-01-01
21.10.53,"Glikozidi, biljni alkaloidi, njihove soli, eteri, esteri i ostali derivati","Glycosides, vegetable alkaloids, their salts, ethers, esters and other derivatives",2025-01-01
21.10.54,Antibiotici,Antibiotics,2025-01-01
21.10.6,Žlijezde i ostali organi; njihovi ekstrakti i ostale tvari ljudskog ili životinjskog podrijetla,Glands and other organs; extracts thereof and other human or animal substances,2025-01-01
21.10.60,Žlijezde i ostali organi; njihovi ekstrakti i ostale tvari ljudskog ili životinjskog podrijetla,Glands and other organs; extracts thereof and other human or animal substances,2025-01-01
21.10.9,Podugovarateljski poslovi kao dio proizvodnje osnovnih farmaceutskih proizvoda,Sub-contracted operations as part of manufacturing of basic pharmaceutical products,2025-01-01
21.10.99,Podugovarateljski poslovi kao dio proizvodnje osnovnih farmaceutskih proizvoda,Sub-contracted operations as part of manufacturing of basic pharmaceutical products,2025-01-01
21.2,Farmaceutski pripravci,Pharmaceutical preparations,2025-01-01
21.20,Farmaceutski pripravci,Pharmaceutical preparations,2025-01-01
21.20.1,Lijekovi,Medicaments,2025-01-01
21.20.11,Lijekovi koji sadržavaju peniciline ili druge antibiotike,"Medicaments, containing penicillins or other antibiotics",2025-01-01
21.20.12,"Lijekovi koji sadržavaju hormone, ali ne antibiotike","Medicaments, containing hormones, but not antibiotics",2025-01-01
21.20.19,"Lijekovi, d. n.",Medicaments n.e.c.,2025-01-01
21.20.2,Ostali farmaceutski pripravci,Other pharmaceutical preparations,2025-01-01
21.20.21,Antiserumi i cjepiva,Antisera and vaccines,2025-01-01
21.20.22,Kemijska sredstva za kontracepciju na osnovi hormona ili spermicida,Chemical contraceptive preparations based on hormones or spermicides,2025-01-01
21.20.23,Dijagnostički reagensi i ostali farmaceutski pripravci,Diagnostic reagents and other pharmaceutical preparations,2025-01-01
21.20.24,"Ljepljivi zavoji, kirurški katgut i slični proizvodi; kutije za prvu pomoć","Adhesive dressings, catgut and similar materials; first-aid boxes",2025-01-01
21.20.9,Podugovarateljski poslovi kao dio proizvodnje farmaceutskih pripravaka,Sub-contracted operations as part of manufacturing of pharmaceutical preparations,2025-01-01
21.20.99,Podugovarateljski poslovi kao dio proizvodnje farmaceutskih pripravaka,Sub-contracted operations as part of manufacturing of pharmaceutical preparations,2025-01-01
22,Proizvodi od gume i plastike,Rubber and plastic products,2025-01-01
22.1,Proizvodi od gume,Rubber products,2025-01-01
22.11,Vanjske i unutarnje gume (zračnice); protektiranje i obnova vanjskih i unutarnjih guma,Rubber tyres and tubes; retreading and rebuilding of rubber tyres,2025-01-01
22.11.1,Nove vanjske i unutarnje gume (zračnice),New rubber tyres and tubes,2025-01-01
22.11.11,"Nove vanjske pneumatske gume, za motorna vozila","New pneumatic tyres, of rubber, of a kind used on motor cars",2025-01-01
22.11.12,"Nove vanjske pneumatske gume, za bicikle i motocikle","New pneumatic tyres, of rubber, of a kind used on motorcycles or bicycles",2025-01-01
22.11.13,"Nove vanjske pneumatske gume, za autobuse, kamione i zrakoplove","New pneumatic tyres, of rubber, of a kind used on buses, lorries or aircraft",2025-01-01
22.11.14,Vanjske gume za poljoprivredna vozila; ostale nove vanjske pneumatske gume,"Agrarian tyres; other new pneumatic tyres, of rubber",2025-01-01
22.11.15,"Unutarnje gume, pune gume ili gume sa zračnim komorama, zamjenjivi gumeni dijelovi vanjskih guma","Inner tubes, solid or cushion tyres, interchangeable tyre treads and tyre flaps, of rubber",2025-01-01
22.11.16,Profilirane vrpce sa šarama za protektiranje vanjskih guma,Camel-back strips for retreading rubber tyres,2025-01-01
22.11.2,Protektirane pneumatske vanjske gume,"Retreaded pneumatic tyres, of rubber",2025-01-01
22.11.20,Protektirane pneumatske vanjske gume,"Retreaded pneumatic tyres, of rubber",2025-01-01
22.11.9,Podugovarateljski poslovi kao dio proizvodnje vanjskih i unutarnjih guma (zračnica); protektiranje i obnova vanjskih i unutarnjih guma,Sub-contracted operations as part of manufacturing of rubber tyres and tubes; retreading and rebuilding of rubber tyres,2025-01-01
22.11.99,Podugovarateljski poslovi kao dio proizvodnje vanjskih i unutarnjih guma (zračnica); protektiranje i obnova vanjskih i unutarnjih guma,Sub-contracted operations as part of manufacturing of rubber tyres and tubes; retreading and rebuilding of rubber tyres,2025-01-01
22.12,Ostali proizvodi od gume,Other rubber products,2025-01-01
22.12.1,"Regenerirana guma u primarnim oblicima ili u pločama, listovima ili trakama","Reclaimed rubber in primary forms or in plates, sheets or strip",2025-01-01
22.12.10,"Regenerirana guma u primarnim oblicima ili u pločama, listovima ili trakama","Reclaimed rubber in primary forms or in plates, sheets or strip",2025-01-01
22.12.2,"Nevulkanizirana guma i proizvodi od nevulkanizirane gume; vulkanizirana guma, osim tvrde gume, u nitima, kordu, pločama, listovima, trakama, šipkama i profilima","Unvulcanised rubber and articles thereof; vulcanised rubber, other than hard rubber, in thread, cord, plates, sheets, strip, rods and profile shapes",2025-01-01
22.12.20,"Nevulkanizirana guma i proizvodi od nevulkanizirane gume; vulkanizirana guma, osim tvrde gume, u nitima, kordu, pločama, listovima, trakama, šipkama i profilima","Unvulcanised rubber and articles thereof; vulcanised rubber, other than hard rubber, in thread, cord, plates, sheets, strip, rods and profile shapes",2025-01-01
22.12.3,"Cijevi i crijeva od vulkanizirane gume, osim od tvrde gume","Tubes, pipes and hoses, of vulcanised rubber other than hard rubber",2025-01-01
22.12.30,"Cijevi i crijeva od vulkanizirane gume, osim od tvrde gume","Tubes, pipes and hoses, of vulcanised rubber other than hard rubber",2025-01-01
22.12.4,"Pogonsko i transportno remenje, od vulkanizirane gume","Conveyor or transmission belts or belting, of vulcanised rubber",2025-01-01
22.12.40,"Pogonsko i transportno remenje, od vulkanizirane gume","Conveyor or transmission belts or belting, of vulcanised rubber",2025-01-01
22.12.5,"Gumirani tekstilni proizvodi, osim od gumenog korda","Rubberised textile fabrics, except tyre cord fabric",2025-01-01
22.12.50,"Gumirani tekstilni proizvodi, osim od gumenog korda","Rubberised textile fabrics, except tyre cord fabric",2025-01-01
22.12.6,"Odjevni predmeti i pribor za odjeću od vulkanizirane gume, osim od tvrde gume","Articles of apparel and clothing accessories, of vulcanised rubber other than hard rubber",2025-01-01
22.12.60,"Odjevni predmeti i pribor za odjeću od vulkanizirane gume, osim od tvrde gume","Articles of apparel and clothing accessories, of vulcanised rubber other than hard rubber",2025-01-01
22.12.7,Ostali proizvodi od vulkanizirane gume; tvrda guma; proizvodi od tvrde gume,Other articles of vulcanised rubber; hard rubber; articles of hard rubber,2025-01-01
22.12.71,"Higijenski ili farmaceutski proizvodi, od vulkanizirane gume, osim od tvrde gume","Hygienic or pharmaceutical articles, of vulcanised rubber other than hard rubber",2025-01-01
22.12.72,"Podni pokrivači i prostirke, od vulkanizirane gume, osim od pjenaste gume","Floor coverings and mats, of vulcanised rubber other than cellular",2025-01-01
22.12.73,"Ostali raznovrsni proizvodi od vulkanizirane gume; tvrda guma u svim oblicima i njezini proizvodi; podni pokrivači i prostirke, od vulkanizirane pjenaste gume","Other miscellaneous articles of vulcanised rubber; hard rubber in all forms and articles thereof; floor coverings and mats, of vulcanised cellular rubber",2025-01-01
22.12.9,Podugovarateljski poslovi kao dio proizvodnje ostalih proizvoda od gume,Sub-contracted operations as part of manufacturing of other rubber products,2025-01-01
22.12.99,Podugovarateljski poslovi kao dio proizvodnje ostalih proizvoda od gume,Sub-contracted operations as part of manufacturing of other rubber products,2025-01-01
22.2,Proizvodi od plastike,Plastic products,2025-01-01
22.21,"Ploče, listovi, cijevi i profili od plastike","Plastic plates, sheets, tubes and profiles",2025-01-01
22.21.1,"Monofilamenti presjeka > 1 mm, šipke, štapovi i profilni oblici, od plastike","Monofilament > 1 mm, rods, sticks and profile shapes, of plastics",2025-01-01
22.21.10,"Monofilamenti presjeka > 1 mm, šipke, štapovi i profilni oblici, od plastike","Monofilament > 1 mm, rods, sticks and profile shapes, of plastics",2025-01-01
22.21.2,"Cijevi, crijeva i njihov pribor, od plastike","Tubes, pipes and hoses and fittings thereof, of plastics",2025-01-01
22.21.21,"Umjetna crijeva od skrućenih bjelančevina ili celuloznih materijala; krute cijevi i crijeva, od plastike","Artificial guts, of hardened proteins or of cellulosic materials; tubes, pipes and hoses, rigid, of plastics",2025-01-01
22.21.22,"Ostale cijevi, crijeva i pribor od plastike","Other tubes, pipes, hoses and fittings thereof, of plastics",2025-01-01
22.21.3,"Ploče, listovi, filmovi, folije i vrpce, od plastike necelularne strukture, nepojačani, laminirani, pojačani ili slično kombinirani s drugim materijalima","Plates, sheets, film, foil and strip, of non-cellular plastics, not reinforced, laminated, supported or similarly combined with other materials",2025-01-01
22.21.30,"Ploče, listovi, filmovi, folije i vrpce, od plastike necelularne strukture, nepojačani, laminirani, pojačani ili slično kombinirani s drugim materijalima","Plates, sheets, film, foil and strip, of non-cellular plastics, not reinforced, laminated, supported or similarly combined with other materials",2025-01-01
22.21.4,"Ostale ploče, listovi, filmovi, folije i vrpce od plastike","Other plates, sheets, film, foil and strip, of plastics",2025-01-01
22.21.41,"Samoljepljive ploče, listovi, filmovi, folije, vrpce, trake i drugi ravni oblici, od plastike, u rolama širine ≤ 20 cm","Self-adhesive plates, sheets, film, foil, tapes, strip and other flat shapes of plastics, in rolls of width ≤ 20 cm",2025-01-01
22.21.42,"Ostale samoljepljive ploče, listovi, filmovi, folije, vrpce, trake i drugi ravni oblici, od plastike","Other self-adhesive plates, sheets, film, foil, tapes, strip and other flat shapes of plastics",2025-01-01
22.21.43,"Ostale ploče, listovi, filmovi, folije i vrpce od plastike, celularne strukture","Other plates, sheets, film, foil and strip, of plastics, cellular",2025-01-01
22.21.44,"Ostale ploče, listovi, filmovi, folije i vrpce od plastike, necelularne strukture","Other plates, sheets, film, foil and strip, of plastics, non-cellular",2025-01-01
22.21.9,"Podugovarateljski poslovi kao dio proizvodnje ploča, listova, cijevi i profila od plastike","Sub-contracted operations as part of manufacturing of plastic plates, sheets, tubes and profiles",2025-01-01
22.21.99,"Podugovarateljski poslovi kao dio proizvodnje ploča, listova, cijevi i profila od plastike","Sub-contracted operations as part of manufacturing of plastic plates, sheets, tubes and profiles",2025-01-01
22.22,Ambalaža od plastike,Plastic packing goods,2025-01-01
22.22.1,Ambalaža od plastike,Plastic packing goods,2025-01-01
22.22.11,"Vreće i vrećice, od polimera etilena","Sacks and bags, of polymers of ethylene",2025-01-01
22.22.12,"Vreće i vrećice, od ostale plastike, osim od polimera etilena","Sacks and bags, of other plastics than polymers of ethylene",2025-01-01
22.22.13,"Kutije, sanduci, gajbe i slični proizvodi, od plastike","Boxes, cases, crates and similar articles of plastics",2025-01-01
22.22.14,"Baloni, boce, bočice i slični proizvodi, od plastike","Carboys, bottles, flasks and similar articles of plastics",2025-01-01
22.22.19,"Ambalaža od plastike, d. n.",Plastic packing goods n.e.c.,2025-01-01
22.22.9,Podugovarateljski poslovi kao dio proizvodnje ambalaže od plastike,Sub-contracted operations as part of manufacturing of plastic packing goods,2025-01-01
22.22.99,Podugovarateljski poslovi kao dio proizvodnje ambalaže od plastike,Sub-contracted operations as part of manufacturing of plastic packing goods,2025-01-01
22.23,"Vrata, prozori i njihovi okviri te pragovi za vrata; rolete, kapci i slični proizvodi te njihovi dijelovi, od plastike","Doors, windows and their frames and thresholds for doors; shutters, blinds and similar articles and parts thereof, of plastics",2025-01-01
22.23.1,"Vrata, prozori i njihovi okviri te pragovi za vrata; rolete, kapci i slični proizvodi te njihovi dijelovi, od plastike","Doors, windows and their frames and thresholds for doors; shutters, blinds and similar articles and parts thereof, of plastics",2025-01-01
22.23.10,"Vrata, prozori i njihovi okviri te pragovi za vrata; rolete, kapci i slični proizvodi te njihovi dijelovi, od plastike","Doors, windows and their frames and thresholds for doors; shutters, blinds and similar articles and parts thereof, of plastics",2025-01-01
22.23.9,"Podugovarateljski poslovi kao dio proizvodnje vrata, prozora i njihovih okvira te pragova za vrata; roleta, kapaka i sličnih proizvoda te njihovih dijelova, od plastike","Sub-contracted operations as part of manufacturing of doors, windows and their frames and thresholds for doors; shutters, blinds and similar articles and parts thereof, of plastics",2025-01-01
22.23.99,"Podugovarateljski poslovi kao dio proizvodnje vrata, prozora i njihovih okvira te pragova za vrata; roleta, kapaka i sličnih proizvoda te njihovih dijelova, od plastike","Sub-contracted operations as part of manufacturing of doors, windows and their frames and thresholds for doors; shutters, blinds and similar articles and parts thereof, of plastics",2025-01-01
22.24,Proizvodi od plastike za građevinarstvo,Builders’ ware of plastics,2025-01-01
22.24.1,"Obloge za pod, zid ili strop od plastike i tvrdog materijala osim plastike, spremnici i sanitarni proizvodi, od plastike","Plastic and hard non-plastic floor, wall or ceiling coverings, containers and sanitary ware, of plastics",2025-01-01
22.24.11,"Obloge za pod, zid ili strop od plastike, u rolama ili pločicama","Floor, wall or ceiling coverings of plastics, in rolls or in the form of tiles",2025-01-01
22.24.12,"Linoleum i podni prekrivači od drugih materijala osim od plastike, tj. čvrste podne obloge od vinila, linoleuma itd.","Linoleum and hard non-plastic surface floor coverings, i.e. resilient floor coverings, such as vinyl, linoleum etc.",2025-01-01
22.24.13,"Kade, umivaonici, zahodske školjke i poklopci, vodokotlići i slični sanitarni proizvodi, od plastike","Baths, wash-basins, lavatory pans and covers, flushing cisterns and similar sanitary ware, of plastics",2025-01-01
22.24.14,"Rezervoari, cisterne, bačve i slični spremnici, kapaciteta > 300 l, od plastike","Reservoirs, tanks, vats and similar containers, capacity > 300 l, of plastics",2025-01-01
22.24.19,"Proizvodi od plastike za građevinarstvo, d. n.",Builders’ ware of plastic n.e.c.,2025-01-01
22.24.2,"Montažne zgrade, od plastike",Prefabricated buildings of plastics,2025-01-01
22.24.20,"Montažne zgrade, od plastike",Prefabricated buildings of plastics,2025-01-01
22.24.9,Podugovarateljski poslovi kao dio proizvodnje proizvoda od plastike za građevinarstvo,Sub-contracted operations as part of manufacturing of builders’ ware of plastics,2025-01-01
22.24.99,Podugovarateljski poslovi kao dio proizvodnje proizvoda od plastike za građevinarstvo,Sub-contracted operations as part of manufacturing of builders’ ware of plastics,2025-01-01
22.25,Usluge obrade i dovršavanja proizvoda od plastike,Processing and finishing services of plastic products,2025-01-01
22.25.0,Usluge obrade i dovršavanja proizvoda od plastike,Processing and finishing services of plastic products,2025-01-01
22.25.00,Usluge obrade i dovršavanja proizvoda od plastike,Processing and finishing services of plastic products,2025-01-01
22.26,Ostali proizvodi od plastike,Other plastic products,2025-01-01
22.26.1,"Odjeća i pribor za odjeću, od plastike","Apparel and clothing accessories, of plastics",2025-01-01
22.26.10,"Odjeća i pribor za odjeću, od plastike","Apparel and clothing accessories, of plastics",2025-01-01
22.26.2,"Ostali proizvodi od plastike, d. n.",Other plastic products n.e.c.,2025-01-01
22.26.21,"Stolno i kuhinjsko posuđe, te ostali predmeti za kućanstvo i toaletne potrebe, od plastike","Tableware, kitchenware, other household articles and toilet articles, of plastics",2025-01-01
22.26.22,"Ostali dijelovi za svjetiljke i rasvjetna tijela, osvijetljene pločice s imenima i slično, od plastike","Other parts for lamps and lighting fittings, illuminated name-plates and the like, of plastics",2025-01-01
22.26.23,"Uredski i školski pribor, od plastike",Office or school supplies of plastics,2025-01-01
22.26.24,"Pribor za namještaj, karoserije i slično, od plastike; figurice i ostali ukrasni predmeti, od plastike","Fittings for furniture, coachwork or the like, of plastics; statuettes and other ornamental articles, of plastics",2025-01-01
22.26.25,Ostali predmeti od plastike,Other articles of plastics,2025-01-01
22.26.9,Usluge proizvodnje ostalih proizvoda od plastike; podugovarateljski poslovi kao dio proizvodnje ostalih proizvoda od plastike,Manufacturing services of other plastic products; sub-contracted operations as part of manufacturing of other plastic products,2025-01-01
22.26.91,Usluge proizvodnje ostalih proizvoda od plastike,Manufacturing services of other plastic products,2025-01-01
22.26.99,Podugovarateljski poslovi kao dio proizvodnje ostalih proizvoda od plastike,Sub-contracted operations as part of manufacturing of other plastic products,2025-01-01
23,Ostali nemetalni mineralni proizvodi,Other non-metallic mineral products,2025-01-01
23.1,Staklo i proizvodi od stakla,Glass and glass products,2025-01-01
23.11,Ravno staklo,Flat glass,2025-01-01
23.11.1,Ravno staklo,Flat glass,2025-01-01
23.11.11,"Lijevano, valjano, vučeno ili puhano staklo, u obliku ploča, ali drugačije neobrađeno","Glass cast, rolled, drawn or blown, in sheets, but not otherwise worked",2025-01-01
23.11.12,"Float-staklo i površinski brušeno ili polirano staklo, u obliku ploča, drugačije neobrađeno ili nearmirano","Float glass and surface ground or polished glass, in sheets, not otherwise worked, or wired",2025-01-01
23.11.9,Podugovarateljski poslovi kao dio proizvodnje ravnog stakla,Sub-contracted operations as part of manufacturing of flat glass,2025-01-01
23.11.99,Podugovarateljski poslovi kao dio proizvodnje ravnog stakla,Sub-contracted operations as part of manufacturing of flat glass,2025-01-01
23.12,Oblikovano i obrađeno ravno staklo,Shaped and processed flat glass,2025-01-01
23.12.1,"Oblikovano i obrađeno ravno staklo, osim višeslojnih izolacijskih panela od stakla","Shaped and processed flat glass, except multiple-walled insulating units of glass",2025-01-01
23.12.11,"Staklo u obliku ploča, savijeno, s obrađenim rubovima, gravirano, brušeno, emajlirano ili drugačije obrađeno, ali neuokvireno i nesastavljeno","Glass in sheets, bent, edge-worked, engraved, drilled, enamelled or otherwise worked, but not framed or mounted",2025-01-01
23.12.12,Sigurnosno staklo,Safety glass,2025-01-01
23.12.13,"Staklena zrcala, uokvirena ili neuokvirena","Glass mirrors, whether or not framed",2025-01-01
23.12.14,"Float-staklo i površinski brušeno ili polirano staklo, u obliku ploča, nearmirano i s apsorpcijskim, reflektirajućim ili nereflektirajućim slojem, ali drugačije neobrađeno","Float glass and surface ground or polished glass, in sheets, non-wired and having an absorbent, reflecting or non-reflecting layer, but not otherwise worked",2025-01-01
23.12.2,Višeslojni izolacijski paneli od stakla,Multiple-walled insulating units of glass,2025-01-01
23.12.20,Višeslojni izolacijski paneli od stakla,Multiple-walled insulating units of glass,2025-01-01
23.12.9,Podugovarateljski poslovi kao dio proizvodnje oblikovanog i obrađenog ravnog stakla,Sub-contracted operations as part of manufacturing of shaped and processed flat glass,2025-01-01
23.12.99,Podugovarateljski poslovi kao dio proizvodnje oblikovanog i obrađenog ravnog stakla,Sub-contracted operations as part of manufacturing of shaped and processed flat glass,2025-01-01
23.13,Šuplje staklo,Hollow glass,2025-01-01
23.13.1,Šuplje staklo,Hollow glass,2025-01-01
23.13.11,"Boce, staklenke, bočice i druga ambalaža od stakla, osim ampula; čepovi, poklopci i ostali zatvarači, od stakla","Bottles, jars, phials and other containers, of glass, except ampoules; stoppers, lids and other closures, of glass",2025-01-01
23.13.12,"Čaše za piće, osim keramičkih",Drinking glasses other than of glass-ceramics,2025-01-01
23.13.13,"Proizvodi od stakla za uporabu za stolom, u kuhinji, u uredima, za unutarnju dekoraciju, za toaletnu uporabu i slično","Glassware of a kind used for table or kitchen purposes, for toilet, office, indoor decorations and the like",2025-01-01
23.13.14,Ulošci od stakla za termos-boce i druge vakuumske posude,Glass inners for vacuum flasks or for other vacuum vessels,2025-01-01
23.13.9,Usluge dovršavanja šupljeg stakla; podugovarateljski poslovi kao dio proizvodnje šupljeg stakla,Finishing services of hollow glass; sub-contracted operations as part of manufacturing of hollow glass,2025-01-01
23.13.91,Usluge dovršavanja čaša za piće i drugih proizvoda od stakla za uporabu za stolom ili u kuhinji,Finishing services of drinking glasses and other glassware of a kind used for table or kitchen purpose,2025-01-01
23.13.92,Usluge dovršavanja ambalaže od stakla,Finishing services of glass containers,2025-01-01
23.13.99,Podugovarateljski poslovi kao dio proizvodnje šupljeg stakla,Sub-contracted operations as part of manufacturing of hollow glass,2025-01-01
23.14,Staklena vlakna,Glass fibres,2025-01-01
23.14.1,Staklena vlakna,Glass fibres,2025-01-01
23.14.11,"Trake, roving, pređa i sječene niti, od staklenih vlakana","Slivers, rovings, yarn and chopped strands, of glass fibre",2025-01-01
23.14.12,"Voali, mreže, mat, hasure, ploče i ostali predmeti od staklenih vlakana, osim tkanina","Voiles, webs, mats, mattresses, boards and other articles of glass fibres, except woven fabrics",2025-01-01
23.14.9,Podugovarateljski poslovi kao dio proizvodnje staklenih vlakana,Sub-contracted operations as part of manufacturing of glass fibres,2025-01-01
23.14.99,Podugovarateljski poslovi kao dio proizvodnje staklenih vlakana,Sub-contracted operations as part of manufacturing of glass fibres,2025-01-01
23.15,Ostalo obrađeno staklo,Other processed glass,2025-01-01
23.15.1,Ostalo obrađeno polugotovo staklo,"Other processed, semi-finished glass",2025-01-01
23.15.11,"Staklo u masi, kuglama (osim neobrađenih staklenih kuglica), šipkama i cijevima, neobrađeno","Glass in the mass, in balls (except microspheres), rods or tubes, unworked",2025-01-01
23.15.12,"Stakleni blokovi, opeke, pločice i ostali proizvodi od prešanog ili lijevanog stakla; olovom uokvirena prozorska okna i slično; multicelularno ili pjenasto staklo u blokovima, pločama ili slično","Paving blocks, bricks, tiles and other articles of pressed or moulded glass; leaded lights and the like; multicellular or foam glass in blocks, plates or similar forms",2025-01-01
23.15.2,Ostalo tehničko staklo i proizvodi od stakla,Other technical glass and articles of glass,2025-01-01
23.15.21,"Stakleni omotači, otvoreni, i njihovi stakleni dijelovi za električne svjetiljke, katodne cijevi i slično","Glass envelopes, open, and glass parts thereof, for electric lamps, cathode-ray tubes or the like",2025-01-01
23.15.22,"Staklo za satove i naočale, optički neobrađeno; izdubljena sferna stakla i njihovi segmenti za proizvodnju takvih stakala","Glasses for clocks, watches or spectacles, not optically worked; hollow spheres and their segments, for the manufacture of such glasses",2025-01-01
23.15.23,"Proizvodi od stakla za laboratorijsku, higijensku i farmaceutsku uporabu; staklene ampule","Laboratory, hygienic or pharmaceutical glassware; ampoules of glass",2025-01-01
23.15.24,"Stakleni dijelovi za svjetiljke i rasvjetna tijela, osvijetljene znakove i pločice s imenima i slično","Glass parts for lamps and lighting fittings, illuminated signs, name-plates and the like",2025-01-01
23.15.25,"Električni izolatori, od stakla",Electrical insulators of glass,2025-01-01
23.15.29,"Ostalo tehničko staklo i proizvodi od stakla, d. n.",Other technical glass and articles of glass n.e.c.,2025-01-01
23.15.9,Usluge dovršavanja ostalog stakla; podugovarateljski poslovi kao dio proizvodnje ostalog obrađenog stakla,Finishing services of other glass; sub-contracted operations as part of manufacturing of other processed glass,2025-01-01
23.15.91,Usluge dovršavanja ostalog stakla,Finishing services of other glass,2025-01-01
23.15.99,Podugovarateljski poslovi kao dio proizvodnje ostalog obrađenog stakla,Sub-contracted operations as part of manufacturing of other processed glass,2025-01-01
23.2,Vatrostalni proizvodi,Refractory products,2025-01-01
23.20,Vatrostalni proizvodi,Refractory products,2025-01-01
23.20.1,Vatrostalni proizvodi,Refractory products,2025-01-01
23.20.11,"Opeka, blokovi, pločice i ostali keramički proizvodi od silikatnoga fosilnog brašna ili zemlje","Bricks, blocks, tiles and other ceramic goods of siliceous fossil meals or earth",2025-01-01
23.20.12,"Vatrostalna opeka, blokovi, pločice i slični vatrostalni keramički proizvodi za građevinarstvo, osim od silikatnoga fosilnog brašna ili zemlje","Refractory bricks, blocks, tiles and similar refractory ceramic constructional goods, other than of siliceous fossil meals or earths",2025-01-01
23.20.13,"Ostali vatrostalni cementi, žbuke, betoni i slične vatrostalne mješavine","Other refractory cements, mortars, concretes and similar compositions",2025-01-01
23.20.14,Nepečeni vatrostalni proizvodi i ostali vatrostalni keramički proizvodi,Unfired refractory products and other refractory ceramic goods,2025-01-01
23.20.9,Podugovarateljski poslovi kao dio proizvodnje vatrostalnih proizvoda,Sub-contracted operations as part of manufacturing of refractory products,2025-01-01
23.20.99,Podugovarateljski poslovi kao dio proizvodnje vatrostalnih proizvoda,Sub-contracted operations as part of manufacturing of refractory products,2025-01-01
23.3,Proizvodi od gline za građevinarstvo,Clay building materials,2025-01-01
23.31,Keramičke pločice i ploče,Ceramic tiles and flags,2025-01-01
23.31.1,Keramičke pločice i ploče,Ceramic tiles and flags,2025-01-01
23.31.10,Keramičke pločice i ploče,Ceramic tiles and flags,2025-01-01
23.31.9,Podugovarateljski poslovi kao dio proizvodnje keramičkih pločica i ploča,Sub-contracted operations as part of manufacturing of ceramic tiles and flags,2025-01-01
23.31.99,Podugovarateljski poslovi kao dio proizvodnje keramičkih pločica i ploča,Sub-contracted operations as part of manufacturing of ceramic tiles and flags,2025-01-01
23.32,"Opeka, crjepovi i proizvodi od pečene gline za građevinarstvo","Bricks, tiles and construction products, in baked clay",2025-01-01
23.32.1,"Opeka, crjepovi i proizvodi od pečene gline za građevinarstvo","Bricks, tiles and construction products, in baked clay",2025-01-01
23.32.11,"Nevatrostalna keramička građevinska opeka, blokovi za podove, nosivi elementi ili ispuni i slično","Non-refractory ceramic building bricks, flooring blocks, support or filler tiles and the like",2025-01-01
23.32.12,"Crjepovi, dimnjaci, poklopci za dimnjake, dimovodne cijevi, arhitektonski ukrasi i drugi keramički proizvodi za građevinarstvo","Roofing tiles, chimney-pots, cowls, chimney liners, architectural ornaments and other ceramic constructional goods",2025-01-01
23.32.13,"Keramičke cijevi, odvodi, žljebovi i pribor za cijevi","Ceramic pipes, conduits, guttering and pipe fittings",2025-01-01
23.32.9,"Podugovarateljski poslovi kao dio proizvodnje opeke, crijepa i proizvoda od pečene gline za građevinarstvo","Sub-contracted operations as part of manufacturing of bricks, tiles and construction products, in baked clay",2025-01-01
23.32.99,"Podugovarateljski poslovi kao dio proizvodnje opeke, crijepa i proizvoda od pečene gline za građevinarstvo","Sub-contracted operations as part of manufacturing of bricks, tiles and construction products, in baked clay",2025-01-01
23.4,Ostali proizvodi od porculana i keramike,Other porcelain and ceramic products,2025-01-01
23.41,Keramički proizvodi za kućanstvo i ukrasni predmeti,Ceramic household and ornamental articles,2025-01-01
23.41.1,Keramički proizvodi za kućanstvo i ukrasni predmeti,Ceramic household and ornamental articles,2025-01-01
23.41.11,"Stolno i kuhinjsko posuđe, ostali predmeti za uporabu u kućanstvu i u toaletne svrhe, od porculana","Tableware, kitchenware, other household articles and toilet articles, of porcelain or china",2025-01-01
23.41.12,"Stolno i kuhinjsko posuđe, ostali predmeti za uporabu u kućanstvu i u toaletne svrhe, osim od porculana","Tableware, kitchenware, other household articles and toilet articles, other than of porcelain or china",2025-01-01
23.41.13,Figurice i drugi ukrasni keramički predmeti,Statuettes and other ornamental ceramic articles,2025-01-01
23.41.9,Podugovarateljski poslovi kao dio proizvodnje keramičkih proizvoda za kućanstvo i ukrasnih predmeta,Sub-contracted operations as part of manufacturing of ceramic household and ornamental articles,2025-01-01
23.41.99,Podugovarateljski poslovi kao dio proizvodnje keramičkih proizvoda za kućanstvo i ukrasnih predmeta,Sub-contracted operations as part of manufacturing of ceramic household and ornamental articles,2025-01-01
23.42,Sanitarna keramika,Ceramic sanitary fixtures,2025-01-01
23.42.1,Sanitarna keramika,Ceramic sanitary fixtures,2025-01-01
23.42.10,Sanitarna keramika,Ceramic sanitary fixtures,2025-01-01
23.42.9,Podugovarateljski poslovi kao dio proizvodnje sanitarne keramike,Sub-contracted operations as part of manufacturing of ceramic sanitary fixtures,2025-01-01
23.42.99,Podugovarateljski poslovi kao dio proizvodnje sanitarne keramike,Sub-contracted operations as part of manufacturing of ceramic sanitary fixtures,2025-01-01
23.43,Keramički izolatori i izolacijski pribor,Ceramic insulators and insulating fittings,2025-01-01
23.43.1,Keramički izolatori i izolacijski pribor,Ceramic insulators and insulating fittings,2025-01-01
23.43.10,Keramički izolatori i izolacijski pribor,Ceramic insulators and insulating fittings,2025-01-01
23.43.9,Podugovarateljski poslovi kao dio proizvodnje keramičkih izolatora i izolacijskog pribora,Sub-contracted operations as part of manufacturing of ceramic insulators and insulating fittings,2025-01-01
23.43.99,Podugovarateljski poslovi kao dio proizvodnje keramičkih izolatora i izolacijskog pribora,Sub-contracted operations as part of manufacturing of ceramic insulators and insulating fittings,2025-01-01
23.44,Ostali tehnički proizvodi od keramike,Other technical ceramic products,2025-01-01
23.44.1,Ostali tehnički proizvodi od keramike,Other technical ceramic products,2025-01-01
23.44.11,"Keramički proizvodi za laboratorijsku, kemijsku i ostalu tehničku uporabu, od porculana","Ceramic wares for laboratory, chemical or other technical uses, of porcelain or china",2025-01-01
23.44.12,"Keramički proizvodi za laboratorijsku, kemijsku i ostalu tehničku uporabu, osim od porculana","Ceramic wares for laboratory, chemical or other technical uses, other than of porcelain or china",2025-01-01
23.44.9,Podugovarateljski poslovi kao dio proizvodnje ostalih tehničkih proizvoda od keramike,Sub-contracted operations as part of manufacturing of other technical ceramic products,2025-01-01
23.44.99,Podugovarateljski poslovi kao dio proizvodnje ostalih tehničkih proizvoda od keramike,Sub-contracted operations as part of manufacturing of other technical ceramic products,2025-01-01
23.45,Ostali proizvodi od keramike,Other ceramic products,2025-01-01
23.45.1,Ostali proizvodi od keramike,Other ceramic products,2025-01-01
23.45.11,"Keramički proizvodi za uporabu u poljoprivredi, za prenošenje i pakiranje robe",Ceramic articles for use in agriculture and for the conveyance or packing of goods,2025-01-01
23.45.19,"Ostali keramički proizvodi, osim za građevinarstvo, d. n.",Other non-structural ceramic articles n.e.c.,2025-01-01
23.45.9,Podugovarateljski poslovi kao dio proizvodnje ostalih proizvoda od keramike,Sub-contracted operations as part of manufacturing of other ceramic products,2025-01-01
23.45.99,Podugovarateljski poslovi kao dio proizvodnje ostalih proizvoda od keramike,Sub-contracted operations as part of manufacturing of other ceramic products,2025-01-01
23.5,"Cement, vapno i gips","Cement, lime and plaster",2025-01-01
23.51,Cement,Cement,2025-01-01
23.51.1,Cement,Cement,2025-01-01
23.51.11,Cementni klinker,Cement clinker,2025-01-01
23.51.12,"Portland-cement, aluminatni cement, metalurški cement i slični hidraulični cementi","Portland cement, aluminous cement, slag cement and similar hydraulic cements",2025-01-01
23.51.9,Podugovarateljski poslovi kao dio proizvodnje cementa,Sub-contracted operations as part of manufacturing of cement,2025-01-01
23.51.99,Podugovarateljski poslovi kao dio proizvodnje cementa,Sub-contracted operations as part of manufacturing of cement,2025-01-01
23.52,Vapno i gips,Lime and plaster,2025-01-01
23.52.1,"Živo vapno, gašeno vapno i hidraulično vapno","Quicklime, slaked lime and hydraulic lime",2025-01-01
23.52.10,"Živo vapno, gašeno vapno i hidraulično vapno","Quicklime, slaked lime and hydraulic lime",2025-01-01
23.52.2,Gips,Plaster,2025-01-01
23.52.20,Gips,Plaster,2025-01-01
23.52.3,Kalcinirani ili aglomerirani dolomit,Calcined or agglomerated dolomite,2025-01-01
23.52.30,Kalcinirani ili aglomerirani dolomit,Calcined or agglomerated dolomite,2025-01-01
23.52.9,Podugovarateljski poslovi kao dio proizvodnje vapna i gipsa,Sub-contracted operations as part of manufacturing of lime and plaster,2025-01-01
23.52.99,Podugovarateljski poslovi kao dio proizvodnje vapna i gipsa,Sub-contracted operations as part of manufacturing of lime and plaster,2025-01-01
23.6,"Proizvodi od betona, cementa i gipsa","Articles of concrete, cement and plaster",2025-01-01
23.61,Proizvodi od betona za građevinarstvo,Concrete products for construction purposes,2025-01-01
23.61.1,Proizvodi od betona za građevinarstvo,Concrete products for construction,2025-01-01
23.61.11,"Blokovi, ploče za popločavanje, opeka i slični proizvodi od cementa, betona ili umjetnog kamena","Tiles, flagstones, bricks and similar articles, of cement, concrete or artificial stone",2025-01-01
23.61.12,"Montažni građevni elementi za visokogradnju i niskogradnju od cementa, betona ili umjetnog kamena","Prefabricated structural components for building or civil engineering, of cement, concrete or artificial stone",2025-01-01
23.61.2,Montažne zgrade od betona,Prefabricated buildings of concrete,2025-01-01
23.61.20,Montažne zgrade od betona,Prefabricated buildings of concrete,2025-01-01
23.61.9,Podugovarateljski poslovi kao dio proizvodnje proizvoda od betona za građevinarstvo,Sub-contracted operations as part of manufacturing of concrete products for construction purposes,2025-01-01
23.61.99,Podugovarateljski poslovi kao dio proizvodnje proizvoda od betona za građevinarstvo,Sub-contracted operations as part of manufacturing of concrete products for construction purposes,2025-01-01
23.62,Proizvodi od gipsa za građevinarstvo,Plaster products for construction purposes,2025-01-01
23.62.1,Proizvodi od gipsa za građevinarstvo,Plaster products for construction purposes,2025-01-01
23.62.10,Proizvodi od gipsa za građevinarstvo,Plaster products for construction purposes,2025-01-01
23.62.9,Podugovarateljski poslovi kao dio proizvodnje proizvoda od gipsa za građevinarstvo,Sub-contracted operations as part of manufacturing of plaster products for construction purposes,2025-01-01
23.62.99,Podugovarateljski poslovi kao dio proizvodnje proizvoda od gipsa za građevinarstvo,Sub-contracted operations as part of manufacturing of plaster products for construction purposes,2025-01-01
23.63,Gotova betonska smjesa,Ready-mixed concrete,2025-01-01
23.63.1,Gotova betonska smjesa,Ready-mixed concrete,2025-01-01
23.63.10,Gotova betonska smjesa,Ready-mixed concrete,2025-01-01
23.63.9,Podugovarateljski poslovi kao dio proizvodnje gotove betonske smjese,Sub-contracted operations as part of manufacturing of ready-mixed concrete,2025-01-01
23.63.99,Podugovarateljski poslovi kao dio proizvodnje gotove betonske smjese,Sub-contracted operations as part of manufacturing of ready-mixed concrete,2025-01-01
23.64,Žbuka,Mortars,2025-01-01
23.64.1,Žbuka,Mortars,2025-01-01
23.64.10,Žbuka,Mortars,2025-01-01
23.64.9,Podugovarateljski poslovi kao dio proizvodnje žbuke,Sub-contracted operations as part of manufacturing of mortars,2025-01-01
23.64.99,Podugovarateljski poslovi kao dio proizvodnje žbuke,Sub-contracted operations as part of manufacturing of mortars,2025-01-01
23.65,Proizvodi od fibrocementa,Articles of fibre cement,2025-01-01
23.65.1,Proizvodi od fibrocementa,Articles of fibre cement,2025-01-01
23.65.11,"Paneli, ploče i slično, od biljnih vlakana, slame i drvnih otpadaka, aglomeriranih mineralnim vezivima","Boards, blocks and similar articles of vegetable fibre, straw or wood waste, agglomerated with mineral binders",2025-01-01
23.65.12,"Proizvodi od azbestnog cementa, celuloznog fibrocementa i sličnih materijala","Articles of asbestos-cement, cellulose fibre-cement or the like",2025-01-01
23.65.9,Podugovarateljski poslovi kao dio proizvodnje proizvoda od fibrocementa,Sub-contracted operations as part of manufacturing of articles of fibre cement,2025-01-01
23.65.99,Podugovarateljski poslovi kao dio proizvodnje proizvoda od fibrocementa,Sub-contracted operations as part of manufacturing of articles of fibre cement,2025-01-01
23.66,"Ostali proizvodi od betona, cementa i gipsa","Other articles of concrete, cement and plaster",2025-01-01
23.66.1,"Ostali proizvodi od betona, cementa i gipsa","Other articles of concrete, cement and plaster",2025-01-01
23.66.11,Proizvodi od gipsa ili mješavina s gipsom,Articles of plaster or compositions based on plaster,2025-01-01
23.66.12,"Ostali proizvodi od cementa, betona ili umjetnog kamena","Other articles of cement, concrete or artificial stone",2025-01-01
23.66.9,"Podugovarateljski poslovi kao dio proizvodnje ostalih proizvoda od betona, cementa i gipsa","Sub-contracted operations as part of manufacturing of other articles of concrete, cement and plaster",2025-01-01
23.66.99,"Podugovarateljski poslovi kao dio proizvodnje ostalih proizvoda od betona, cementa i gipsa","Sub-contracted operations as part of manufacturing of other articles of concrete, cement and plaster",2025-01-01
23.7,"Rezani, oblikovani i obrađeni kamen","Cut, shaped and finished stone",2025-01-01
23.70,"Rezani, oblikovani i obrađeni kamen","Cut, shaped and finished stone",2025-01-01
23.70.1,"Rezani, oblikovani i obrađeni kamen","Cut, shaped and finished stone",2025-01-01
23.70.11,"Mramor, travertin, alabaster, obrađeni, i njihovi proizvodi (osim kamenih blokova, rubnjaka, ploča za popločavanje, crjepova, kamenih kocaka i sličnih proizvoda); umjetno obojene granule, odlomci ili prah od mramora, travertina i alabastera","Marble, travertine, alabaster, worked, and articles thereof (except setts, curbstones, flagstones, tiles, cubes and similar articles); artificially coloured granules, chippings and powder of marble, travertine and alabaster",2025-01-01
23.70.12,Ostali obrađeni ukrasni kamen i kamen za gradnju te njihovi proizvodi; ostali umjetno obojeni granulat i prah od prirodnoga kamena; proizvodi od aglomeriranog škriljevca,Other worked ornamental or building stone and articles thereof; other artificially coloured granules and powder of natural stone; articles of agglomerated slate,2025-01-01
23.70.9,"Podugovarateljski poslovi kao dio proizvodnje rezanog, oblikovanog i obrađenog kamena","Sub-contracted operations as part of manufacturing of cut, shaped and finished stone",2025-01-01
23.70.99,"Podugovarateljski poslovi kao dio proizvodnje rezanog, oblikovanog i obrađenog kamena","Sub-contracted operations as part of manufacturing of cut, shaped and finished stone",2025-01-01
23.9,"Brusni i nemetalni mineralni proizvodi, d. n.",Abrasive products and non-metallic mineral products n.e.c.,2025-01-01
23.91,Brusni proizvodi (abrazivi),Abrasive products,2025-01-01
23.91.1,Brusni proizvodi (abrazivi),Abrasive products,2025-01-01
23.91.11,"Mlinski kamen, brusni kamen, brusna kola i slično, bez postolja, za obradu kamena, i njihovi dijelovi, od prirodnoga kamena, aglomeriranih prirodnih ili umjetnih abraziva ili keramike","Millstones, grindstones, grinding wheels and the like, without frameworks, for working stones, and parts thereof, of natural stone, of agglomerated natural or artificial abrasives, or of ceramics",2025-01-01
23.91.12,"Brusni prah ili zrnca na tekstilnoj, papirnatoj ili kartonskoj podlozi","Abrasive powder or grain, on a base of textile fabric, paper or paperboard",2025-01-01
23.91.9,Podugovarateljski poslovi kao dio proizvodnje brusnih proizvoda,Sub-contracted operations as part of manufacturing of abrasive products,2025-01-01
23.91.99,Podugovarateljski poslovi kao dio proizvodnje brusnih proizvoda,Sub-contracted operations as part of manufacturing of abrasive products,2025-01-01
23.99,"Ostali nemetalni mineralni proizvodi, d. n.",Other non-metallic mineral products n.e.c.,2025-01-01
23.99.1,"Ostali nemetalni mineralni proizvodi, d. n.",Other non-metallic mineral products n.e.c.,2025-01-01
23.99.11,"Prerađena azbestna vlakna; mješavine na osnovi azbesta i magnezijeva karbonata; proizvodi od tih mješavina ili od azbesta; tarni materijali za kočnice, kvačila i slično, nemontirani","Fabricated asbestos fibres; mixtures with a basis of asbestos and magnesium carbonate; articles of such mixtures, or of asbestos; friction material for brakes, clutches and the like, not mounted",2025-01-01
23.99.12,Proizvodi od asfalta i sličnih materijala,Articles of asphalt or of similar material,2025-01-01
23.99.13,"Bitumenske mješavine na osnovi prirodnog ili umjetnog materijala od kamena i bitumena, prirodnog asfalta ili srodnih materijala kao veziva","Bituminous mixtures based on natural and artificial stone materials and bitumen, natural asphalt or related substances as a binder",2025-01-01
23.99.14,"Umjetni grafit; koloidalni i polukoloidalni grafit; pripravci na osnovi grafita i drugih vrsta ugljika, u obliku poluproizvoda",Artificial graphite; colloidal or semi-colloidal graphite; preparations based on graphite or other carbon in the form of semi-manufactures,2025-01-01
23.99.15,Umjetni korund,Artificial corundum,2025-01-01
23.99.19,"Nemetalni mineralni proizvodi, d. n.",Non-metallic mineral products n.e.c.,2025-01-01
23.99.9,"Podugovarateljski poslovi kao dio proizvodnje nemetalnih mineralnih proizvoda, d. n.",Sub-contracted operations as part of manufacturing of other non-metallic mineral products n.e.c.,2025-01-01
23.99.99,"Podugovarateljski poslovi kao dio proizvodnje nemetalnih mineralnih proizvoda, d. n.",Sub-contracted operations as part of manufacturing of other non-metallic mineral products n.e.c.,2025-01-01
24,Metali,Basic metals,2025-01-01
24.1,"Sirovo željezo, čelik i ferolegure","Basic iron, steel and ferro-alloys",2025-01-01
24.10,"Sirovo željezo, čelik i ferolegure","Basic iron, steel and ferro-alloys",2025-01-01
24.10.1,Primarni materijali od željeza i čelika,Primary materials of iron and steel,2025-01-01
24.10.11,"Sirovo željezo i zrcalno željezo u hljepčićima, blokovima i drugim sirovim oblicima","Pig iron and spiegeleisen in pigs, blocks or other primary forms",2025-01-01
24.10.12,Ferolegure,Ferro-alloys,2025-01-01
24.10.13,"Proizvodi od željeza dobiveni izravnom redukcijom željezne rudače i ostali spužvasti proizvodi od željeza u komadima, peletama ili sličnim oblicima; željezo najmanje čistoće 99,94 % masenog udjela, u komadima, peletama i sličnim oblicima","Ferrous products obtained by direct reduction of iron ore and other spongy ferrous products, in lumps, pellets or similar forms; iron having a minimum purity by weight of 99.94%, in lumps, pellets or similar forms",2025-01-01
24.10.14,"Granule i prah, od sirovog željeza, zrcalnog željeza ili čelika","Granules and powders, of pig iron and spiegeleisen, or steel",2025-01-01
24.10.2,Sirovo željezo i čelik,Crude iron and steel,2025-01-01
24.10.21,Željezo i nelegirani čelik u ingotima ili drugim primarnim oblicima i poluproizvodi od željeza ili nelegiranog čelika,Iron and non-alloy steel in ingots or other primary forms and semi-finished products of iron or non-alloy steel,2025-01-01
24.10.22,Nehrđajući čelik u ingotima ili drugim primarnim oblicima i poluproizvodi od nehrđajućeg čelika,Stainless steel in ingots or other primary forms and semi-finished products of stainless steel,2025-01-01
24.10.23,Ostali legirani čelici u ingotima ili drugim primarnim oblicima i poluproizvodi od ostalih legiranih čelika,Other alloy steel in ingots or other primary forms and semi-finished products of other alloy steel,2025-01-01
24.10.3,"Toplovaljani plosnati proizvodi od željeza ili čelika, dalje neobrađeni","Flat rolled products of iron or steel, not further worked than hot rolled",2025-01-01
24.10.31,"Toplovaljani plosnati proizvodi od željeza ili nelegiranog čelika, dalje neobrađeni, širine ≥ 600 mm","Flat rolled products of iron or non-alloy steel, not further worked than hot rolled, of a width of ≥ 600 mm",2025-01-01
24.10.32,"Toplovaljani plosnati proizvodi od željeza ili nelegiranog čelika, dalje neobrađeni, širine < 600 mm","Flat rolled products of iron or non-alloy steel, not further worked than hot rolled, of a width of < 600 mm",2025-01-01
24.10.33,"Toplovaljani plosnati proizvodi od nehrđajućeg čelika, dalje neobrađeni, širine ≥ 600 mm","Flat rolled products of stainless steel, not further worked than hot rolled, of a width ≥ 600 mm",2025-01-01
24.10.34,"Toplovaljani plosnati proizvodi od nehrđajućeg čelika, dalje neobrađeni, širine < 600 mm","Flat rolled products of stainless steel, not further worked than hot rolled, of a width of < 600 mm",2025-01-01
24.10.35,"Toplovaljani plosnati proizvodi od ostalih legiranih čelika, dalje neobrađeni, širine ≥ 600 mm","Flat rolled products of other alloy steel, not further worked than hot rolled, of a width of ≥ 600 mm",2025-01-01
24.10.36,"Toplovaljani plosnati proizvodi od ostalih legiranih čelika, dalje neobrađeni, širine < 600 mm (isključujući proizvode od silicijskog elektročelika)","Flat rolled products of other alloy steel, not further worked than hot rolled, of a width of < 600 mm (except products of silicon-electrical steel)",2025-01-01
24.10.4,"Hladnovaljani plosnati proizvodi od željeza ili čelika, dalje neobrađeni, širine ≥ 600 mm","Flat rolled products of iron or steel, not further worked than cold rolled, of a width of ≥ 600 mm",2025-01-01
24.10.41,"Hladnovaljani plosnati proizvodi od željeza ili nelegiranog čelika, dalje neobrađeni, širine ≥ 600 mm","Flat rolled products of iron or non-alloy steel, not further worked than cold rolled, of a width of ≥ 600 mm",2025-01-01
24.10.42,"Hladnovaljani plosnati proizvodi od nehrđajućeg čelika, dalje neobrađeni, širine ≥ 600 mm","Flat rolled products of stainless steel, not further worked than cold rolled, of a width of ≥ 600 mm",2025-01-01
24.10.43,"Hladnovaljani plosnati proizvodi od ostalih legiranih čelika, dalje neobrađeni, širine ≥ 600 mm","Flat rolled products of other-alloy steel, not further worked than cold rolled, of a width of ≥ 600 mm",2025-01-01
24.10.5,"Plosnati valjani prozvodi od željeza ili čelika, obloženi, platirani ili prevučeni i plosnati valjani proizvodi od brzoreznog čelika i silicijskog elektročelika","Flat rolled products of iron or steel, clad, plated or coated and flat rolled products of high speed steel and of silicon-electrical steel",2025-01-01
24.10.51,"Plosnati valjani proizvodi od željeza ili nelegiranog čelika, širine ≥ 600 mm, premazani, platirani ili prevučeni","Flat rolled products of iron or non-alloy steel, of a width of ≥ 600 mm, clad, plated or coated",2025-01-01
24.10.52,"Plosnati valjani proizvodi od ostalih legiranih čelika, širine ≥ 600 mm, premazani, platirani ili prevučeni","Flat rolled products of other alloy steel, of a width of ≥ 600 mm, clad, plated or coated",2025-01-01
24.10.53,"Plosnati valjani proizvodi od silicijskog elektročelika, širine ≥ 600 mm","Flat rolled products of silicon-electrical steel, of a width of ≥ 600 mm",2025-01-01
24.10.54,"Plosnati valjani proizvodi od silicijskog elektročelika, širine < 600 mm","Flat rolled products of silicon-electrical steel, of a width of < 600 mm",2025-01-01
24.10.55,"Plosnati valjani proizvodi od brzoreznog čelika, širine < 600 mm","Flat rolled products of high speed steel, of a width of < 600 mm",2025-01-01
24.10.6,Toploobrađene žice i šipke od željeza ili čelika,Hot processed bars and rods of iron or steel,2025-01-01
24.10.61,"Toplovaljane žice i šipke u nepravilno namotanim kolutima, od željeza ili nelegiranog čelika","Bars and rods, hot rolled, in irregularly wound coils, of iron or non-alloy steel",2025-01-01
24.10.62,"Ostale žice i šipke od željeza ili čelika, toplovaljane, toplovučene ili toploistiskivane i dalje neobrađene, uključujući one usukane poslije valjanja","Other bars and rods of iron or steel, not further worked than forged, hot rolled, hot-drawn or extruded, but including those twisted after rolling",2025-01-01
24.10.63,"Toplovaljane žice i šipke u nepravilno namotanim kolutima, od nehrđajućeg čelika","Bars and rods, hot rolled, in irregularly wound coils, of stainless steel",2025-01-01
24.10.64,"Ostale žice i šipke od nehrđajućeg čelika, toplovaljane, toplovučene ili toploistiskivane i dalje neobrađene, uključujući one usukane poslije valjanja","Other bars and rods of stainless steel, not further worked than forged, hot rolled, hot-drawn or extruded, but including those twisted after rolling",2025-01-01
24.10.65,"Toplovaljane žice i šipke u nepravilno namotanim kolutima, od ostalih legiranih čelika","Bars and rods, hot rolled, in irregularly wound coils, of other alloy steel",2025-01-01
24.10.66,"Ostale žice i šipke od ostalih legiranih čelika, toplovaljane, toplovučene ili toploistiskivane i dalje neobrađene, uključujući one usukane poslije valjanja","Other bars and rods of other alloy steel, not further worked than forged, hot rolled, hot-drawn or extruded, but including those twisted after rolling",2025-01-01
24.10.67,Šuplje žice i šipke za svrdla,Hollow drill bars and rods,2025-01-01
24.10.7,"Toploobrađeni teški profili, brušene ploče i materijal za gradnju željezničkih i tramvajskih tračnica, od željeza ili čelika","Hot processed open sections, sheet piling and railway or tramway track construction material, of iron or steel",2025-01-01
24.10.71,"Teški profili, toplovaljani, toplovučeni ili toploistiskivani i dalje neobrađeni, od željeza ili nelegiranog čelika","Open sections, not further worked than hot rolled, hot-drawn or extruded, of iron or non-alloy steel",2025-01-01
24.10.72,"Teški profili, toplovaljani, toplovučeni ili toploistiskivani i dalje neobrađeni, od nehrđajućeg čelika","Open sections, not further worked than hot rolled, hot-drawn or extruded, of stainless steel",2025-01-01
24.10.73,"Teški profili, toplovaljani, toplovučeni ili toploistiskivani i dalje neobrađeni, od ostalih legiranih čelika","Open sections, not further worked than hot rolled, hot-drawn or extruded, of other alloy steel",2025-01-01
24.10.74,Brušene ploče od čelika i zavareni profili od željeza ili čelika,"Sheet piling, of steel and welded open sections of iron or steel",2025-01-01
24.10.75,Materijal za gradnju željezničkih i tramvajskih tračnica od željeza ili čelika,Railway or tramway track construction material of iron or steel,2025-01-01
24.10.9,"Podugovarateljski poslovi kao dio proizvodnje sirovog željeza, čelika i ferolegura","Sub-contracted operations as part of manufacturing of basic iron, steel and ferro-alloys",2025-01-01
24.10.99,"Podugovarateljski poslovi kao dio proizvodnje sirovog željeza, čelika i ferolegura","Sub-contracted operations as part of manufacturing of basic iron, steel and ferro-alloys",2025-01-01
24.2,"Cijevi, šuplji profili i pripadajući pribor, od željeza ili čelika","Tubes, pipes, hollow profiles and related fittings, of iron or steel",2025-01-01
24.20,"Cijevi, šuplji profili i pripadajući pribor, od željeza ili čelika","Tubes, pipes, hollow profiles and related fittings, of iron or steel",2025-01-01
24.20.1,"Cijevi, šuplji profili, bešavni, od željeza ili čelika","Tubes, pipes and hollow profiles, seamless, of iron or steel",2025-01-01
24.20.11,"Cijevi, bešavne, koje se koristi za naftovode ili plinovode, od željeza ili čelika","Line pipe of a kind used for oil or gas pipelines, seamless, of iron or steel",2025-01-01
24.20.12,"Zaštitne, proizvodne i bušačke cijevi, koje se koriste pri bušenju za dobivanje nafte ili plina, bešavne, od željeza ili čelika","Casing, tubing and drill pipe, of a kind used in the drilling for oil or gas, seamless, of iron or steel",2025-01-01
24.20.13,"Ostale cijevi, kružnog poprečnog presjeka, od željeza ili čelika","Other tubes and pipes, of circular cross section, of iron or steel",2025-01-01
24.20.14,"Cijevi nekružnog poprečnog presjeka i šuplji profili, od željeza ili čelika","Tubes and pipes, of non-circular cross-section and hollow profiles, of iron or steel",2025-01-01
24.20.2,"Cijevi, zavarene, kružnog poprečnog presjeka, vanjskog promjera > 406,4 mm, od željeza ili čelika","Tubes and pipes, welded, of circular cross-section, of an external diameter of > 406.4 mm, of iron or steel",2025-01-01
24.20.21,"Cijevi koje se koriste za naftovode ili plinovode, zavarene, vanjskog promjera > 406,4 mm, od željeza ili čelika","Line pipe of a kind used for oil or gas pipelines, welded, of an external diameter of > 406.4 mm, of iron or steel",2025-01-01
24.20.22,"Zaštitne i proizvodne cijevi koje se koriste pri bušenju za dobivanje nafte ili plina, zavarene, vanjskog promjera > 406,4 mm, od željeza ili čelika","Casing and tubing of a kind used in drilling for oil or gas, welded, of an external diameter of > 406.4 mm, of iron or steel",2025-01-01
24.20.23,"Ostale cijevi kružnog poprečnog presjeka, zavarene, vanjskog promjera > 406,4 mm, od željeza ili čelika","Other tubes and pipes, of circular cross section, welded, of an external diameter of > 406.4 mm, of iron or steel",2025-01-01
24.20.24,"Ostale cijevi kružnog poprečnog presjeka, s otvorenim šavom, zakovane ili zatvorene na sličan način, vanjskog promjera > 406,4 mm, od željeza ili čelika","Other tubes and pipes, of circular cross section, such as open seam, riveted or similarly closed, of an external diameter of > 406.4 mm, of iron or steel",2025-01-01
24.20.3,"Ostale cijevi i šuplji profili, s otvorenim šavom ili zavarene, zakovane ili zatvorene na sličan način, od željeza ili čelika","Other tubes, pipes and hollow profiles such as open seam or welded, riveted or similarly closed, of iron or steel",2025-01-01
24.20.31,"Cijevi koje se koriste za naftovode ili plinovode, zavarene, vanjskog promjera≤ 406,4 mm, od željeza ili čelika","Line pipe of a kind used for oil or gas pipelines, welded, of an external diameter of ≤ 406.4 mm, of iron or steel",2025-01-01
24.20.32,"Zaštitne i proizvodne cijevi koje se koriste pri bušenju za dobivanje nafte ili plina, zavarene, vanjskog promjera ≤ 406,4 mm, od željeza ili čelika","Casing and tubing, of a kind used in drilling for oil or gas, welded, of an external diameter of ≤ 406.4 mm, of iron or steel",2025-01-01
24.20.33,"Ostale cijevi kružnog poprečnog presjeka, zavarene, vanjskog promjera ≤ 406,4 mm, od željeza ili čelika","Other tubes and pipes, of circular cross section, welded, of an external diameter of ≤ 406.4 mm, of iron or steel",2025-01-01
24.20.34,"Cijevi i šuplji profili nekružnog poprečnog presjeka, zavareni, od željeza ili čelika","Tubes and pipes and hollow profiles, welded, of non-circular cross-section, of iron or steel",2025-01-01
24.20.35,"Ostale cijevi i šuplji profili, s otvorenim šavom, zakovane ili zatvorene na sličan način, te od željeza ili čelika","Other tubes, pipes and hollow profiles, such as open seam, riveted or similarly closed, and of iron or steel",2025-01-01
24.20.4,"Pribor za cijevi, od nelijevanog željeza ili čelika","Tube or pipe fittings of iron or steel, not cast",2025-01-01
24.20.40,"Pribor za cijevi, od nelijevanog željeza ili čelika","Tube or pipe fittings of iron or steel, not cast",2025-01-01
24.20.9,"Podugovarateljski poslovi kao dio proizvodnje cijevi, šupljih profila i pripadajućeg pribora, od željeza ili čelika","Sub-contracted operations as part of manufacturing of tubes, pipes, hollow profiles and related fittings, of iron or steel",2025-01-01
24.20.99,"Podugovarateljski poslovi kao dio proizvodnje cijevi, šupljih profila i pripadajućeg pribora, od željeza ili čelika","Sub-contracted operations as part of manufacturing of tubes, pipes, hollow profiles and related fittings, of iron or steel",2025-01-01
24.3,Ostali proizvodi primarne prerade željeza ili čelika,Other products of first processing of iron or steel,2025-01-01
24.31,Hladnovučene šipke,Cold drawn bars,2025-01-01
24.31.1,Hladnovučene šipke i čvrsti profili od željeza ili nelegiranog čelika,Cold drawn bars and solid profiles of iron or non-alloy steel,2025-01-01
24.31.10,Hladnovučene šipke i čvrsti profili od željeza ili nelegiranog čelika,Cold drawn bars and solid profiles of iron or non-alloy steel,2025-01-01
24.31.2,"Hladnovučene šipke i čvrsti profili od legiranog čelika, osim od nehrđajućeg čelika","Cold drawn bars and solid profiles of alloy steel, other than stainless steel",2025-01-01
24.31.20,"Hladnovučene šipke i čvrsti profili od legiranog čelika, osim od nehrđajućeg čelika","Cold drawn bars and solid profiles of alloy steel, other than stainless steel",2025-01-01
24.31.3,Hladnovučene šipke i čvrsti profili od nehrđajućeg čelika,Cold drawn bars and solid profiles of stainless steel,2025-01-01
24.31.30,Hladnovučene šipke i čvrsti profili od nehrđajućeg čelika,Cold drawn bars and solid profiles of stainless steel,2025-01-01
24.31.9,Podugovarateljski poslovi kao dio proizvodnje hladnovučenog čelika,Sub-contracted operations as part of manufacturing of cold drawn bars,2025-01-01
24.31.99,Podugovarateljski poslovi kao dio proizvodnje hladnovučenog čelika,Sub-contracted operations as part of manufacturing of cold drawn bars,2025-01-01
24.32,Hladnovaljane uske trake,Cold rolled narrow strip,2025-01-01
24.32.1,"Hladnovaljani plosnati proizvodi od željeza ili čelika, neprevučeni, širine < 600 mm","Flat cold rolled iron or steel products, uncoated, of a width of < 600 mm",2025-01-01
24.32.10,"Hladnovaljani plosnati proizvodi od željeza ili čelika, neprevučeni, širine < 600 mm","Flat cold rolled iron or steel products, uncoated, of a width of < 600 mm",2025-01-01
24.32.2,"Hladnovaljani plosnati proizvodi od željeza ili čelika, premazani, platirani ili prevučeni, širine < 600 mm","Flat cold rolled iron or steel products, clad, plated or coated, of a width of < 600 mm",2025-01-01
24.32.20,"Hladnovaljani plosnati proizvodi od željeza ili čelika, premazani, platirani ili prevučeni, širine < 600 mm","Flat cold rolled iron or steel products, clad, plated or coated, of a width of < 600 mm",2025-01-01
24.32.9,Podugovarateljski poslovi kao dio proizvodnje hladnovaljanih uskih vrpci,Sub-contracted operations as part of manufacturing of cold rolled narrow strip,2025-01-01
24.32.99,Podugovarateljski poslovi kao dio proizvodnje hladnovaljanih uskih vrpci,Sub-contracted operations as part of manufacturing of cold rolled narrow strip,2025-01-01
24.33,Hladnooblikovani i profilirani proizvodi,Cold formed or folded products,2025-01-01
24.33.1,Otvoreni i hladnooblikovani profili,Open sections cold formed or folded,2025-01-01
24.33.11,"Otvoreni i hladnooblikovani profili, od željeza ili nelegiranog čelika",Open sections cold formed or folded of iron or non-alloy steel,2025-01-01
24.33.12,"Otvoreni i hladnooblikovani profili, od nehrđajućeg čelika",Open sections cold formed or folded of stainless steel,2025-01-01
24.33.2,Rebrasti limovi od željeza ili nelegiranog čelika,Ribbed sheets of iron or non-alloy steel,2025-01-01
24.33.20,Rebrasti limovi od željeza ili nelegiranog čelika,Ribbed sheets of iron or non-alloy steel,2025-01-01
24.33.3,Metalne ploče od prevučenog željeznog ili čeličnog lima,Sandwich panels of coated iron or steel sheet,2025-01-01
24.33.30,Metalne ploče od prevučenog željeznog ili čeličnog lima,Sandwich panels of coated iron or steel sheet,2025-01-01
24.33.9,Podugovarateljski poslovi kao dio proizvodnje hladnooblikovanih i profiliranih proizvoda,Sub-contracted operations as part of manufacturing of cold formed or folded products,2025-01-01
24.33.99,Podugovarateljski poslovi kao dio proizvodnje hladnooblikovanih i profiliranih proizvoda,Sub-contracted operations as part of manufacturing of cold formed or folded products,2025-01-01
24.34,Hladnovučene žice,Cold drawn wire,2025-01-01
24.34.1,Hladnovučene žice,Cold drawn wire,2025-01-01
24.34.11,Hladnovučene žice od željeza ili nelegiranog čelika,Cold drawn wire of iron or non-alloy steel,2025-01-01
24.34.12,Hladnovučene žice od nehrđajućeg čelika,Cold drawn wire of stainless steel,2025-01-01
24.34.13,Hladnovučene žice od ostalih legiranih čelika,Cold drawn wire of other alloy steel,2025-01-01
24.34.9,Podugovarateljski poslovi kao dio proizvodnje hladnovučene žice,Sub-contracted operations as part of manufacturing of cold drawn wire,2025-01-01
24.34.99,Podugovarateljski poslovi kao dio proizvodnje hladnovučene žice,Sub-contracted operations as part of manufacturing of cold drawn wire,2025-01-01
24.4,Plemeniti i ostali obojeni metali,Basic precious and other non-ferrous metals,2025-01-01
24.41,Plemeniti metali,Precious metals,2025-01-01
24.41.1,"Srebro, neobrađeno, kao poluproizvod ili u prahu","Silver, unwrought or in semi-manufactured forms, or in powder form",2025-01-01
24.41.10,"Srebro, neobrađeno, kao poluproizvod ili u prahu","Silver, unwrought or in semi-manufactured forms, or in powder form",2025-01-01
24.41.2,"Zlato, neobrađeno, kao poluproizvod ili u prahu","Gold, unwrought or in semi-manufactured forms, or in powder form",2025-01-01
24.41.20,"Zlato, neobrađeno, kao poluproizvod ili u prahu","Gold, unwrought or in semi-manufactured forms, or in powder form",2025-01-01
24.41.3,"Platina, neobrađena, kao poluproizvod ili u prahu","Platinum, unwrought or in semi-manufactured forms, or in powder form",2025-01-01
24.41.30,"Platina, neobrađena, kao poluproizvod ili u prahu","Platinum, unwrought or in semi-manufactured forms, or in powder form",2025-01-01
24.41.4,"Obični metali ili srebro, pozlaćeni, ali dalje neobrađeni, osim kao poluproizvod","Base metals or silver, clad with gold, not further worked than semi-manufactured",2025-01-01
24.41.40,"Obični metali ili srebro, pozlaćeni, ali dalje neobrađeni, osim kao poluproizvod","Base metals or silver, clad with gold, not further worked than semi-manufactured",2025-01-01
24.41.5,"Obični metali, posrebreni, te obični metali, srebro i zlato, prevučeni platinom, dalje neobrađeni, osim kao poluproizvod","Base metals clad with silver and base metals, silver or gold clad with platinum, not further worked than semi-manufactured",2025-01-01
24.41.50,"Obični metali, posrebreni, te obični metali, srebro i zlato, prevučeni platinom, dalje neobrađeni, osim kao poluproizvod","Base metals clad with silver and base metals, silver or gold clad with platinum, not further worked than semi-manufactured",2025-01-01
24.41.9,Podugovarateljski poslovi kao dio proizvodnje plemenitih metala,Sub-contracted operations as part of manufacturing of precious metals,2025-01-01
24.41.99,Podugovarateljski poslovi kao dio proizvodnje plemenitih metala,Sub-contracted operations as part of manufacturing of precious metals,2025-01-01
24.42,Aluminij,Aluminium,2025-01-01
24.42.1,"Aluminij, sirovi; aluminijev oksid","Aluminium, unwrought; aluminium oxide",2025-01-01
24.42.11,"Aluminij, sirovi","Aluminium, unwrought",2025-01-01
24.42.12,"Aluminijev oksid, osim umjetnog korunda","Aluminium oxide, except artificial corundum",2025-01-01
24.42.2,Poluproizvodi od aluminija i legura aluminija,Semi-finished products of aluminium or aluminium alloys,2025-01-01
24.42.21,Aluminijski prah i ljuskice,Aluminium powders and flakes,2025-01-01
24.42.22,Aluminijske šipke i profili,"Aluminium bars, rods and profiles",2025-01-01
24.42.23,Aluminijska žica,Aluminium wire,2025-01-01
24.42.24,"Aluminijske ploče, limovi i trake, debljine > 0,2 mm","Aluminium plates, sheets and strip, of a thickness > 0.2 mm",2025-01-01
24.42.25,"Aluminijska folija, debljine ≤ 0,2 mm","Aluminium foil, of a thickness ≤ 0.2 mm",2025-01-01
24.42.26,Aluminijske cijevi i pribor za cijevi,"Aluminium tubes, pipes and tube or pipe fittings",2025-01-01
24.42.9,Podugovarateljski poslovi kao dio proizvodnje aluminija,Sub-contracted operations as part of manufacturing of aluminium,2025-01-01
24.42.99,Podugovarateljski poslovi kao dio proizvodnje aluminija,Sub-contracted operations as part of manufacturing of aluminium,2025-01-01
24.43,"Olovo, cink i kositar","Lead, zinc and tin",2025-01-01
24.43.1,"Olovo, cink i kositar, sirovi","Lead, zinc and tin, unwrought",2025-01-01
24.43.11,"Olovo, sirovo","Lead, unwrought",2025-01-01
24.43.12,"Cink, sirovi","Zinc, unwrought",2025-01-01
24.43.13,"Kositar, sirovi","Tin, unwrought",2025-01-01
24.43.2,"Poluproizvodi od olova, cinka, kositra i njihovih legura","Semi-finished products of lead, zinc and tin or their alloys",2025-01-01
24.43.21,"Ploče, limovi, trake i folija od olova; prah i ljuskice od olova","Lead plates, sheets, strip and foil; lead powders and flakes",2025-01-01
24.43.22,"Prašina, prah i ljuskice, od cinka","Zinc dust, powders and flakes",2025-01-01
24.43.23,"Šipke, profili i žica od cinka; ploče, limovi, trake i folija od cinka","Zinc bars, rods, profiles and wire; zinc plates, sheets, strip and foil",2025-01-01
24.43.24,"Šipke, profili i žica od kositra","Tin bars, rods, profiles and wire",2025-01-01
24.43.9,"Podugovarateljski poslovi kao dio proizvodnje olova, cinka i kositra","Sub-contracted operations as part of manufacturing of lead, zinc and tin",2025-01-01
24.43.99,"Podugovarateljski poslovi kao dio proizvodnje olova, cinka i kositra","Sub-contracted operations as part of manufacturing of lead, zinc and tin",2025-01-01
24.44,Bakar,Copper,2025-01-01
24.44.1,"Bakar, sirovi; bakrenac; cementni bakar","Copper, unwrought; copper mattes; cement copper",2025-01-01
24.44.11,Bakrenac; cementni bakar,Copper mattes; cement copper,2025-01-01
24.44.12,Nerafinirani bakar; bakrene anode za elektrolitičko rafiniranje,"Copper, unrefined; copper anodes for electrolytic refining",2025-01-01
24.44.13,"Rafinirani bakar i bakrene legure, sirovi; bakrene predlegure","Refined copper and copper alloys, unwrought; master alloys of copper",2025-01-01
24.44.2,Poluproizvodi od bakra i bakrenih legura,Semi-finished products of copper or copper alloys,2025-01-01
24.44.21,"Prah i ljuskice, od bakra",Copper powders and flakes,2025-01-01
24.44.22,Šipke i profili od bakra,"Copper bars, rods and profiles",2025-01-01
24.44.23,Žica od bakra,Copper wire,2025-01-01
24.44.24,"Ploče, limovi i trake od bakra, debljine > 0,15 mm","Copper plates, sheets and strip, of a thickness > 0.15 mm",2025-01-01
24.44.25,"Folija od bakra, debljine ≤ 0,15 mm","Copper foil, of a thickness ≤ 0.15 mm",2025-01-01
24.44.26,Bakrene cijevi i pribor za cijevi,"Copper tubes, pipes and tube or pipe fittings",2025-01-01
24.44.9,Podugovarateljski poslovi kao dio proizvodnje bakra,Sub-contracted operations as part of manufacturing of copper,2025-01-01
24.44.99,Podugovarateljski poslovi kao dio proizvodnje bakra,Sub-contracted operations as part of manufacturing of copper,2025-01-01
24.45,Ostali obojeni metali,Other non-ferrous metal,2025-01-01
24.45.1,"Nikal, sirovi; međuproizvodi od metalurgije nikla","Nickel, unwrought; intermediate products of nickel metallurgy",2025-01-01
24.45.11,"Nikal, sirovi;","Nickel, unwrought",2025-01-01
24.45.12,"Niklov kamen, sinterirani nikleni oksidi i ostali međuproizvodi metalurgije nikla","Nickel mattes, nickel oxide sinters and other intermediate products of nickel metallurgy",2025-01-01
24.45.2,Poluproizvodi od nikla i legura nikla,Semi-finished products of nickel or nickel alloys,2025-01-01
24.45.21,"Prah i ljuskice, od nikla",Nickel powders and flakes,2025-01-01
24.45.22,"Šipke, profili i žica od nikla","Nickel bars, rods, profiles and wire",2025-01-01
24.45.23,"Ploče, limovi, trake i folija od nikla","Nickel plates, sheets, strip and foil",2025-01-01
24.45.24,Cijevi i pribor za cijevi od nikla,"Nickel tubes, pipes and tube or pipe fittings",2025-01-01
24.45.3,Ostali obojeni metali i proizvodi od njih; kermeti; pepeo i ostaci koji sadržavaju metale i metalne spojeve,"Other non-ferrous metals and articles thereof; cermets; ash and residues, containing metals or metallic compounds",2025-01-01
24.45.30,Ostali obojeni metali i proizvodi od njih; kermeti; pepeo i ostaci koji sadržavaju metale i metalne spojeve,"Other non-ferrous metals and articles thereof; cermets; ash and residues, containing metals or metallic compounds",2025-01-01
24.45.9,Podugovarateljski poslovi kao dio proizvodnje ostalih obojenih metala,Sub-contracted operations as part of manufacturing of other non-ferrous metal,2025-01-01
24.45.99,Podugovarateljski poslovi kao dio proizvodnje ostalih obojenih metala,Sub-contracted operations as part of manufacturing of other non-ferrous metal,2025-01-01
24.46,"Prirodni uran i njegovi spojevi; legure, disperzije, keramički proizvodi i mješavine koje sadržavaju prirodni uran ili spojeve prirodnog urana","Natural uranium and its compounds; alloys, dispersions, ceramic products and mixtures containing natural uranium or natural uranium compounds",2025-01-01
24.46.1,"Prirodni uran i njegovi spojevi; legure, disperzije, keramički proizvodi i mješavine koje sadržavaju prirodni uran ili spojeve prirodnog urana","Natural uranium and its compounds; alloys, dispersions, ceramic products and mixtures containing natural uranium or natural uranium compounds",2025-01-01
24.46.10,"Prirodni uran i njegovi spojevi; legure, disperzije, keramički proizvodi i mješavine koje sadržavaju prirodni uran ili spojeve prirodnog urana","Natural uranium and its compounds; alloys, dispersions, ceramic products and mixtures containing natural uranium or natural uranium compounds",2025-01-01
24.46.9,"Podugovarateljski poslovi kao dio proizvodnje prirodnog urana i njegovih spojeva; legura, disperzija, keramičkih proizvoda i mješavina koje sadržavaju prirodni uran ili spojeve prirodnog urana","Sub-contracted operations as part of manufacturing of natural uranium and its compounds; alloys, dispersions, ceramic products and mixtures containing natural uranium or natural uranium compounds",2025-01-01
24.46.99,"Podugovarateljski poslovi kao dio proizvodnje prirodnog urana i njegovih spojeva; legura, disperzija, keramičkih proizvoda i mješavina koje sadržavaju prirodni uran ili spojeve prirodnog urana","Sub-contracted operations as part of manufacturing of natural uranium and its compounds; alloys, dispersions, ceramic products and mixtures containing natural uranium or natural uranium compounds",2025-01-01
24.5,Usluge lijevanja metala,Casting services of metals,2025-01-01
24.51,Usluge lijevanja željeza,Casting services of iron,2025-01-01
24.51.1,Usluge lijevanja lijevanog željeza,Casting services of cast iron,2025-01-01
24.51.11,Usluge lijevanja temperiranoga (kovkastog) lijevanog željeza,Casting services of malleable cast iron,2025-01-01
24.51.12,Usluge lijevanja nodularnoga lijevanog željeza,Casting services of spheroidal cast iron,2025-01-01
24.51.13,Usluge lijevanja sivoga lijevanog željeza,Casting services of grey cast iron,2025-01-01
24.51.2,"Cijevi i šuplji profili, od lijevanog željeza","Tubes, pipes and hollow profiles, of cast iron",2025-01-01
24.51.20,"Cijevi i šuplji profili, od lijevanog željeza","Tubes, pipes and hollow profiles, of cast iron",2025-01-01
24.51.3,"Pribor za cijevi, od lijevanog željeza","Tube or pipe fittings, of cast iron",2025-01-01
24.51.30,"Pribor za cijevi, od lijevanog željeza","Tube or pipe fittings, of cast iron",2025-01-01
24.51.9,Podugovarateljski poslovi kao dio usluga lijevanja željeza,Sub-contracted operations as part of casting services of iron,2025-01-01
24.51.99,Podugovarateljski poslovi kao dio usluga lijevanja željeza,Sub-contracted operations as part of casting services of iron,2025-01-01
24.52,Usluge lijevanja čelika; cijevi i pribor za cijevi od lijevanog čelika,"Casting services of steel; tubes, pipes and pipe fittings of cast steel",2025-01-01
24.52.1,Usluge lijevanja čelika,Casting services of steel,2025-01-01
24.52.10,Usluge lijevanja čelika,Casting services of steel,2025-01-01
24.52.2,Cijevi od centrifugalno lijevanog čelika,Tubes and pipes of centrifugally cast steel,2025-01-01
24.52.20,Cijevi od centrifugalno lijevanog čelika,Tubes and pipes of centrifugally cast steel,2025-01-01
24.52.3,"Cijevi i pribor za cijevi, od lijevanog čelika","Tube or pipe fittings, of cast steel",2025-01-01
24.52.30,"Cijevi i pribor za cijevi, od lijevanog čelika","Tube or pipe fittings, of cast steel",2025-01-01
24.53,Usluge lijevanja lakih metala,Casting services of light metals,2025-01-01
24.53.0,Usluge lijevanja lakih metala,Casting services of light metals,2025-01-01
24.53.00,Usluge lijevanja lakih metala,Casting services of light metals,2025-01-01
24.54,"Usluge lijevanja bakra, cinka i ostalih obojenih metala","Casting services of copper, zinc and other non-ferrous metals",2025-01-01
24.54.0,"Usluge lijevanja bakra, cinka i ostalih obojenih metala","Casting services of copper, zinc and other non-ferrous metals",2025-01-01
24.54.00,"Usluge lijevanja bakra, cinka i ostalih obojenih metala","Casting services of copper, zinc and other non-ferrous metals",2025-01-01
25,"Gotovi metalni proizvodi, osim strojeva i opreme","Fabricated metal products, except machinery and equipment",2025-01-01
25.1,Metalne konstrukcije,Structural metal products,2025-01-01
25.11,Metalne konstrukcije i njihovi dijelovi,Metal structures and parts of structures,2025-01-01
25.11.1,Montažne zgrade od metala,Prefabricated buildings of metal,2025-01-01
25.11.10,Montažne zgrade od metala,Prefabricated buildings of metal,2025-01-01
25.11.2,Metalne konstrukcije i njihovi dijelovi,Structural metal products and parts thereof,2025-01-01
25.11.21,Mostovi i dijelovi mostova (kosturi) od željeza i čelika,Bridges and bridge-sections of iron or steel,2025-01-01
25.11.22,Tornjevi i rešetkasti stupovi od željeza i čelika,Towers and lattice masts of iron or steel,2025-01-01
25.11.23,"Ostale konstrukcije i njihovi dijelovi, ploče, šipke i slično, od željeza, čelika ili aluminija","Other structures and parts of structures, plates, rods, angles, shapes and the like, of iron, steel or aluminium",2025-01-01
25.11.9,Podugovarateljski poslovi kao dio proizvodnje metalnih konstrukcija i njihovih dijelova,Sub-contracted operations as part of manufacturing of metal structures and parts of structures,2025-01-01
25.11.99,Podugovarateljski poslovi kao dio proizvodnje metalnih konstrukcija i njihovih dijelova,Sub-contracted operations as part of manufacturing of metal structures and parts of structures,2025-01-01
25.12,"Vrata, prozori i njihovi okviri te pragovi za vrata, od metala","Doors, windows and their frames and thresholds for doors, of metal",2025-01-01
25.12.1,"Vrata, prozori i njihovi okviri te pragovi za vrata, od metala","Doors, windows and their frames and thresholds for doors, of metal",2025-01-01
25.12.10,"Vrata, prozori i njihovi okviri te pragovi za vrata, od metala","Doors, windows and their frames and thresholds for doors, of metal",2025-01-01
25.12.9,"Podugovarateljski poslovi kao dio proizvodnje vrata, prozora i njihovih okvira te pragova za vrata, od metala","Sub-contracted operations as part of manufacturing of doors, windows and their frames and thresholds for doors, of metal",2025-01-01
25.12.99,"Podugovarateljski poslovi kao dio proizvodnje vrata, prozora i njihovih okvira te pragova za vrata, od metala","Sub-contracted operations as part of manufacturing of doors, windows and their frames and thresholds for doors, of metal",2025-01-01
25.2,"Cisterne, rezervoari i slične posude od metala","Tanks, reservoirs and containers of metal",2025-01-01
25.21,"Radijatori, parni kotlovi i kotlovi za centralno grijanje","Central heating radiators, steam generators and boilers",2025-01-01
25.21.1,Radijatori i kotlovi za centralno grijanje,Central heating radiators and boilers,2025-01-01
25.21.11,"Radijatori za centralno grijanje neelektrično zagrijavani, od željeza ili čelika","Central heating radiators, not electrically heated, of iron or steel",2025-01-01
25.21.12,Kotlovi za proizvodnju vodene i druge pare; kotlovi za pregrijanu vodu,Steam or other vapour generating boilers; super-heated water boilers,2025-01-01
25.21.13,Pomoćni uređaji za kotlove; kondenzatori za energetske jedinice za vodenu i drugu paru,Auxiliary plant for use with boilers; condensers for steam or other vapour power units,2025-01-01
25.21.14,Dijelovi parnih kotlova,Parts of steam generators,2025-01-01
25.21.2,Nuklearni reaktori i njihovi dijelovi,Nuclear reactors and parts thereof,2025-01-01
25.21.21,"Nuklearni reaktori, osim separatora izotopa","Nuclear reactors, except isotope separators",2025-01-01
25.21.22,"Dijelovi nuklearnih reaktora, osim separatora izotopa","Parts of nuclear reactors, except isotope separators",2025-01-01
25.21.9,"Podugovarateljski poslovi kao dio proizvodnje radijatora, parnih kotlova i kotlova za centralno grijanje","Sub-contracted operations as part of manufacturing of central heating radiators, steam generators and boilers",2025-01-01
25.21.99,"Podugovarateljski poslovi kao dio proizvodnje radijatora, parnih kotlova i kotlova za centralno grijanje","Sub-contracted operations as part of manufacturing of central heating radiators, steam generators and boilers",2025-01-01
25.22,"Ostale cisterne, rezervoari i slične posude od metala","Other tanks, reservoirs and containers of metal",2025-01-01
25.22.1,"Ostale cisterne, rezervoari i slične posude od metala","Other tanks, reservoirs and containers of metal",2025-01-01
25.22.11,"Željezni, čelični ili aluminijski rezervoari, cisterne, bačve i slični spremnici (osim za stlačene ili ukapljene plinove), kapaciteta > 300 l, neopremljeni mehaničkim ili toplinskim uređajima","Reservoirs, tanks, vats and similar containers (other than for compressed or liquefied gas), of iron, steel or aluminium, of a capacity > 300 litres, not fitted with mechanical or thermal equipment",2025-01-01
25.22.12,"Spremnici za komprimirane ili ukapljene plinove, od metala","Containers for compressed or liquefied gas, of metal",2025-01-01
25.22.9,"Podugovarateljski poslovi kao dio proizvodnje ostalih cisterni, rezervoara i sličnih posuda od metala","Sub-contracted operations as part of manufacturing of other tanks, reservoirs and containers of metal",2025-01-01
25.22.99,"Podugovarateljski poslovi kao dio proizvodnje ostalih cisterni, rezervoara i sličnih posuda od metala","Sub-contracted operations as part of manufacturing of other tanks, reservoirs and containers of metal",2025-01-01
25.3,Oružje i streljivo,Weapons and ammunition,2025-01-01
25.30,Oružje i streljivo,Weapons and ammunition,2025-01-01
25.30.1,Oružje i streljivo,Weapons and ammunition,2025-01-01
25.30.11,"Revolveri, pištolji, nevojno vatreno oružje i slične naprave","Revolvers, pistols, non-military firearms and similar devices",2025-01-01
25.30.12,"Vojno oružje, osim revolvera, pištolja i sličnog oružja","Military weapons, other than revolvers, pistols, and the like",2025-01-01
25.30.13,"Bombe, rakete i slično ratno streljivo; patrone, ostalo streljivo, projektili i njihovi dijelovi","Bombs, missiles, and similar munitions of war; cartridges, other ammunition and projectiles and parts thereof",2025-01-01
25.30.14,Dijelovi vojnog i drugog oružja,Parts of military weapons and other arms,2025-01-01
25.30.9,Podugovarateljski poslovi kao dio proizvodnje oružja i streljiva,Sub-contracted operations as part of manufacturing of weapons and ammunition,2025-01-01
25.30.99,Podugovarateljski poslovi kao dio proizvodnje oružja i streljiva,Sub-contracted operations as part of manufacturing of weapons and ammunition,2025-01-01
25.4,Usluge kovanja i oblikovanja metala; metalurgija praha,Forging and shaping services of metal; powder metallurgy,2025-01-01
25.40,Usluge kovanja i oblikovanja metala; metalurgija praha,Forging and shaping services of metal; powder metallurgy,2025-01-01
25.40.1,Usluge kovanja metala,Forging services of metal,2025-01-01
25.40.10,Usluge kovanja metala,Forging services of metal,2025-01-01
25.40.2,Usluge prešanja i štancanja lima,Pressing and stamping services of sheet metal,2025-01-01
25.40.20,Usluge prešanja i štancanja lima,Pressing and stamping services of sheet metal,2025-01-01
25.40.3,Ostale usluge oblikovanja metala,Other forming services of metal,2025-01-01
25.40.30,Ostale usluge oblikovanja metala,Other forming services of metal,2025-01-01
25.40.4,Metalurgija praha,Powder metallurgy,2025-01-01
25.40.40,Metalurgija praha,Powder metallurgy,2025-01-01
25.5,"Usluge obrade, prevlačenja i strojne obrade metala","Treatment, coating and machining services of metals",2025-01-01
25.51,Usluge prevlačenja metala,Coating services of metals,2025-01-01
25.51.0,Usluge prevlačenja metala,Coating services of metals,2025-01-01
25.51.01,Usluge prevlačenja metalom,Metallic coating services of metals,2025-01-01
25.51.02,Usluge prevlačenja nemetalom,Non-metallic coating services of metals,2025-01-01
25.52,Usluge toplinske obrade metala,Heat treatment services of metals,2025-01-01
25.52.0,Usluge toplinske obrade metala,Heat treatment services of metals,2025-01-01
25.52.00,Usluge toplinske obrade metala,Heat treatment services of metals,2025-01-01
25.53,Usluge strojne obrade metala,Machining services of metals,2025-01-01
25.53.1,Usluge dorađivanja (tokarenja) metalnih dijelova,Turning services of metal parts,2025-01-01
25.53.10,Usluge dorađivanja (tokarenja) metalnih dijelova,Turning services of metal parts,2025-01-01
25.53.2,Ostale usluge strojne obrade metala,Other machining services,2025-01-01
25.53.20,Ostale usluge strojne obrade metala,Other machining services,2025-01-01
25.6,"Pribor za jelo i sječiva, alati i opća željezna roba","Cutlery, tools and general hardware",2025-01-01
25.61,Pribor za jelo i sječiva,Cutlery,2025-01-01
25.61.1,Pribor za jelo i sječiva,Cutlery,2025-01-01
25.61.11,"Noževi, (osim za strojeve), škare i njihove oštrice",Knives (except for machines) and scissors and blades thereof,2025-01-01
25.61.12,"Aparati za brijanje, britve i britvice",Razors and razor blades,2025-01-01
25.61.13,Ostali noževi i pribor za jelo; pribor za manikiranje i pedikiranje,Other articles of cutlery; manicure or pedicure sets and instruments,2025-01-01
25.61.14,"Žlice, vilice, grabilice, žlice za obiranje, lopatice za posluživanje kolača, noževi za ribu, noževi za maslac, štipalice za šećer i sličan kuhinjski i stolni pribor","Spoons, forks, ladles, skimmers, cake-servers, fish-knives, butter-knives, sugar tongs and similar kitchen or tableware",2025-01-01
25.61.15,"Mačevi, sablje, bajunete, koplja i slično oružje te njihovi dijelovi","Swords, cutlasses, bayonets, lances and similar arms and parts thereof",2025-01-01
25.61.9,Podugovarateljski poslovi kao dio proizvodnje pribora za jelo i sječiva,Sub-contracted operations as part of manufacturing of cutlery,2025-01-01
25.61.99,Podugovarateljski poslovi kao dio proizvodnje pribora za jelo i sječiva,Sub-contracted operations as part of manufacturing of cutlery,2025-01-01
25.62,Brave i okovi,Locks and hinges,2025-01-01
25.62.1,Brave i okovi,Locks and hinges,2025-01-01
25.62.11,"Lokoti i brave za motorna vozila i za namještaj, od običnih metala","Padlocks, locks used for motor vehicles and for furniture, of base metal",2025-01-01
25.62.12,Ostale brave od običnih metala,"Other locks, of base metal",2025-01-01
25.62.13,"Zatvarači i okovi sa zatvaračima, s ugrađenim bravama; dijelovi","Clasps and frames with clasps, incorporating locks; parts",2025-01-01
25.62.14,"Okovi, držači, pribor i slični proizvodi za motorna vozila, vrata, prozore, namještaj i slično, od običnih metala","Hinges, mountings, fittings and similar articles, suitable for motor vehicles, doors, windows, furniture and the like, of base metal",2025-01-01
25.62.9,Podugovarateljski poslovi kao dio proizvodnje brava i okova,Sub-contracted operations as part of manufacturing of locks and hinges,2025-01-01
25.62.99,Podugovarateljski poslovi kao dio proizvodnje brava i okova,Sub-contracted operations as part of manufacturing of locks and hinges,2025-01-01
25.63,Alati,Tools,2025-01-01
25.63.1,"Ručni alat za uporabu u poljoprivredi, vrtlarstvu ili šumarstvu","Hand tools of a kind used in agriculture, horticulture or forestry",2025-01-01
25.63.10,"Ručni alat za uporabu u poljoprivredi, vrtlarstvu ili šumarstvu","Hand tools of a kind used in agriculture, horticulture or forestry",2025-01-01
25.63.2,Ručne pile; listovi za pile svih vrsta,Hand saws; blades for saws of all kinds,2025-01-01
25.63.20,Ručne pile; listovi za pile svih vrsta,Hand saws; blades for saws of all kinds,2025-01-01
25.63.3,Ostali ručni alat,Other hand tools,2025-01-01
25.63.30,Ostali ručni alat,Other hand tools,2025-01-01
25.63.4,Zamjenljivi dijelovi za ručni alat na mehanički ili električni pogon i za alatne strojeve,"Interchangeable tools for hand tools, whether or not power-operated, or for machine tools",2025-01-01
25.63.40,Zamjenljivi dijelovi za ručni alat na mehanički ili električni pogon i za alatne strojeve,"Interchangeable tools for hand tools, whether or not power-operated, or for machine tools",2025-01-01
25.63.5,Kalupi; kalupnici za ljevaonice metala; modelne ploče; modeli za izradu kalupa,Moulds; moulding boxes for metal foundry; mould bases; moulding patterns,2025-01-01
25.63.50,Kalupi; kalupnici za ljevaonice metala; modelne ploče; modeli za izradu kalupa,Moulds; moulding boxes for metal foundry; mould bases; moulding patterns,2025-01-01
25.63.6,Ostali alat,Other tools,2025-01-01
25.63.60,Ostali alat,Other tools,2025-01-01
25.63.9,Podugovarateljski poslovi kao dio proizvodnje alata,Sub-contracted operations as part of manufacturing of tools,2025-01-01
25.63.99,Podugovarateljski poslovi kao dio proizvodnje alata,Sub-contracted operations as part of manufacturing of tools,2025-01-01
25.9,Ostali gotovi proizvodi od metala,Other fabricated metal products,2025-01-01
25.91,Čelične bačve i slične posude,Steel drums and similar containers,2025-01-01
25.91.1,Čelične bačve i slične posude,Steel drums and similar containers,2025-01-01
25.91.11,"Rezervoari, bačve, limenke i slični spremnici, za sve vrste materijala (osim za plin), od željeza ili čelika, kapaciteta ≥ 50 l, ali ≤ 300 l, neopremljeni mehaničkim ili toplinskim uređajima","Tanks, casks, drums, cans, boxes and similar containers, for any material (except gas), of iron or steel, of a capacity ≥ 50 l but ≤ 300 l, not fitted with mechanical or thermal equipment",2025-01-01
25.91.12,"Rezervoari, bačve, limenke (osim onih koje se zatvaraju lemljenjem ili pertliranjem), kutije i slični spremnici, za sve vrste materijala (osim za plin), od željeza ili čelika, kapaciteta < 50 l, neopremljeni mehaničkim ili toplinskim uređajima","Tanks, casks, drums, cans (except those to be closed by soldering or crimping), boxes and similar containers, for any material (except gas), of iron or steel, of a capacity < 50 l, not fitted with mechanical or thermal equipment",2025-01-01
25.91.9,Podugovarateljski poslovi kao dio proizvodnje čeličnih bačvi i sličnih posuda,Sub-contracted operations as part of manufacturing of steel drums and similar containers,2025-01-01
25.91.99,Podugovarateljski poslovi kao dio proizvodnje čeličnih bačvi i sličnih posuda,Sub-contracted operations as part of manufacturing of steel drums and similar containers,2025-01-01
25.92,Ambalaža od lakih metala,Light metal packaging,2025-01-01
25.92.1,Ambalaža od lakih metala,Light metal packaging,2025-01-01
25.92.11,"Limenke od željeza ili čelika, koje se zatvaraju lemljenjem ili pertliranjem, kapaciteta < 50 l","Cans, of iron or steel, to be closed by soldering or crimping, of a capacity < 50 l",2025-01-01
25.92.12,"Aluminijske bačve, limenke i slični spremnici, za sve vrste materijala (osim za plin), kapaciteta ≤ 300 l","Aluminium casks, drums, cans, boxes and similar containers, for any material (except gas), of a capacity ≤ 300 l",2025-01-01
25.92.13,"Čepovi, zatvarači, kapice i poklopci za boce, od običnih metala","Crown corks and stoppers, caps and lids, of base metal",2025-01-01
25.92.9,Podugovarateljski poslovi kao dio proizvodnje ambalaže od lakih metala,Sub-contracted operations as part of manufacturing of light metal packaging,2025-01-01
25.92.99,Podugovarateljski poslovi kao dio proizvodnje ambalaže od lakih metala,Sub-contracted operations as part of manufacturing of light metal packaging,2025-01-01
25.93,"Proizvodi od žice, lanci i opruge","Wire products, chain and springs",2025-01-01
25.93.1,"Proizvodi od žice, lanci i opruge","Wire products, chain and springs",2025-01-01
25.93.11,"Upletene žice, užad i kablovi, pletene trake, pletivo i slično, od željeza i čelika, električno neizolirani","Stranded wire, cables, plaited bands, slings and the like, of iron or steel, not electrically insulated",2025-01-01
25.93.12,"Bodljikava žica od željeza i čelika; upletene žice, užad i kablovi, pletene trake i slično, od bakra ili aluminija, električno neizolirani","Barbed wire, of iron or steel; stranded wire, cables, plaited bands and the like, of copper or aluminium, not electrically insulated",2025-01-01
25.93.13,"Tkanina, rešetke, mreže i ograde od željezne, čelične ili bakrene žice; rešetke dobivene razvlačenjem željeza, čelika ili bakra","Cloth, grills, netting and fencing, of iron, steel or copper wire; expanded metal, of iron, steel or copper",2025-01-01
25.93.14,"Čavli, čavlići, pribadače za ploče, spajalice i slični proizvodi","Nails, tacks, drawing pins, staples and similar articles",2025-01-01
25.93.15,"Žica, šipke, cijevi, ploče, elektrode, obložene ili ispunjene sredstvom za luženje ili taliteljem","Wire, rods, tubes, plates, electrodes, coated or cored with flux material",2025-01-01
25.93.16,Opruge i listovi za opruge od željeza ili čelika; bakrene opruge,"Springs and leaves for springs, of iron or steel; copper springs",2025-01-01
25.93.17,Lanci (osim prijenosnih člankastih lanaca) i njihovi dijelovi,Chain (except articulated link chain) and parts thereof,2025-01-01
25.93.18,"Igle za šivanje, igle za pletenje, igle za uvlačenje, igle za kačkanje, igle za vezenje i slični proizvodi, za ručnu uporabu, od željeza ili čelika; sigurnosne igle i ostale igle od željeza ili čelika","Sewing needles, knitting needles, bodkins, crochet hooks, embroidery stilettos and similar articles for use in the hand, of iron or steel; safety pins and other pins of iron or steel",2025-01-01
25.93.9,"Podugovarateljski poslovi kao dio proizvodnje proizvoda od žice, lanaca i opruga","Sub-contracted operations as part of manufacturing of wire products, chain and springs",2025-01-01
25.93.99,"Podugovarateljski poslovi kao dio proizvodnje proizvoda od žice, lanaca i opruga","Sub-contracted operations as part of manufacturing of wire products, chain and springs",2025-01-01
25.94,Zakovice i vijčana roba,Fasteners and screw machine products,2025-01-01
25.94.1,Zakovice i vijčana roba,Fasteners and screw machine products,2025-01-01
25.94.11,"Vijci i slični vezni proizvodi s navojem, od željeza ili čelika","Threaded fasteners, of iron or steel",2025-01-01
25.94.12,"Zakovice i slični vezni proizvodi bez navoja, od željeza ili čelika","Non-threaded fasteners, of iron or steel",2025-01-01
25.94.13,"Vijci, zakovice i drugi vezni proizvodi s navojem i bez navoja, od bakra","Non-threaded and threaded fasteners, of copper",2025-01-01
25.94.9,Podugovarateljski poslovi kao dio proizvodnje zakovica i vijčane robe,Sub-contracted operations as part of manufacturing of fasteners and screw machine products,2025-01-01
25.94.99,Podugovarateljski poslovi kao dio proizvodnje zakovica i vijčane robe,Sub-contracted operations as part of manufacturing of fasteners and screw machine products,2025-01-01
25.99,"Ostali gotovi proizvodi od metala, d. n.",Other fabricated metal products n.e.c.,2025-01-01
25.99.1,Proizvodi od metala za kupaonicu i kuhinju,Metal articles for bathroom and kitchen,2025-01-01
25.99.11,"Sudoperi, umivaonici, kade i ostale sanitarije i njihovi dijelovi od željeza, čelika, bakra ili aluminija","Sinks, wash-basins, baths and other sanitary ware, and parts thereof, of iron, steel, copper or aluminium",2025-01-01
25.99.12,"Stolni, kuhinjski i ostali proizvodi za kućanstvo, te njihovi dijelovi, od željeza, čelika, bakra ili aluminija","Table, kitchen or household articles and parts thereof, of iron, steel, copper or aluminium",2025-01-01
25.99.2,Ostali proizvodi od običnih metala,Other articles of base metal,2025-01-01
25.99.21,"Oklopljeni ili ojačani trezori, sefovi i vrata te sigurnosni pretinci za trezore, prijenosne sigurnosne kasete za novac ili isprave i slično, od običnih metala","Armoured or reinforced safes, strong-boxes and doors and safe deposit lockers for strong-rooms, cash or deed boxes and the like, of base metal",2025-01-01
25.99.22,"Pretinci za spise, stalci za papir, stalci za olovke, stalci za pečate i slična uredska ili stolna oprema, od običnih metala, osim uredskog namještaja","Paper trays, paper rests, pen trays, office-stamp stands and similar office or desk equipment, of base metal, other than office furniture",2025-01-01
25.99.23,"Mehanizmi za registratore i fascikle, kvačice za spise, slični uredski predmeti i spajalice u traci, od običnih metala","Fittings for loose-leaf binders or files, letter clips and similar office articles, and staples in strips, of base metal",2025-01-01
25.99.24,"Figurice i slični ukrasi, okviri za fotografije, slike i slično te zrcala, od običnih metala","Statuettes and other ornaments and photograph, picture or similar frames and mirrors, of base metal",2025-01-01
25.99.25,"Kopče, okviri s kopčama, spone, šnale, kukice, ušice, rupice i slično, od običnih metala, za odjeću, obuću, cerade, ručne torbe, putne potrepštine ili druge gotove proizvode; cjevaste ili račvaste zakovice od običnih metala; perle i šljokice od običnih metala","Clasps, frames with clasps, buckles, buckle-clasps, hooks, eyes, eyelets and the like, of base metal, of a kind used for clothing, footwear, awnings, handbags, travel goods or other made-up articles; tubular or bifurcated rivets, of base metal; beads and spangles of base metal",2025-01-01
25.99.26,Elise za brodove i čamce te njihove lopatice,Ships' or boats' propellers and blades thereof,2025-01-01
25.99.29,"Ostali proizvodi od običnih metala, d. n.",Other articles of base metal n.e.c.,2025-01-01
25.99.9,"Podugovarateljski poslovi kao dio proizvodnje ostalih gotovih proizvoda od metala, d. n.",Sub-contracted operations as part of manufacturing of other fabricated metal products n.e.c.,2025-01-01
25.99.99,"Podugovarateljski poslovi kao dio proizvodnje ostalih gotovih proizvoda od metala, d. n.",Sub-contracted operations as part of manufacturing of other fabricated metal products n.e.c.,2025-01-01
26,"Računala, elektronički i optički proizvodi","Computer, electronic and optical products",2025-01-01
26.1,Elektroničke komponente i ploče,Electronic components and boards,2025-01-01
26.11,Elektroničke komponente,Electronic components,2025-01-01
26.11.1,"Termionske, hladnokatodne i fotokatodne cijevi","Thermionic, cold cathode or photo-cathode valves and tubes",2025-01-01
26.11.11,Katodne cijevi za televizijske prijamnike; cijevi za televizijske kamere; ostale katodne cijevi,Cathode-ray television picture tubes; television camera tubes; other cathode-ray tubes,2025-01-01
26.11.12,"Magnetronske, klistronske, mikrovalne cijevi i ostale elektroničke cijevi","Magnetrons, klystrons, microwave tubes and other valve tubes",2025-01-01
26.11.2,Poluvodički elementi; montirani piezoelektrični kristali,Semiconductor devices; mounted piezo-electric crystals,2025-01-01
26.11.21,Diode; tranzistori; tiristori; diakelementi i triakelementi,"Diodes; transistors; thyristors, diacs and triacs",2025-01-01
26.11.22,"Fotonaponske ćelije, moduli i paneli","Photovoltaic cells, modules and panels",2025-01-01
26.11.23,Ostali poluvodički elementi; diode za emitiranje svjetlosti (LED); montirani piezoelektrični kristali; njihovi dijelovi,Other semiconductor devices; light-emitting diodes (LED); mounted piezo-electric crystals; parts thereof,2025-01-01
26.11.3,Elektronički integrirani krugovi,Electronic integrated circuits,2025-01-01
26.11.30,Elektronički integrirani krugovi,Electronic integrated circuits,2025-01-01
26.11.4,Dijelovi elektroničkih ventila i cijevi i drugih elektroničkih komponenti,Parts of electronic valves and tubes and of other electronic components,2025-01-01
26.11.40,Dijelovi elektroničkih ventila i cijevi i drugih elektroničkih komponenti,Parts of electronic valves and tubes and of other electronic components,2025-01-01
26.11.5,Prazni tiskani krugovi,Bare printed circuit boards,2025-01-01
26.11.50,Prazni tiskani krugovi,Bare printed circuit boards,2025-01-01
26.11.9,Usluge povezane s proizvodnjom elektroničkih integriranih krugova; podugovarateljski poslovi kao dio proizvodnje elektroničkih komponenti,Services connected with manufacturing of electronic integrated circuits; sub-contracted operations as part of manufacturing of electronic components,2025-01-01
26.11.91,Usluge povezane s proizvodnjom elektroničkih integriranih krugova,Services connected with manufacturing of electronic integrated circuits,2025-01-01
26.11.99,Podugovarateljski poslovi kao dio proizvodnje elektroničkih komponenti,Sub-contracted operations as part of manufacturing of electronic components,2025-01-01
26.12,Pune elektroničke ploče,Loaded electronic boards,2025-01-01
26.12.1,Učitani tiskani krugovi,Loaded printed circuits,2025-01-01
26.12.10,Učitani tiskani krugovi,Loaded printed circuits,2025-01-01
26.12.2,"Zvučne, video, mrežne i slične kartice za strojeve za automatsku obradu podataka","Sound, video, network and similar cards for automatic data processing machines",2025-01-01
26.12.20,"Zvučne, video, mrežne i slične kartice za strojeve za automatsku obradu podataka","Sound, video, network and similar cards for automatic data processing machines",2025-01-01
26.12.3,Pametne kartice,Smart cards,2025-01-01
26.12.30,Pametne kartice,Smart cards,2025-01-01
26.12.9,Usluge povezane s tiskanjem krugova i mikrosastavljanjem za tiskane krugove; podugovarateljski poslovi kao dio proizvodnje punih elektroničkih ploča,Services connected with printing of circuits and micro assembling on printed circuits; sub-contracted operations as part of manufacturing of loaded electronic boards,2025-01-01
26.12.91,Usluge povezane s tiskanjem krugova i mikrosastavljanjem za tiskane krugove,Services connected with printing of circuits and micro assembling on printed circuits,2025-01-01
26.12.99,Podugovarateljski poslovi kao dio proizvodnje punih elektroničkih ploča,Sub-contracted operations as part of manufacturing of loaded electronic boards,2025-01-01
26.2,Računala i periferna oprema,Computers and peripheral equipment,2025-01-01
26.20,Računala i periferna oprema,Computers and peripheral equipment,2025-01-01
26.20.1,"Računala, njihovi dijelovi i pribor",Computing machinery and parts and accessories thereof,2025-01-01
26.20.11,"Prenosivi strojevi za automatsku obradu podataka, mase ≤ 10 kg, kao što su laptop, notebook i ostala prijenosna računala; osobni digitalni asistenti i slična računala","Portable automatic data processing machines weighing ≤ 10 kg, such as laptop and notebook computers; personal digital assistants and similar computers",2025-01-01
26.20.12,"Terminali na prodajnim mjestima, bankomati i slični strojevi koji se spajaju na stroj za obradu podataka ili mrežu","Point-of-sale terminals, ATMs and similar machines capable of being connected to a data processing machine or network",2025-01-01
26.20.13,"Digitalni strojevi za automatsku obradu podataka koji u istom kućištu sadržavaju barem jednu središnju jedinicu te jednu ulaznu i izlaznu jedinicu, kombinirane ili ne","Digital automatic data processing machines, comprising in the same housing at least a central processing unit and an input and an output unit, whether or not combined",2025-01-01
26.20.14,"Digitalni strojevi za automatsku obradu podataka, prezentirani kao sustavi",Digital automatic data processing machines presented in the form of systems,2025-01-01
26.20.15,"Ostali digitalni strojevi za automatsku obradu podataka, neovisno o tome sadržavaju li u istom kućištu jednu ili dvije od sljedećih jedinica ili ne: memorijske jedinice, ulazne jedinice, izlazne jedinice","Other digital automatic data processing machines, whether or not containing in the same housing one or two of the following types of units: storage units, input units, output units",2025-01-01
26.20.16,"Ulazne ili izlazne jedinice, neovisno sadržavaju li u istom kućištu memorijske jedinice ili ne","Input or output units, whether or not containing storage units in the same housing",2025-01-01
26.20.17,"Monitori i projektori, uglavnom korišteni u sustavima za automatsku obradu podataka","Monitors and projectors, principally used in an automatic data processing system",2025-01-01
26.20.18,"Jedinice koje obavljaju dvije ili više funkcija: tiskanje, skeniranje, kopiranje, faksiranje","Units performing two or more of the following functions: printing, scanning, copying, faxing",2025-01-01
26.20.2,Memorijske jedinice i ostali memorijski uređaji,Storage units and other storage devices,2025-01-01
26.20.21,Memorijske jedinice,Storage units,2025-01-01
26.20.22,Poluvodički uređaji za pohranu podataka,Solid-state non-volatile storage devices,2025-01-01
26.20.3,Ostale jedinice strojeva za automatsku obradu podataka,Other units of automatic data processing machines,2025-01-01
26.20.30,Ostale jedinice strojeva za automatsku obradu podataka,Other units of automatic data processing machines,2025-01-01
26.20.4,Dijelovi i pribor kompjutorskih strojeva,Parts and accessories of computing machines,2025-01-01
26.20.40,Dijelovi i pribor kompjutorskih strojeva,Parts and accessories of computing machines,2025-01-01
26.20.9,Usluge proizvodnje računala i periferne opreme; podugovarateljski poslovi kao dio proizvodnje računala i periferne opreme,Computers and peripheral equipment manufacturing services; sub-contracted operations as part of manufacturing of computers and peripheral equipment,2025-01-01
26.20.91,Usluge proizvodnje računala i periferne opreme,Computers and peripheral equipment manufacturing services,2025-01-01
26.20.99,Podugovarateljski poslovi kao dio proizvodnje računala i periferne opreme,Sub-contracted operations as part of manufacturing of computers and peripheral equipment,2025-01-01
26.3,Komunikacijska oprema,Communication equipment,2025-01-01
26.30,Komunikacijska oprema,Communication equipment,2025-01-01
26.30.1,Radioodašiljači i televizijski odašiljači; televizijske kamere,Radio or television transmission apparatus; television cameras,2025-01-01
26.30.11,Odašiljači s ugrađenim prijamnikom,Transmission apparatus incorporating reception apparatus,2025-01-01
26.30.12,Odašiljači bez ugrađenog prijamnika,Transmission apparatus not incorporating reception apparatus,2025-01-01
26.30.13,Televizijske kamere,Television cameras,2025-01-01
26.30.2,Električni uređaji za žičanu telefoniju i telegrafiju; videofoni,Electrical apparatus for line telephony or line telegraphy; videophones,2025-01-01
26.30.21,Žičani telefoni s bežičnom mikrotelefonskom kombinacijom,Line telephone sets with cordless handsets,2025-01-01
26.30.22,Telefoni za mobilne radiotelefonske mreže ili druge bežične mreže,Telephones for cellular networks or for other wireless networks,2025-01-01
26.30.23,"Ostali telefoni i aparati za slanje i primanje glasa, slike ili drugih podataka","Other telephone sets and apparatus for transmission or reception of voice, images or other data",2025-01-01
26.30.3,Dijelovi električnih telefonskih i telegrafskih uređaja,Parts of electrical telephonic or telegraphic apparatus,2025-01-01
26.30.30,Dijelovi električnih telefonskih i telegrafskih uređaja,Parts of electrical telephonic or telegraphic apparatus,2025-01-01
26.30.4,Antene i antenski reflektori svih vrsta i njihovi dijelovi; dijelovi radijskih i televizijskih odašiljača te televizijskih kamera,Aerials and aerial reflectors of all kind and parts thereof; parts of radio and television transmission apparatus and television cameras,2025-01-01
26.30.40,Antene i antenski reflektori svih vrsta i njihovi dijelovi; dijelovi radijskih i televizijskih odašiljača te televizijskih kamera,Aerials and aerial reflectors of all kind and parts thereof; parts of radio and television transmission apparatus and television cameras,2025-01-01
26.30.9,Podugovarateljski poslovi kao dio proizvodnje komunikacijske opreme,Sub-contracted operations as part of manufacturing of communication equipment,2025-01-01
26.30.99,Podugovarateljski poslovi kao dio proizvodnje komunikacijske opreme,Sub-contracted operations as part of manufacturing of communication equipment,2025-01-01
26.4,Elektronički uređaji za široku potrošnju,Consumer electronics,2025-01-01
26.40,Elektronički uređaji za široku potrošnju,Consumer electronics,2025-01-01
26.40.1,Radioprijamnici,Radio broadcast receivers,2025-01-01
26.40.11,"Radioprijamnici, neovisno o tome jesu li kombinirani s aparatom za snimanje ili reprodukciju zvuka ili satom ili ne","Radio broadcast receivers, whether or not combined with sound recording or reproducing apparatus or a clock",2025-01-01
26.40.12,"Radioprijamnici koji ne mogu raditi bez vanjskog izvora energije, vrsta koju se rabi u motornim vozilima","Radio broadcast receivers not capable of operating without an external source of power, of a kind used in motor vehicles",2025-01-01
26.40.2,"Televizijski prijamnici, neovisno o tome jesu li kombinirani s radioprijamnikom ili aparatom za snimanje ili reprodukciju zvuka ili slike ili ne","Television receivers, whether or not combined with radio-broadcast receivers or sound or video recording or reproduction apparatus",2025-01-01
26.40.20,"Televizijski prijamnici, neovisno o tome jesu li kombinirani s radioprijamnikom ili aparatom za snimanje ili reprodukciju zvuka ili slike ili ne","Television receivers, whether or not combined with radio-broadcast receivers or sound or video recording or reproduction apparatus",2025-01-01
26.40.3,Aparati za snimanje i reprodukciju zvuka i slike,Apparatus for sound and video recording and reproducing,2025-01-01
26.40.31,"Gramofoni, kasetofoni i ostali aparati za reprodukciju zvuka","Turntables, record-players, cassette-players and other sound reproducing apparatus",2025-01-01
26.40.32,Aparati za snimanje na nosačima zvuka i slike i ostali aparati za snimanje zvuka,Recordable media recorders and other sound recording apparatus,2025-01-01
26.40.33,Aparati za snimanje i reprodukciju slike i ostali aparati za snimanje i reprodukciju slike,Video camera recorders and other video recording or reproducing apparatus,2025-01-01
26.40.34,Monitori i projektori koji ne sadržavaju televizijski prijamnik i uglavnom se ne koriste u sustavu za automatsku obradu podataka,"Monitors and projectors, not incorporating television reception apparatus and not principally used in an automatic data processing system",2025-01-01
26.40.4,"Mikrofoni, zvučnici, prijamnici za radiotelefoniju i radiotelegrafiju","Microphones, loudspeakers, reception apparatus for radio-telephony or telegraphy",2025-01-01
26.40.41,Mikrofoni i njihovi stalci,Microphones and stands thereof,2025-01-01
26.40.42,Zvučnici; naglavne slušalice i slušalice za umetanje u uši te kombinirani setovi mikrofona i zvučnika,"Loudspeakers; headphones, earphones and combined microphone/speaker sets",2025-01-01
26.40.43,Električna audiofrekvencijska pojačala; električni setovi za pojačanje zvuka,Audio-frequency electric amplifiers; electric sound amplifier sets,2025-01-01
26.40.49,"Prijamnici za radiotelefoniju i radiotelegrafiju, d. n.",Reception apparatus for radio-telephony or radio-telegraphy n.e.c.,2025-01-01
26.40.5,Dijelovi zvučne opreme i videoopreme,Parts of sound and video equipment,2025-01-01
26.40.51,Dijelovi i pribor za zvučnu opremu i videoopremu,Parts and accessories of sound and video equipment,2025-01-01
26.40.52,Dijelovi radioprijamnika i radioodašiljača,Parts of radio receivers and transmitters,2025-01-01
26.40.6,Konzole za videoigre (koje se koriste s televizijskim prijamnikom ili imaju vlastiti ekran) i ostale igre s elektroničkim prikazom,Video game consoles (used with a television receiver or having a self-contained screen) and other games of skill or chance with an electronic display,2025-01-01
26.40.60,Konzole za videoigre (koje se koriste s televizijskim prijamnikom ili imaju vlastiti ekran) i ostale igre s elektroničkim prikazom,Video game consoles (used with a television receiver or having a self-contained screen) and other games of skill or chance with an electronic display,2025-01-01
26.40.9,Podugovarateljski poslovi kao dio proizvodnje elektroničkih uređaja za široku potrošnju,Sub-contracted operations as part of manufacturing of consumer electronics,2025-01-01
26.40.99,Podugovarateljski poslovi kao dio proizvodnje elektroničkih uređaja za široku potrošnju,Sub-contracted operations as part of manufacturing of consumer electronics,2025-01-01
26.5,Instrumenti za mjerenje i ispitivanje i satovi,"Measuring, testing instruments, watches and clocks",2025-01-01
26.51,"Oprema za mjerenje, ispitivanje i navigaciju","Measuring, testing and navigation equipment",2025-01-01
26.51.1,"Navigacijski, meteorološki, geofizički i slični instrumenti i aparati","Navigational, meteorological, geophysical and similar instruments and appliances",2025-01-01
26.51.11,Kompasi; ostali instrumenti i aparati za navigaciju,Direction-finding compasses; other navigational instruments and appliances,2025-01-01
26.51.12,"Teodoliti i tahimetri; ostali geodetski, hidrografski, oceanografski, hidrološki, meteorološki i geofizički instrumenti i aparati","Theodolites and tachymetres (tachometers); other surveying, hydrographic, oceanographic, hydrological, meteorological or geophysical instruments and appliances",2025-01-01
26.51.2,Radari i radionavigacijski uređaji,Radar apparatus and radio navigational aid apparatus,2025-01-01
26.51.20,Radari i radionavigacijski uređaji,Radar apparatus and radio navigational aid apparatus,2025-01-01
26.51.3,"Precizne vage; instrumenti za crtanje, računanje, mjerenje duljine i slično","Precision balances; instruments for drawing, calculating, measuring length and the like",2025-01-01
26.51.31,Vage osjetljivosti 5 cg ili finije,Balances of a sensitivity of 5 cg or better,2025-01-01
26.51.32,"Stolovi i strojevi za crtanje i ostali instrumenti za crtanje, obilježavanje i matematičko izračunavanje","Drafting tables and machines and other drawing, marking-out or mathematical calculating instruments",2025-01-01
26.51.39,"Instrumenti za mjerenje dužine, namijenjeni držanju u ruci, d. n.","Instruments for measuring length, for use in the hand n.e.c.",2025-01-01
26.51.4,Instrumenti za mjerenje električnih veličina ili ionizirajućih zračenja,Instruments for measuring electrical quantities or ionising radiations,2025-01-01
26.51.41,Instrumenti i aparati za mjerenje i otkrivanje ionizirajućih zračenja,Instruments and apparatus for measuring or detecting ionising radiations,2025-01-01
26.51.42,Katodni osciloskopi i katodni oscilografi,Cathode-ray oscilloscopes and cathode-ray oscillographs,2025-01-01
26.51.43,Instrumenti za mjerenje električnih veličina bez uređaja za bilježenje,Instruments for measuring electrical quantities without a recording device,2025-01-01
26.51.44,Mjerni instrumenti i aparati za telekomunikacije,Measuring instruments and apparatus for telecommunication,2025-01-01
26.51.49,"Instrumenti i aparati za mjerenje i kontrolu električnih veličina, d. n.",Instruments and apparatus for measuring or checking electrical quantities n.e.c.,2025-01-01
26.51.5,Instrumenti za kontrolu drugih fizičkih svojstava,Instrument for checking other physical characteristics,2025-01-01
26.51.51,"Hidrometri, termometri, pirometri, barometri, higrometri i psihrometri","Hydrometers, thermometers, pyrometers, barometers, hygrometers and psychrometers",2025-01-01
26.51.52,"Instrumenti za mjerenje ili nadzor protoka, razine, tlaka i drugih promjenljivih veličina tekućina i plinova","Instruments for measuring or checking the flow, level, pressure or other variables of liquids and gases",2025-01-01
26.51.59,"Instrumenti i aparati za fizikalnu ili kemijsku analizu, d. n.",Instruments and apparatus for physical or chemical analysis n.e.c.,2025-01-01
26.51.6,"Ostali instrumenti i aparati za mjerenje, kontrolu i ispitivanje","Other measuring, checking and testing instruments and appliances",2025-01-01
26.51.61,Mikroskopi (osim optičkih) i difrakcijski aparati,Microscopes (except optical microscopes) and diffraction apparatus,2025-01-01
26.51.62,Strojevi i aparati za ispitivanje mehaničkih svojstava materijala,Machines and appliances for testing the mechanical properties of materials,2025-01-01
26.51.63,"Mjerila potrošnje i proizvodnje plina, tekućina i električne energije","Gas, liquid or electricity supply or production meters",2025-01-01
26.51.64,"Brojila okretaja i proizvodnje, taksimetri; pokazivači brzine i tahometri","Revolution and production counters, taximeters; speed indicators and tachometers",2025-01-01
26.51.65,Hidraulični ili pneumatski instrumenti i aparati za automatsku regulaciju ili kontrolu,"Automatic regulating or controlling instruments and apparatus, hydraulic or pneumatic",2025-01-01
26.51.66,Generatori signala,Signal generators,2025-01-01
26.51.67,Dojavnici krađe ili požara i slični uređaji,Burglar or fire alarms and similar apparatus,2025-01-01
26.51.69,"Mjerni i kontrolni instrumenti, aparati i strojevi, d. n.","Measuring or checking instruments, appliances and machines n.e.c.",2025-01-01
26.51.7,"Termostati, manostati, ostali instrumenti i aparati za automatsku regulaciju ili kontrolu","Thermostats, manostats and other automatic regulating or controlling instruments and apparatus",2025-01-01
26.51.70,"Termostati, manostati, ostali instrumenti i aparati za automatsku regulaciju ili kontrolu","Thermostats, manostats and other automatic regulating or controlling instruments and apparatus",2025-01-01
26.51.8,"Dijelovi i pribor za opremu za mjerenje, ispitivanje i navigaciju","Parts and accessories for measuring, testing and navigating equipment",2025-01-01
26.51.81,Dijelovi radara i radionavigacijskih uređaja,Parts of radar apparatus and radio navigational aid apparatus,2025-01-01
26.51.82,"Dijelovi i pribor za proizvode iz oznaka 26.51.12, 26.51.31, 26.51.32, 26.51.39, 26.51.4 i 26.51.5; mikrotomi","Parts and accessories for the goods of 26.51.12, 26.51.31, 26.51.32, 26.51.39, 26.51.4 and 26.51.5; microtomes",2025-01-01
26.51.83,Dijelovi i pribor za mikroskope (osim optičkih) i difrakcijske aparate,Parts and accessories of microscopes (other than optical) and of diffraction apparatus,2025-01-01
26.51.84,Dijelovi i pribor za proizvode s oznakama 26.51.63 i 26.51.64,Parts and accessories for the goods of 26.51.63 and 26.51.64,2025-01-01
26.51.85,"Dijelovi i pribor za instrumente i aparate iz oznaka 26.51.65, 26.51.66, 26.51.69 i 26.51.70","Parts and accessories of instruments and apparatus of 26.51.65, 26.51.66, 26.51.69 and 26.51.70",2025-01-01
26.51.86,Dijelovi i pribor za instrumente i aparate s oznakama 26.51.11 i 26.51.62,Parts and accessories of instruments and apparatus of 26.51.11 and 26.51.62,2025-01-01
26.51.87,Dijelovi dojavnika krađe ili požara i sličnih uređaja,Parts of burglar or fire alarms and similar apparatus,2025-01-01
26.51.9,"Podugovarateljski poslovi kao dio proizvodnje opreme za mjerenje, ispitivanje i navigaciju","Sub-contracted operations as part of manufacturing of measuring, testing and navigation equipment",2025-01-01
26.51.99,"Podugovarateljski poslovi kao dio proizvodnje opreme za mjerenje, ispitivanje i navigaciju","Sub-contracted operations as part of manufacturing of measuring, testing and navigation equipment",2025-01-01
26.52,Satovi,Watches and clocks,2025-01-01
26.52.1,"Satovi, osim satnih mehanizma i dijelova","Watches and clocks, except movements and parts",2025-01-01
26.52.11,"Ručni i džepni satovi, s kućištem od plemenitih metala ili od metala prevučenih plemenitim metalima","Wrist-watches, pocket-watches, with case of precious metal or of metal clad with precious metal",2025-01-01
26.52.12,"Ostali ručni, džepni i drugi osobni satovi","Other wrist-watches, pocket-watches and other watches",2025-01-01
26.52.13,Satovi za instrument-ploče i satovi sličnog tipa za vozila,Instrument panel clocks and clocks of a similar type for vehicles,2025-01-01
26.52.14,Satovi sa satnim mehanizmom; budilice i zidni satovi; ostali satovi,Clocks with watch movements; alarm clocks and wall clocks; other clocks,2025-01-01
26.52.2,Satni mehanizmi i dijelovi,Watch and clock movements and parts,2025-01-01
26.52.21,Satni mehanizmi,Watch and clock movements,2025-01-01
26.52.22,Kućišta za satove i njihovi dijelovi,Watch and clock cases and parts thereof,2025-01-01
26.52.23,Ostali dijelovi satova,Other clock and watch parts,2025-01-01
26.52.24,"Satni uređaji za bilježenje vremena, parkirališni satovi; vremenske sklopke sa satnim mehanizmom","Time-registers, time-recorders, parking meters; time switches with clock or watch movement",2025-01-01
26.52.9,Podugovarateljski poslovi kao dio proizvodnje satova,Sub-contracted operations as part of manufacturing of watches and clocks,2025-01-01
26.52.99,Podugovarateljski poslovi kao dio proizvodnje satova,Sub-contracted operations as part of manufacturing of watches and clocks,2025-01-01
26.6,"Oprema za zračenje, elektromedicinska i elektroterapeutska oprema","Irradiation, electromedical and electrotherapeutic equipment",2025-01-01
26.60,"Oprema za zračenje, elektromedicinska i elektroterapeutska oprema","Irradiation, electromedical and electrotherapeutic equipment",2025-01-01
26.60.1,"Oprema za zračenje, elektromedicinska i elektroterapeutska oprema","Irradiation, electromedical and electrotherapeutic equipment",2025-01-01
26.60.11,"Rendgenski aparati i aparati koji koriste alfa-zrake, beta-zrake ili gama-zrake","Apparatus based on the use of X-rays or of alpha, beta or gamma radiations",2025-01-01
26.60.12,Elektrodijagnostički aparati koji se koriste u medicini,Electro-diagnostic apparatus used in medical science,2025-01-01
26.60.13,"Aparati s ultraljubičastim ili infracrvenim zrakama za medicinsku, kiruršku, zubarsku i veterinarsku uporabu","Ultra-violet or infra-red ray apparatus, used in medical, surgical, dental or veterinary sciences",2025-01-01
26.60.14,Elektronički srčani stimulatori (pejsmejkeri); slušni aparati,Pacemakers; hearing aids,2025-01-01
26.60.15,Terapeutski instrumenti i aparati; respiratori,Therapeutic instruments and appliances; breathing appliances,2025-01-01
26.60.9,"Usluge proizvodnje medicinskih instrumenata; podugovarateljski poslovi kao dio proizvodnje opreme za zračenje, elektromedicinske i elektroterapeutske opreme","Medical instrument manufacturing services; sub-contracted operations as part of manufacturing of irradiation, electromedical and electrotherapeutic equipment",2025-01-01
26.60.91,Usluge proizvodnje medicinskih instrumenata,Medical instrument manufacturing services,2025-01-01
26.60.99,"Podugovarateljski poslovi kao dio proizvodnje opreme za zračenje, elektromedicinske i elektroterapeutske opreme","Sub-contracted operations as part of manufacturing of irradiation, electromedical and electrotherapeutic equipment",2025-01-01
26.7,"Optički instrumenti, magnetski i optički mediji te fotografska oprema","Optical instruments, magnetic and optical media and photographic equipment",2025-01-01
26.70,"Optički instrumenti, magnetski i optički mediji te fotografska oprema","Optical instruments, magnetic and optical media and photographic equipment",2025-01-01
26.70.1,Fotografska oprema i njezini dijelovi,Photographic equipment and parts thereof,2025-01-01
26.70.11,"Leće objektiva za fotografske aparate, projektore i fotografske aparate za povećavanje ili smanjivanje","Objective lenses for cameras, projectors or photographic enlargers or reducers",2025-01-01
26.70.12,"Fotografski aparati za pripremanje tiskarskih ploča i valjaka; fotografski aparati za snimanje dokumenata na mikrofilm, mikrofiševe i slično","Cameras for preparing printing plates or cylinders; cameras for recording documents on microfilm, microfiche and the like",2025-01-01
26.70.13,Digitalni fotoaparati,Digital cameras,2025-01-01
26.70.14,Polaroid-aparati s trenutačnim razvijanjem fotografija i ostali fotografski aparati,Instant print cameras and other cameras,2025-01-01
26.70.15,Kinokamere,Cinematographic cameras,2025-01-01
26.70.16,Kinoprojektori,Cinematographic projectors,2025-01-01
26.70.19,"Fotografska oprema i njezini dijelovi, d. n.",Photographic equipment and parts thereof n.e.c.,2025-01-01
26.70.2,Ostali optički instrumenti i njihovi dijelovi,Other optical instruments and parts thereof,2025-01-01
26.70.21,"Listovi i ploče od polarizirajućeg materijala; leće, prizme, zrcala i ostali optički elementi (osim stakla koje nije optički obrađeno), montirani ili ne, osim za fotoaparate, projektore i fotografske aparate za povećavanje ili smanjivanje","Sheets and plates of polarising material; lenses, prisms, mirrors and other optical elements (except of glass not optically worked), whether or not mounted, other than for cameras, projectors or photographic enlargers or reducers",2025-01-01
26.70.22,"Dalekozori s dva objektiva (dvogledi), dalekozori s jednim objektivom i drugi optički teleskopi; ostali astronomski instrumenti; optički mikroskopi","Binoculars, monoculars and other optical telescopes; other astronomical instruments; optical microscopes",2025-01-01
26.70.23,"Uređaji s tekućim kristalima; laseri, osim laserskih dioda; ostali optički uređaji i instrumenti","Liquid crystal devices; lasers, except laser diodes; other optical appliances and instruments",2025-01-01
26.70.24,Uređaji i instrumenti za optičko mjerenje i kontrolu,Optical measuring and checking devices and instruments,2025-01-01
26.70.25,"Dijelovi i pribor za dalekozore s dva objektiva, dalekozore s jednim objektivom i ostale optičke teleskope, ostale astronomske instrumente i optičke mikroskope","Parts and accessories of binoculars, monoculars and other optical telescopes, of other astronomical instruments, and of optical microscopes",2025-01-01
26.70.26,"Dijelovi i pribor za uređaje s tekućim kristalima, lasere te ostale optičke uređaje i instrumente","Parts and accessories of liquid crystal devices, lasers, other optical appliances and instruments",2025-01-01
26.70.3,Magnetski i optički mediji,Magnetic and optical media,2025-01-01
26.70.31,"Magnetski mediji, nesnimljeni, osim kartica s magnetskom vrpcom","Magnetic media, not recorded, except cards with a magnetic stripe",2025-01-01
26.70.32,"Optički mediji, nesnimljeni","Optical media, not recorded",2025-01-01
26.70.33,Ostali mediji za snimanje,Other recording media,2025-01-01
26.70.34,Kartice s magnetskom vrpcom,Cards with a magnetic stripe,2025-01-01
26.70.9,"Podugovarateljski poslovi kao dio proizvodnje optičkih instrumenata, magnetskih i optičkih medija te fotografske opreme","Sub-contracted operations as part of manufacturing of optical instruments, magnetic and optical media and photographic equipment",2025-01-01
26.70.99,"Podugovarateljski poslovi kao dio proizvodnje optičkih instrumenata, magnetskih i optičkih medija te fotografske opreme","Sub-contracted operations as part of manufacturing of optical instruments, magnetic and optical media and photographic equipment",2025-01-01
27,Električna oprema,Electrical equipment,2025-01-01
27.1,"Elektromotori, generatori i transformatori te uređaji za distribuciju i kontrolu električne energije","Electric motors, generators, transformers and electricity distribution and control apparatus",2025-01-01
27.11,"Elektromotori, generatori i transformatori","Electric motors, generators and transformers",2025-01-01
27.11.1,"Motori snage ≤ 37,5 W; ostali motori na istosmjernu struju; generatori istosmjerne struje",Motors of an output ≤ 37.5 W; other DC motors; DC generators,2025-01-01
27.11.10,"Motori snage ≤ 37,5 W; ostali motori na istosmjernu struju; generatori istosmjerne struje",Motors of an output ≤ 37.5 W; other DC motors; DC generators,2025-01-01
27.11.2,"Univerzalni motori na istosmjernu i izmjeničnu struju, snage > 37,5 W; ostali motori na izmjeničnu struju; generatori izmjenične struje (alternatori)",Universal AC/DC motors of an output > 37.5 W; other AC motors; AC generators (alternators),2025-01-01
27.11.21,"Univerzalni motori na istosmjernu i izmjeničnu struju, snage > 37,5 W",Universal AC/DC motors of an output > 37.5 W,2025-01-01
27.11.22,"Motori na izmjeničnu struju, monofazni","AC motors, single-phase",2025-01-01
27.11.23,"Motori na izmjeničnu struju, višefazni, snage ≤ 750 W","AC motors, multi-phase, of an output ≤ 750 W",2025-01-01
27.11.24,"Motori na izmjeničnu struju, višefazni, snage > 750 W, ali ≤ 75 kW","AC motors, multi-phase, of an output > 750 W but ≤ 75 kW",2025-01-01
27.11.25,"Motori na izmjeničnu struju, višefazni, snage > 75 kW","AC motors, multi-phase, of an output > 75 kW",2025-01-01
27.11.26,Generatori izmjenične struje (alternatori),AC generators (alternators),2025-01-01
27.11.3,Električni generatorski agregati i rotacijski pretvarači (konverteri),Electric generating sets and rotary converters,2025-01-01
27.11.31,Generatorski agregati s klipnim motorima s unutarnjim izgaranjem na paljenje s pomoću kompresije,Generating sets with compression-ignition internal combustion piston engines,2025-01-01
27.11.32,Generatorski agregati s motorima na paljenje s pomoću svjećica; ostali generatorski agregati; električni rotacijski pretvarači (konverteri),Generating sets with spark-ignition engines; other generating sets; electric rotary converters,2025-01-01
27.11.4,Električni transformatori,Electrical transformers,2025-01-01
27.11.41,Transformatori s tekućim dielektrikom,Liquid dielectric transformers,2025-01-01
27.11.42,"Ostali transformatori, snage ≤ 16 kVA","Other transformers, having a power handling capacity ≤ 16 kVA",2025-01-01
27.11.43,"Ostali transformatori, snage > 16 kVA","Other transformers, having a power handling capacity > 16 kVA",2025-01-01
27.11.5,"Inverteri, ispravljači, pretvarači","Inverters, rectifiers, converters",2025-01-01
27.11.50,"Inverteri, ispravljači, pretvarači","Inverters, rectifiers, converters",2025-01-01
27.11.6,Balasti za žarulje i cijevi s pražnjenjem; ostali induktori,Ballasts for discharge lamps or tubes; other inductors,2025-01-01
27.11.60,Balasti za žarulje i cijevi s pražnjenjem; ostali induktori,Ballasts for discharge lamps or tubes; other inductors,2025-01-01
27.11.7,"Dijelovi za elektromotore, generatore i transformatore","Parts of electrical motors, generators and transformers",2025-01-01
27.11.71,Dijelovi za elektromotore i generatore,Parts suitable for electrical motors and generators,2025-01-01
27.11.72,"Dijelovi za transformatore, induktore i statičke pretvarače","Parts of transformers, inductors and static converters",2025-01-01
27.11.9,"Podugovarateljski poslovi kao dio proizvodnje elektromotora, generatora i transformatora","Sub-contracted operations as part of manufacturing of electric motors, generators and transformers",2025-01-01
27.11.99,"Podugovarateljski poslovi kao dio proizvodnje elektromotora, generatora i transformatora","Sub-contracted operations as part of manufacturing of electric motors, generators and transformers",2025-01-01
27.12,Uređaji za distribuciju i kontrolu električne energije,Electricity distribution and control apparatus,2025-01-01
27.12.1,"Električni aparati za uključivanje/isključivanje i zaštitu električnih strujnih krugova, za napon > 1000 V","Electrical apparatus for switching or protecting electrical circuits, for a voltage > 1 000 V",2025-01-01
27.12.10,"Električni aparati za uključivanje/isključivanje i zaštitu električnih strujnih krugova, za napon > 1000 V","Electrical apparatus for switching or protecting electrical circuits, for a voltage > 1 000 V",2025-01-01
27.12.2,"Električni aparati za uključivanje/isključivanje i zaštitu električnih strujnih krugova, za napon ≤ 1000 V","Electrical apparatus for switching or protecting electrical circuits, for a voltage ≤ 1 000 V",2025-01-01
27.12.21,"Osigurači, za napon ≤ 1000 V","Fuses, for a voltage ≤ 1 000 V",2025-01-01
27.12.22,"Automatski prekidači strujnih krugova, za napon ≤ 1000 V","Automatic circuit breakers, for a voltage ≤ 1 000 V",2025-01-01
27.12.23,"Ostali aparati za zaštitu električnih strujnih krugova, za napon ≤ 1000 V","Other apparatus for protecting electrical circuits, for a voltage ≤ 1 000 V",2025-01-01
27.12.24,"Releji, za napon ≤ 1000 V","Relays, for a voltage ≤ 1 000 V",2025-01-01
27.12.3,Pultovi,Boards,2025-01-01
27.12.31,"Pultovi i ostale osnove s električnim uređajima za uključivanje/isključivanje i zaštitu, za napon ≤ 1000 V","Boards and other bases, equipped with electrical switching or protecting apparatus, for a voltage ≤ 1 000 V",2025-01-01
27.12.32,"Pultovi i ostale osnove s električnim uređajima za uključivanje/isključivanje i zaštitu, za napon > 1000 V","Boards and other bases, equipped with electrical switching or protecting apparatus, for a voltage > 1 000 V",2025-01-01
27.12.4,Dijelovi aparata za distribuciju i kontrolu električne energije,Parts of electricity distribution or control apparatus,2025-01-01
27.12.40,Dijelovi aparata za distribuciju i kontrolu električne energije,Parts of electricity distribution or control apparatus,2025-01-01
27.12.9,Podugovarateljski poslovi kao dio proizvodnje uređaja za distribuciju i kontrolu električne energije,Sub-contracted operations as part of manufacturing of electricity distribution and control apparatus,2025-01-01
27.12.99,Podugovarateljski poslovi kao dio proizvodnje uređaja za distribuciju i kontrolu električne energije,Sub-contracted operations as part of manufacturing of electricity distribution and control apparatus,2025-01-01
27.2,Baterije i akumulatori,Batteries and accumulators,2025-01-01
27.20,Baterije i akumulatori,Batteries and accumulators,2025-01-01
27.20.1,Primarne stanice i primarne baterije te njihovi dijelovi,Primary cells and primary batteries and parts thereof,2025-01-01
27.20.11,Primarne stanice i primarne baterije,Primary cells and primary batteries,2025-01-01
27.20.12,Dijelovi primarnih stanica i primarnih baterija,Parts of primary cells and primary batteries,2025-01-01
27.20.2,Električni akumulatori i njihovi dijelovi,Electric accumulators and parts thereof,2025-01-01
27.20.21,Olovni akumulatori za pogon klipnih motora,Lead-acid accumulators for starting piston engines,2025-01-01
27.20.22,Olovni akumulatori,Lead-acid accumulators,2025-01-01
27.20.23,"Nikal-kadmijev, nikal-hidridni, litij-polimerni, nikal-željezni i ostali električni akumulatori","Nickel-cadmium, nickel metal hydride, lithium polymer, nickel-iron and other electric accumulators",2025-01-01
27.20.24,Litij-ionski akumulatori,Lithium-ion accumulators,2025-01-01
27.20.25,Dijelovi električnih akumulatora,Parts of electric accumulators,2025-01-01
27.20.9,Podugovarateljski poslovi kao dio proizvodnje baterija i akumulatora,Sub-contracted operations as part of manufacturing of batteries and accumulators,2025-01-01
27.20.99,Podugovarateljski poslovi kao dio proizvodnje baterija i akumulatora,Sub-contracted operations as part of manufacturing of batteries and accumulators,2025-01-01
27.3,Žice i elektroinstalacijski materijali,Wiring and wiring devices,2025-01-01
27.31,Kablovi od optičkih vlakana,Fibre optic cables,2025-01-01
27.31.1,Kablovi od optičkih vlakana,Fibre optic cables,2025-01-01
27.31.11,Kablovi od pojedinačno obloženih optičkih vlakana,Optical fibre cables made up of individually sheathed fibres,2025-01-01
27.31.12,"Optička vlakna i snopovi optičkih vlakana; kablovi od optičkih vlakana, osim od pojedinačno obloženih vlakana","Optical fibres and optical fibre bundles; optical fibre cables, except those made up of individually sheathed fibres",2025-01-01
27.31.9,Podugovarateljski poslovi kao dio proizvodnje kablova od optičkih vlakana,Sub-contracted operations as part of manufacturing of fibre optic cables,2025-01-01
27.31.99,Podugovarateljski poslovi kao dio proizvodnje kablova od optičkih vlakana,Sub-contracted operations as part of manufacturing of fibre optic cables,2025-01-01
27.32,Ostale elektroničke i električne žice i kablovi,Other electronic and electric wires and cables,2025-01-01
27.32.1,Ostale elektroničke i električne žice i kablovi,Other electronic and electric wires and cables,2025-01-01
27.32.11,Izolirana žica za namote,Insulated winding wire,2025-01-01
27.32.12,Koaksijalni kablovi i ostali koaksijalni električni vodiči,Coaxial cable and other coaxial electric conductors,2025-01-01
27.32.13,"Ostali električni vodiči, za napon ≤ 1000 V","Other electric conductors, for a voltage ≤ 1 000 V",2025-01-01
27.32.14,"Ostali električni vodiči, za napon > 1000 V","Other electric conductors, for a voltage > 1 000 V",2025-01-01
27.32.9,Podugovarateljski poslovi kao dio proizvodnje ostalih elektroničkih i električnih žica i kablova,Sub-contracted operations as part of manufacturing of other electronic and electric wires and cables,2025-01-01
27.32.99,Podugovarateljski poslovi kao dio proizvodnje ostalih elektroničkih i električnih žica i kablova,Sub-contracted operations as part of manufacturing of other electronic and electric wires and cables,2025-01-01
27.33,Elektroinstalacijski materijal,Wiring devices,2025-01-01
27.33.1,Elektroinstalacijski materijal,Wiring devices,2025-01-01
27.33.11,"Prekidači, za napon ≤ 1000 V","Switches, for a voltage ≤ 1 000 V",2025-01-01
27.33.12,"Grla za žarulje, za napon ≤ 1000 V","Lamp-holders, for a voltage ≤ 1 000 V",2025-01-01
27.33.13,"Ostali utikači, utičnice i ostali uređaji za uključivanje/isključivanje i zaštitu električnih strujnih krugova","Other plugs, sockets and other apparatus for switching or protecting electrical circuits",2025-01-01
27.33.14,Električni izolacijski pribor od plastike,Electrical insulating fittings of plastics,2025-01-01
27.33.9,Podugovarateljski poslovi kao dio proizvodnje elektroinstalacijskog materijala,Sub-contracted operations as part of manufacturing of wiring devices,2025-01-01
27.33.99,Podugovarateljski poslovi kao dio proizvodnje elektroinstalacijskog materijala,Sub-contracted operations as part of manufacturing of wiring devices,2025-01-01
27.4,Rasvjetna oprema,Lighting equipment,2025-01-01
27.40,Rasvjetna oprema,Lighting equipment,2025-01-01
27.40.1,Žarulje s nitima ili izbijanjem; lučne žarulje,Filament or discharge lamps; arc lamps,2025-01-01
27.40.11,Zatvoreni reflektorski ulošci s ugrađenim žaruljama,Sealed beam lamp units,2025-01-01
27.40.12,"Volfram-halogene žarulje s nitima, osim ultraljubičastih i infracrvenih","Tungsten halogen filament lamps, except ultraviolet or infra-red lamps",2025-01-01
27.40.13,"Ostale žarulje s nitima, snage ≤ 200 W i za napon > 100 V, d. n.",Other filament lamps of a power ≤ 200 W and for a voltage > 100 V,2025-01-01
27.40.14,Ostale žarulje s nitima,Other filament lamps,2025-01-01
27.40.15,Žarulje s pražnjenjem; ultraljubičaste i infracrvene žarulje; lučne žarulje,Discharge lamps; ultra-violet or infra-red lamps; arc lamps,2025-01-01
27.40.2,Svjetiljke i rasvjetna tijela,Lamps and lighting fittings,2025-01-01
27.40.21,"Prijenosne električne svjetiljke s vlastitim izvorom energije (npr. suhe baterije, akumulatori i magneti)","Portable electric lamps worked by dry batteries, accumulators, magnetos",2025-01-01
27.40.22,"Električne svjetiljke za postavljanje na stol, uz krevet ili na pod","Electric table, desk, bedside or floor-standing lamps",2025-01-01
27.40.23,Neelektrične svjetiljke i rasvjetna tijela,Non-electrical lamps and lighting fittings,2025-01-01
27.40.24,"Osvijetljeni znakovi, osvijetljene pločice s imenima i slično","Illuminated signs, illuminated name-plates and the like",2025-01-01
27.40.25,Lusteri i ostala električna stropna i zidna rasvjetna tijela,Chandeliers and other electric ceiling or wall lighting fittings,2025-01-01
27.40.3,Ostale svjetiljke i rasvjetna tijela,Other lamps and lighting fittings,2025-01-01
27.40.30,Ostale svjetiljke i rasvjetna tijela,Other lamps and lighting fittings,2025-01-01
27.40.4,Dijelovi za svjetiljke i rasvjetnu opremu,Parts for lamps and lighting equipment,2025-01-01
27.40.41,Dijelovi za žarulje s nitima ili izbijanjem,Parts for filament or discharge lamps,2025-01-01
27.40.42,Dijelovi za svjetiljke i rasvjetna tijela,Parts of lamps and lighting fittings,2025-01-01
27.40.9,Podugovarateljski poslovi kao dio proizvodnje rasvjetne opreme,Sub-contracted operations as part of manufacturing of lighting equipment,2025-01-01
27.40.99,Podugovarateljski poslovi kao dio proizvodnje rasvjetne opreme,Sub-contracted operations as part of manufacturing of lighting equipment,2025-01-01
27.5,Aparati za kućanstvo,Domestic appliances,2025-01-01
27.51,Električni aparati za kućanstvo,Electric domestic appliances,2025-01-01
27.51.1,Hladnjaci i zamrzivači; strojevi za pranje rublja; električni pokrivači; ventilatori,Refrigerators and freezers; washing machines; electric blankets; fans,2025-01-01
27.51.11,Hladnjaci i zamrzivači za kućanstvo,"Refrigerators and freezers, of the household type",2025-01-01
27.51.12,Strojevi za pranje posuđa za kućanstvo,"Dish washing machines, of the household type",2025-01-01
27.51.13,Perilice i sušilice rublja za kućanstvo,"Cloth washing and drying machines, of the household type",2025-01-01
27.51.14,Električni pokrivači,Electric blankets,2025-01-01
27.51.15,Ventilatori i nape za kućanstvo,Fans and ventilating or recycling hoods of the domestic type,2025-01-01
27.51.2,Ostali električni aparati za kućanstvo,Other electric domestic appliances,2025-01-01
27.51.21,"Elektromehanički aparati za kućanstvo, s ugrađenim elektromotorom","Electro-mechanical domestic appliances, with self-contained electric motor",2025-01-01
27.51.22,"Aparati za brijanje, šišanje i uklanjanje dlaka, s ugrađenim elektromotorom","Shavers, hair-removing appliances and hair clippers, with self-contained electric motor",2025-01-01
27.51.23,Elektrotermički aparati za uređivanje kose i aparati za sušenje ruku; električna glačala,Electro-thermic hair-dressing or hand-drying apparatus; electric smoothing irons,2025-01-01
27.51.24,Ostali elektrotermički aparati,Other electro-thermic appliances,2025-01-01
27.51.25,Električna protočna ili akumulacijska grijala vode i uronjiva grijala,Electrical instantaneous or storage water heaters and immersion heaters,2025-01-01
27.51.26,Električni grijači prostorija i podova,Electric space heating apparatus and electric soil heating apparatus,2025-01-01
27.51.27,Mikrovalne pećnice,Microwave ovens,2025-01-01
27.51.28,"Ostale električne pećnice; štednjaci, kuhala i ploče za kuhanje; roštilji, ražnjevi","Other ovens; cookers, cooking plates, boiling rings; grillers, roasters",2025-01-01
27.51.29,Električni grijaći otpornici,Electric heating resistors,2025-01-01
27.51.3,Dijelovi električnih aparata za kućanstvo,Parts of electric domestic appliances,2025-01-01
27.51.30,Dijelovi električnih aparata za kućanstvo,Parts of electric domestic appliances,2025-01-01
27.51.9,Podugovarateljski poslovi kao dio proizvodnje električnih aparata za kućanstvo,Sub-contracted operations as part of manufacturing of electric domestic appliances,2025-01-01
27.51.99,Podugovarateljski poslovi kao dio proizvodnje električnih aparata za kućanstvo,Sub-contracted operations as part of manufacturing of electric domestic appliances,2025-01-01
27.52,Neelektrični aparati za kućanstvo,Non-electric domestic appliances,2025-01-01
27.52.1,"Neelektrični aparati za kućanstvo, za grijanje i kuhanje","Domestic cooking and heating equipment, non-electric",2025-01-01
27.52.11,"Neelektrični aparati za kuhanje i grijaći tanjuri za kućanstvo od željeza, čelika ili bakra","Domestic cooking appliances and plate warmers, of iron or steel or of copper, non-electric",2025-01-01
27.52.12,"Ostali grijači prostorija za kućanstvo, na plinovita goriva ili kombinirana plinovita i druga goriva, na tekuća ili kruta goriva","Other domestic appliances, for gas fuel or for both gas and other fuels, for liquid fuel or for solid fuel",2025-01-01
27.52.13,"Ostali neelektrični grijači zraka i razdjelnici toplog zraka, od željeza i čelika","Other air heaters or hot air distributors, of iron or steel, non-electric",2025-01-01
27.52.14,Neelektrični protočni i akumulacijski grijači vode,"Water heaters, instantaneous or storage, non-electric",2025-01-01
27.52.2,"Dijelovi pećnica, štednjaka, aparata za grijanje tanjura i sličnih neelektričnih aparata za kućanstvo","Parts of stoves, cookers, plate warmers and similar non-electric domestic appliances",2025-01-01
27.52.20,"Dijelovi pećnica, štednjaka, aparata za grijanje tanjura i sličnih neelektričnih aparata za kućanstvo","Parts of stoves, cookers, plate warmers and similar non-electric domestic appliances",2025-01-01
27.52.9,Podugovarateljski poslovi kao dio proizvodnje neelektričnih aparata za kućanstvo,Sub-contracted operations as part of manufacturing of non-electric domestic appliances,2025-01-01
27.52.99,Podugovarateljski poslovi kao dio proizvodnje neelektričnih aparata za kućanstvo,Sub-contracted operations as part of manufacturing of non-electric domestic appliances,2025-01-01
27.9,Ostala električna oprema,Other electrical equipment,2025-01-01
27.90,Ostala električna oprema,Other electrical equipment,2025-01-01
27.90.1,Ostala električna oprema i njezini dijelovi,Other electrical equipment and parts thereof,2025-01-01
27.90.11,Električni strojevi i aparati s posebnim funkcijama,Electrical machines and apparatus having individual functions,2025-01-01
27.90.12,Električni izolatori; izolacijski pribor za električne strojeve i opremu; cijevi za električne vodiče,Electrical insulators; insulating fittings for electrical machines or equipment; electrical conduit tubing,2025-01-01
27.90.13,"Ugljene elektrode i ostali proizvodi od grafita i drugih vrsta ugljika, s električnom namjenom",Carbon electrodes and other articles of graphite or other carbon for electrical purposes,2025-01-01
27.90.14,Strojevi za galvanizaciju,Electroplating machinery,2025-01-01
27.90.2,Indikacijske ploče s ugrađenim uređajima s tekućim kristalima ili svjetlećim diodama; električni uređaji za zvučnu i vizualnu signalizaciju,Indicator panels with liquid crystal devices or light emitting diodes; electric sound or visual signalling apparatus,2025-01-01
27.90.20,Indikacijske ploče s ugrađenim uređajima s tekućim kristalima ili svjetlećim diodama; električni uređaji za zvučnu i vizualnu signalizaciju,Indicator panels with liquid crystal devices or light emitting diodes; electric sound or visual signalling apparatus,2025-01-01
27.90.3,"Električni alati za lemljenje i zavarivanje, strojevi i aparati za površinsko kaljenje i vruće štrcanje","Electrical soldering, brazing and welding tools, surface tempering and hot spraying machines and apparatus",2025-01-01
27.90.31,Električni strojevi i aparati za lemljenje i zavarivanje; električni strojevi i aparati za vruće štrcanje metala ili sinteriranih metalnih karbida,"Electrical machinery and apparatus for soldering, brazing or welding; electric machines and apparatus for hot spraying of metals or sintered metal carbides",2025-01-01
27.90.32,Dijelovi električnih strojeva i aparata za lemljenje i zavarivanje; električni strojevi i aparati za vruće štrcanje metala ili sinteriranih metalnih karbida,"Parts of electrical machinery and apparatus for soldering, brazing or welding; electric machines and apparatus for hot spraying of metals or sintered metal carbides",2025-01-01
27.90.33,Dijelovi ostale električne opreme; ostali električni dijelovi strojeva i aparata,Parts of other electrical equipment; other electrical parts of machinery or apparatus,2025-01-01
27.90.4,"Ostala električna oprema, d. n.",Other electrical equipment n.e.c.,2025-01-01
27.90.41,Gorive ćelije,Fuel cells,2025-01-01
27.90.42,"Prigušivači, za napon > 1000 V","Surge suppressors, for a voltage > 1 000 V",2025-01-01
27.90.43,"Kabeli uređaja, produžni kabeli i ostali električni kabeli s izoliranom žicom i priključcima","Appliance cords, extension cords, and other electrical cord sets with insulated wire and connectors",2025-01-01
27.90.44,Elektromagneti; elektromagnetne spojke i kočnice; elektromagnetne glave za dizanje; ostali električni akceleratori čestica i ostala električna oprema,Electro-magnets; electro-magnetic couplings and brakes; electro-magnetic lifting heads; other electrical particle accelerators and other electrical equipment,2025-01-01
27.90.45,Punjači za baterije i akumulatore,Battery and accumulator chargers,2025-01-01
27.90.5,Električni kondenzatori,Electrical capacitors,2025-01-01
27.90.51,"Nepromjenjivi kondenzatori za uporabu u strujnim krugovima frekvencije 50/60 Hz i s reaktivnom snagom ≥ 0,5 kVAr",Fixed capacitors for 50/60 Hz circuits having a reactive power handling capacity ≥ 0.5 kvar,2025-01-01
27.90.52,Ostali nepromjenjivi kondenzatori,Other fixed capacitors,2025-01-01
27.90.53,Promjenljivi ili prilagodljivi (unaprijed podesivi) kondenzatori,Variable or adjustable (pre-set) capacitors,2025-01-01
27.90.6,"Električni otpornici, osim grijaćih otpornika","Electrical resistors, except heating resistors",2025-01-01
27.90.60,"Električni otpornici, osim grijaćih otpornika","Electrical resistors, except heating resistors",2025-01-01
27.90.7,"Električna oprema za signalizaciju, sigurnost, upravljanje prometom i nadzor prometa na željezničkim i tramvajskim prugama, cestama, unutarnjim vodenim putovima, parkiralištima, u lučkim postrojenjima ili zračnim lukama","Electrical signalling, safety or traffic control equipment for railways, tramways, roads, inland waterways, parking facilities, port installations or airfields",2025-01-01
27.90.70,"Električna oprema za signalizaciju, sigurnost, upravljanje prometom i nadzor prometa na željezničkim i tramvajskim prugama, cestama, unutarnjim vodenim putovima, parkiralištima, u lučkim postrojenjima ili zračnim lukama","Electrical signalling, safety or traffic control equipment for railways, tramways, roads, inland waterways, parking facilities, port installations or airfields",2025-01-01
27.90.8,"Dijelovi električnih kondenzatora, električnih otpornika, reostata i potenciometara","Parts of electrical capacitors, electrical resistors, rheostats and potentiometers",2025-01-01
27.90.81,Dijelovi električnih kondenzatora,Parts of electrical capacitors,2025-01-01
27.90.82,"Dijelovi električnih otpornika, reostata i potenciometara","Parts of electrical resistors, rheostats and potentiometers",2025-01-01
27.90.9,Podugovarateljski poslovi kao dio proizvodnje ostale električne opreme,Sub-contracted operations as part of manufacturing of other electrical equipment,2025-01-01
27.90.99,Podugovarateljski poslovi kao dio proizvodnje ostale električne opreme,Sub-contracted operations as part of manufacturing of other electrical equipment,2025-01-01
28,"Strojevi i uređaji, d. n.",Machinery and equipment n.e.c.,2025-01-01
28.1,Strojevi za opće namjene,General-purpose machinery,2025-01-01
28.11,"Motori i turbine, osim motora za zrakoplove i motorna vozila","Engines and turbines, except aircraft, vehicle and cycle engines",2025-01-01
28.11.1,"Motori, osim motora za zrakoplove i motorna vozila","Engines, except aircraft, vehicle and cycle engines",2025-01-01
28.11.11,Izvanbrodski motori za pogon plovila,Outboard motors for marine propulsion,2025-01-01
28.11.12,"Motori za pogon plovila, na paljenje s pomoću svjećica; ostali motori",Marine propulsion spark-ignition engines; other engines,2025-01-01
28.11.13,"Ostali klipni motori s unutarnjim izgaranjem, na paljenje s pomoću kompresije",Other compression-ignition internal combustion piston engines,2025-01-01
28.11.2,Turbine,Turbines,2025-01-01
28.11.21,Turbine na vodenu paru i druge parne turbine,Steam turbines and other vapour turbines,2025-01-01
28.11.22,Hidraulične turbine i vodenična kola,Hydraulic turbines and water wheels,2025-01-01
28.11.23,"Plinske turbine, osim turbomlaznih i turbopropelerskih","Gas turbines, other than turbo-jets and turbo-propellers",2025-01-01
28.11.24,Turbine na vjetar,Wind turbines,2025-01-01
28.11.3,Dijelovi turbina,Parts of turbines,2025-01-01
28.11.31,Dijelovi turbina na vodenu paru i drugih parnih turbina,Parts of steam and other vapour turbines,2025-01-01
28.11.32,Dijelovi hidrauličnih turbina i vodeničnih kola,"Parts of hydraulic turbines, water wheels",2025-01-01
28.11.33,"Dijelovi plinskih turbina, osim turbomlaznih i turbopropelerskih","Parts of gas turbines, except turbo-jets and turbo-propellers",2025-01-01
28.11.34,Dijelovi vjetroturbina,Parts of wind turbines,2025-01-01
28.11.4,Dijelovi motora,Parts for engines,2025-01-01
28.11.41,"Dijelovi motora s unutarnjim izgaranjem na paljenje s pomoću svjećica, osim dijelova za motore zrakoplova","Parts for spark-ignition internal combustion engines, except parts for aircraft engines",2025-01-01
28.11.49,"Dijelovi ostalih motora, d. n.",Parts for other engines n.e.c.,2025-01-01
28.11.9,"Podugovarateljski poslovi kao dio proizvodnje motora i turbina, osim motora za zrakoplove i motorna vozila","Sub-contracted operations as part of manufacturing of engines and turbines, except aircraft, vehicle and cycle engines",2025-01-01
28.11.99,"Podugovarateljski poslovi kao dio proizvodnje motora i turbina, osim motora za zrakoplove i motorna vozila","Sub-contracted operations as part of manufacturing of engines and turbines, except aircraft, vehicle and cycle engines",2025-01-01
28.12,Hidraulični pogonski uređaji,Fluid power equipment,2025-01-01
28.12.1,"Hidraulični pogonski uređaji, osim dijelova","Fluid power equipment, except parts",2025-01-01
28.12.11,Hidraulični i pneumatski motori linearnog djelovanja (cilindri),Linear acting hydraulic and pneumatic motors (cylinders),2025-01-01
28.12.12,Rotirajući hidraulični i pneumatski motori,Rotating hydraulic and pneumatic motors,2025-01-01
28.12.13,Hidraulične crpke,Hydraulic pumps,2025-01-01
28.12.14,Hidraulični i pneumatski ventili,Hydraulic and pneumatic valves,2025-01-01
28.12.15,Hidraulične jedinice,Hydraulic assemblies,2025-01-01
28.12.16,Hidraulični sustavi,Hydraulic systems,2025-01-01
28.12.2,Dijelovi hidrauličnih pogonskih uređaja,Parts of fluid power equipment,2025-01-01
28.12.20,Dijelovi hidrauličnih pogonskih uređaja,Parts of fluid power equipment,2025-01-01
28.12.9,Podugovarateljski poslovi kao dio proizvodnje hidrauličnih pogonskih uređaja,Sub-contracted operations as part of manufacturing of fluid power equipment,2025-01-01
28.12.99,Podugovarateljski poslovi kao dio proizvodnje hidrauličnih pogonskih uređaja,Sub-contracted operations as part of manufacturing of fluid power equipment,2025-01-01
28.13,Ostale crpke i kompresori,Other pumps and compressors,2025-01-01
28.13.1,Crpke za tekućine; elevatori tekućina,Pumps for liquids; liquid elevators,2025-01-01
28.13.11,"Crpke za gorivo, podmazivanje, rashladne medije i beton","Pumps for fuel, lubricants, cooling-medium and concrete",2025-01-01
28.13.12,"Ostale crpke za potiskivanje s izmjeničnim kretanjem, za tekućine",Other reciprocating positive displacement pumps for liquids,2025-01-01
28.13.13,"Ostale crpke za potiskivanje s rotacijskim kretanjem, za tekućine",Other rotary positive displacement pumps for liquids,2025-01-01
28.13.14,Ostale centrifugalne crpke za tekućine; ostale crpke,Other centrifugal pumps for liquids; other pumps,2025-01-01
28.13.2,Zračne i vakuumske crpke; zračni i ostali plinski kompresori,Air or vacuum pumps; air or other gas compressors,2025-01-01
28.13.21,Vakuumske crpke,Vacuum pumps,2025-01-01
28.13.22,Zračne crpke na ručni ili nožni pogon,Hand or foot-operated air pumps,2025-01-01
28.13.23,Kompresori za rashladne uređaje,Compressors for refrigeration equipment,2025-01-01
28.13.24,"Kompresori zraka, ugrađeni na šasiji prikolice za vuču",Air compressors mounted on a wheeled chassis for towing,2025-01-01
28.13.25,Turbokompresori,Turbo-compressors,2025-01-01
28.13.26,Oscilirajući potisni kompresori,Reciprocating displacement compressors,2025-01-01
28.13.27,"Rotirajući potisni kompresori, s jednom ili više osovina","Rotary displacement compressors, single-shaft or multi-shaft",2025-01-01
28.13.28,Ostali kompresori,Other compressors,2025-01-01
28.13.3,Dijelovi crpki i kompresora,Parts of pumps and compressors,2025-01-01
28.13.31,Dijelovi crpki; dijelovi elevatora tekućina,Parts of pumps; parts of liquid elevators,2025-01-01
28.13.32,"Dijelovi zračnih i vakuumskih crpki, zračnih i plinskih kompresora, ventilatora i napa","Parts of air or vacuum pumps, of air or gas compressors, of fans, of hoods",2025-01-01
28.13.9,Podugovarateljski poslovi kao dio proizvodnje ostalih crpki i kompresora,Sub-contracted operations as part of manufacturing of other pumps and compressors,2025-01-01
28.13.99,Podugovarateljski poslovi kao dio proizvodnje ostalih crpki i kompresora,Sub-contracted operations as part of manufacturing of other pumps and compressors,2025-01-01
28.14,Ostale slavine i ventili,Other taps and valves,2025-01-01
28.14.1,"Slavine, pipci, ventili i slični uređaji za cjevovode, kotlove, spremnike, kace i slično","Taps, cocks, valves and similar appliances for pipes, boiler shells, tanks, vats or the like",2025-01-01
28.14.11,"Ventili za snižavanje tlaka, kontrolni i sigurnosni ventili","Pressure-reducing, control, check and safety valves",2025-01-01
28.14.12,"Slavine, pipci, ventili za sudopere, umivaonike, bidee, vodokotliće, kade i slične predmete; ventili za radijatore za centralno grijanje","Taps, cocks, valves for sinks, wash basins, bidets, water cisterns bath and similar fixtures; central heating radiator valves",2025-01-01
28.14.13,"Regulacijski ventili, zaporni, okrugli i ostali ventili","Process control valves, gate valves, globe valves and other valves",2025-01-01
28.14.2,"Dijelovi slavina, ventila i sličnih proizvoda",Parts of taps and valves and similar articles,2025-01-01
28.14.20,"Dijelovi slavina, ventila i sličnih proizvoda",Parts of taps and valves and similar articles,2025-01-01
28.14.9,Podugovarateljski poslovi kao dio proizvodnje ostalih slavina i ventila,Sub-contracted operations as part of manufacturing of other taps and valves,2025-01-01
28.14.99,Podugovarateljski poslovi kao dio proizvodnje ostalih slavina i ventila,Sub-contracted operations as part of manufacturing of other taps and valves,2025-01-01
28.15,"Ležajevi, prijenosnici, prijenosni i pogonski elementi","Bearings, gears, gearing and driving elements",2025-01-01
28.15.1,Kuglični i valjkasti ležajevi,Ball or roller bearings,2025-01-01
28.15.10,Kuglični i valjkasti ležajevi,Ball or roller bearings,2025-01-01
28.15.2,"Ostali ležajevi, prijenosnici, prijenosni i pogonski elementi","Other bearings, gears, gearing and driving elements",2025-01-01
28.15.21,"Prijenosni člankasti lanci, od željeza ili čelika","Articulated link chain, of iron or steel",2025-01-01
28.15.22,Transmisijska vratila i poluge,Transmission shafts and cranks,2025-01-01
28.15.23,Kućišta za ležajeve i klizni ležajevi,Bearing housings and plain shaft bearings,2025-01-01
28.15.24,Zupčanici; kuglična i valjkasta vretena; mjenjačke kutije i ostali mjenjači brzina,Gears and gearing; ball or roller screws; gear boxes and other speed changers,2025-01-01
28.15.25,"Zamašnjaci, remenice i užnice",Flywheels and pulleys,2025-01-01
28.15.26,Uključne spojke i spojke za vratila,Clutches and shaft couplings,2025-01-01
28.15.3,"Dijelovi ležajeva, prijenosnika i pogonskih elemenata","Parts of bearings, gearings and driving elements",2025-01-01
28.15.31,"Kuglice, iglice i valjci; dijelovi kugličnih i valjkastih ležajeva","Balls, needles and rollers; parts of ball or roller bearings",2025-01-01
28.15.32,"Dijelovi prijenosnih člankastih lanaca, od željeza i čelika",Parts of articulated link chain of iron or steel,2025-01-01
28.15.39,"Dijelovi ležajeva i pogonskih elemenata, d. n.",Parts of bearing and driving elements n.e.c.,2025-01-01
28.15.9,"Podugovarateljski poslovi kao dio proizvodnje ležajeva, prijenosnika te prijenosnih i pogonskih elemenata","Sub-contracted operations as part of manufacturing of bearings, gears, gearing and driving elements",2025-01-01
28.15.99,"Podugovarateljski poslovi kao dio proizvodnje ležajeva, prijenosnika te prijenosnih i pogonskih elemenata","Sub-contracted operations as part of manufacturing of bearings, gears, gearing and driving elements",2025-01-01
28.2,Ostali strojevi za opće namjene,Other general-purpose machinery,2025-01-01
28.21,"Peći, kamini i trajna oprema za grijanje kućanstva","Ovens, furnaces and permanent household heating equipment",2025-01-01
28.21.1,"Peći, kamini i trajna oprema za grijanje kućanstva","Ovens, furnaces and permanent household heating equipment",2025-01-01
28.21.11,Plamenici; mehanički uređaji za loženje; mehanički odstranjivači pepela i slično,Furnace burners; mechanical stokers and grates; mechanical ash dischargers and the like,2025-01-01
28.21.12,Neelektrične industrijske ili laboratorijske peći,"Industrial or laboratory furnaces and ovens, non-electric",2025-01-01
28.21.13,Električne industrijske i laboratorijske peći; indukcijska i dielektrična grijaća oprema,Industrial or laboratory electric furnaces and ovens; induction or dielectric heating equipment,2025-01-01
28.21.14,Nereverzibilne toplinske crpke,Non-reversible heat pumps,2025-01-01
28.21.15,Rashladna i ventilacijska oprema za kućanstvo,Household cooling and ventilation equipment,2025-01-01
28.21.16,Kotlovi za centralno grijanje za proizvodnju tople vode ili pare niskog pritiska,"Central heating boilers, for producing hot water or low pressure steam",2025-01-01
28.21.17,Ostala trajna oprema za grijanje kućanstva,Other permanent household heating equipment,2025-01-01
28.21.18,"Dijelovi peći, kamina i trajne opreme za grijanje kućanstva","Parts of ovens, furnaces and permanent household heating equipment",2025-01-01
28.21.19,Dijelovi kotlova za centralno grijanje,Parts for central heating boilers,2025-01-01
28.21.9,"Podugovarateljski poslovi kao dio proizvodnje peći, kamina i trajne opreme za grijanje kućanstva","Sub-contracted operations as part of manufacturing of ovens, furnaces and permanent household heating equipment",2025-01-01
28.21.99,"Podugovarateljski poslovi kao dio proizvodnje peći, kamina i trajne opreme za grijanje kućanstva","Sub-contracted operations as part of manufacturing of ovens, furnaces and permanent household heating equipment",2025-01-01
28.22,Uređaji za dizanje i prenošenje,Lifting and handling equipment,2025-01-01
28.22.1,Uređaji za dizanje i prenošenje te njihovi dijelovi,Lifting and handling equipment and parts thereof,2025-01-01
28.22.11,Koloturni sustavi i ostale dizalice-koloturnici,Pulley tackle and other hoists,2025-01-01
28.22.12,Izvozni uređaji za okna; vitla posebno izrađena za uporabu pod zemljom; ostala vitla; vitla s vertikalnom osovinom,Pit-head winding gear; winches specially designed for underground use; other winches; capstans,2025-01-01
28.22.13,Dizalice za teški teret; dizalice za podizanje vozila,Jacks; hoists of a kind used for raising vehicles,2025-01-01
28.22.14,"Toranjske dizalice; dizalice (kranovi); pokretne portalne dizalice, pokretni nosači i teretni kamioni opremljeni dizalicom (kranom)","Derricks; cranes; mobile lifting frames, straddle carriers and works trucks fitted with a crane",2025-01-01
28.22.15,Viličari; ostala teretna radna kolica; vučna vozila vrste koja se upotrebljava na peronima željezničkih kolodvora,"Fork-lift trucks, other works trucks; tractors of the type used on railway station platforms",2025-01-01
28.22.16,"Osobna i teretna dizala, pokretne stube i staze","Lifts, skip hoists, escalators and moving walkways",2025-01-01
28.22.17,"Pneumatska i ostala dizala i konvejeri koji rade kontinuirano, za robu i materijal","Pneumatic and other continuous action elevators and conveyors, for goods or materials",2025-01-01
28.22.18,"Ostali uređaji za dizanje, prenošenje, utovar i istovar","Other lifting, handling, loading or unloading machinery",2025-01-01
28.22.19,Dijelovi uređaja za dizanje i prenošenje,Parts of lifting and handling equipment,2025-01-01
28.22.2,"Vjedrice, lopate, hvataljke i kliješta za dizalice, kranove i slično","Buckets, shovels, grabs and grips for cranes, excavators and the like",2025-01-01
28.22.20,"Vjedrice, lopate, hvataljke i kliješta za dizalice, kranove i slično","Buckets, shovels, grabs and grips for cranes, excavators and the like",2025-01-01
28.22.9,Podugovarateljski poslovi kao dio proizvodnje uređaja za dizanje i prenošenje,Sub-contracted operations as part of manufacturing of lifting and handling equipment,2025-01-01
28.22.99,Podugovarateljski poslovi kao dio proizvodnje uređaja za dizanje i prenošenje,Sub-contracted operations as part of manufacturing of lifting and handling equipment,2025-01-01
28.23,"Uredski strojevi i oprema, osim računala i periferne opreme","Office machinery and equipment, except computers and peripheral equipment",2025-01-01
28.23.1,Računovodstveni strojevi i slični strojevi s ugrađenim uređajem za računanje,Accounting machines and similar machines incorporating a calculating device,2025-01-01
28.23.10,Računovodstveni strojevi i slični strojevi s ugrađenim uređajem za računanje,Accounting machines and similar machines incorporating a calculating device,2025-01-01
28.23.2,Uredski strojevi i njihovi dijelovi,Office machinery and parts thereof,2025-01-01
28.23.21,Uredski strojevi,Office machines,2025-01-01
28.23.22,Dijelovi i pribor za uredske strojeve,Parts and accessories of office machines,2025-01-01
28.23.9,"Usluge proizvodnje uredskih i računovodstvenih strojeva, osim računala i periferne opreme; podugovarateljski poslovi kao dio proizvodnje uredskih strojeva i opreme, osim računala i periferne opreme","Office and accounting machinery manufacturing services, except computers and peripheral equipment; sub-contracted operations as part of manufacturing of office machinery and equipment, except computers and peripheral equipment",2025-01-01
28.23.91,"Usluge proizvodnje uredskih i računovodstvenih strojeva, osim računala i periferne opreme","Office and accounting machinery manufacturing services, except computers and peripheral equipment",2025-01-01
28.23.99,"Podugovarateljski poslovi kao dio proizvodnje uredskih strojeva i opreme, osim računala i periferne opreme","Sub-contracted operations as part of manufacturing of office machinery and equipment, except computers and peripheral equipment",2025-01-01
28.24,Mehanizirani ručni alat,Power-driven hand tools,2025-01-01
28.24.1,Elektromehanički ručni alat; ostali prijenosni mehanizirani ručni alat,Electromechanical tools for working in the hand; other portable hand held power tools,2025-01-01
28.24.11,Elektromehanički ručni alat s ugrađenim elektromotorom,"Electromechanical tools for working in the hand, with self-contained electric motor",2025-01-01
28.24.12,Ostali prijenosni mehanizirani ručni alat,Other portable hand held power tools,2025-01-01
28.24.2,Dijelovi mehaniziranoga ručnog alata,Parts of power-driven hand tools,2025-01-01
28.24.21,Dijelovi elektromehaničkoga ručnog alata s ugrađenim elektromotorom,"Parts of electromechanical tools for working in the hand, with self-contained electric motor",2025-01-01
28.24.22,Dijelovi ostaloga prijenosnog mehaniziranog ručnog alata,Parts of other portable hand held power tools,2025-01-01
28.24.9,Podugovarateljski poslovi kao dio proizvodnje mehaniziranog ručnog alata,Sub-contracted operations as part of manufacturing of power-driven hand tools,2025-01-01
28.24.99,Podugovarateljski poslovi kao dio proizvodnje mehaniziranog ručnog alata,Sub-contracted operations as part of manufacturing of power-driven hand tools,2025-01-01
28.25,"Rashladna i ventilacijska oprema, osim za kućanstva",Non-domestic air conditioning equipment,2025-01-01
28.25.1,"Izmjenjivači topline; uređaji za klimatizaciju, oprema za hlađenje i zamrzavanje, osim za kućanstvo","Heat exchange units; non-domestic air conditioning machines, refrigeration and freezing equipment",2025-01-01
28.25.11,Izmjenjivači topline i uređaji za proizvodnju ukapljenog zraka i drugih plinova,Heat exchange units and machinery for liquefying air or other gases,2025-01-01
28.25.12,Uređaji za klimatizaciju,Air conditioning machines,2025-01-01
28.25.13,Oprema za hlađenje i zamrzavanje te reverzibilne toplinske crpke,Refrigeration and freezing equipment and reversible heat pumps,2025-01-01
28.25.14,Uređaji i aparati za filtriranje i pročišćivanje plinova,Machinery and apparatus for filtering or purifying gases,2025-01-01
28.25.2,"Ventilatori, osim stolnih, podnih, zidnih, prozorskih, stropnih i krovnih","Fans, other than table, floor, wall, window, ceiling or roof fans",2025-01-01
28.25.20,"Ventilatori, osim stolnih, podnih, zidnih, prozorskih, stropnih i krovnih","Fans, other than table, floor, wall, window, ceiling or roof fans",2025-01-01
28.25.3,Dijelovi opreme za hlađenje i zamrzavanje te toplinskih crpki,Parts of refrigeration and freezing equipment and heat pumps,2025-01-01
28.25.30,Dijelovi opreme za hlađenje i zamrzavanje te toplinskih crpki,Parts of refrigeration and freezing equipment and heat pumps,2025-01-01
28.25.9,"Podugovarateljski poslovi kao dio proizvodnje rashladne i ventilacijske opreme, osim za kućanstva",Sub-contracted operations as part of manufacturing of non-domestic air conditioning equipment,2025-01-01
28.25.99,"Podugovarateljski poslovi kao dio proizvodnje rashladne i ventilacijske opreme, osim za kućanstva",Sub-contracted operations as part of manufacturing of non-domestic air conditioning equipment,2025-01-01
28.29,"Ostali strojevi za opće namjene, d. n.",Other general-purpose machinery n.e.c.,2025-01-01
28.29.1,"Generatori plina, aparati za destilaciju i filtriranje","Gas generators, distilling and filtering apparatus",2025-01-01
28.29.11,Generatori za generatorski i vodeni plin; acetilenski generatori i slično; uređaji za destilaciju i rektifikaciju,Producer gas or water gas generators; acetylene gas generators and the like; distilling or rectifying plant,2025-01-01
28.29.12,Strojevi i aparati za filtriranje i pročišćavanje tekućina,"Filtering or purifying machinery and apparatus, for liquid",2025-01-01
28.29.13,"Filtri za ulje, gorivo i usisni zrak, za motore s unutarnjim izgaranjem","Oil filters, petrol filters and intake air filters for internal combustion engines",2025-01-01
28.29.2,"Strojevi za čišćenje, punjenje, pakiranje i zamatanje boca i druge ambalaže; aparati za gašenje požara, pištolji za prskanje, strojevi za izbacivanje pare ili pijeska; brtve","Machinery for cleaning, filling, packing or wrapping bottles or other containers; fire extinguishers, spray guns, steam or sand blasting machines; gaskets",2025-01-01
28.29.21,"Strojevi za čišćenje, punjenje, pakiranje i zamatanje boca i druge ambalaže","Machinery for cleaning, filling, packing or wrapping bottles or other containers",2025-01-01
28.29.22,"Aparati za gašenje požara, pištolji za prskanje, strojevi za izbacivanje pare ili pijeska i slični aparati, osim za uporabu u poljoprivredi","Fire extinguishers, spray guns, steam or sand blasting machines and similar mechanical appliances, except for use in agriculture",2025-01-01
28.29.23,Brtve od metalnih listova; mehaničke brtve,Gaskets of metal sheeting; mechanical seals,2025-01-01
28.29.3,"Industrijski, kućanski i ostali uređaji za vaganje i mjerenje","Industrial, household and other weighing and measuring machinery",2025-01-01
28.29.31,Uređaji za vaganje za uporabu u industriji; vage za kontinuirano vaganje robe na konvejerima; vage za konstantnu masu i vage za ispuštanje unaprijed određene mase,Weighing machines for industrial purposes; scales for continuous weighing of goods on conveyors; constant weight scales and scales for discharging a predetermined weight,2025-01-01
28.29.32,Osobne vage i vage za kućanstvo,Personal and household weighing machines and scales,2025-01-01
28.29.33,Ostali uređaji za vaganje i mjerenje,Other weighing and measuring machinery,2025-01-01
28.29.4,"Centrifuge, kalanderi i automati za prodaju robe","Centrifuges, calendaring and vending machines",2025-01-01
28.29.41,Centrifuge,Centrifuges,2025-01-01
28.29.42,"Kalanderi i ostali strojevi za valjanje, osim za metale i staklo","Calendaring or other rolling machines, except metal or glass",2025-01-01
28.29.43,Automati za prodaju robe,Automatic goods-vending machines,2025-01-01
28.29.5,"Strojevi za pranje posuđa, industrijskog tipa","Dish washing machines, of the industrial type",2025-01-01
28.29.50,"Strojevi za pranje posuđa, industrijskog tipa","Dish washing machines, of the industrial type",2025-01-01
28.29.6,Ostali strojevi za obradu materijala promjenom temperature,Other machinery for the treatment of materials by a process involving a change of temperature,2025-01-01
28.29.60,Ostali strojevi za obradu materijala promjenom temperature,Other machinery for the treatment of materials by a process involving a change of temperature,2025-01-01
28.29.7,Neelektrični strojevi i aparati za lemljenje i zavarivanje i njihovi dijelovi; plinski strojevi i aparati za površinsku toplinsku obradu,"Non-electrical machinery and apparatus for soldering, brazing or welding and parts thereof; gas-operated surface tempering machines and appliances",2025-01-01
28.29.70,Neelektrični strojevi i aparati za lemljenje i zavarivanje i njihovi dijelovi; plinski strojevi i aparati za površinsku toplinsku obradu,"Non-electrical machinery and apparatus for soldering, brazing or welding and parts thereof; gas-operated surface tempering machines and appliances",2025-01-01
28.29.8,"Dijelovi ostalih strojeva za opće namjene, d. n.",Parts of other general-purpose machinery n.e.c.,2025-01-01
28.29.81,Dijelovi generatora plina i vodenog plina,Parts of gas or water gas generators,2025-01-01
28.29.82,Dijelovi centrifuga; dijelovi strojeva i aparata za filtriranje i pročišćavanje tekućina i plinova,Parts of centrifuges; parts of filtering or purifying machinery and apparatus for liquids or gases,2025-01-01
28.29.83,Dijelovi kalandera i ostalih strojeva za valjanje; dijelovi aparata za prskanje; utezi za vage,"Parts of calendaring or other rolling machines; parts of spraying machinery, weights for weighing machines",2025-01-01
28.29.84,Dijelovi strojeva koji ne sadržavaju električne konektore,"Machinery parts, not containing electrical connectors",2025-01-01
28.29.85,"Dijelovi strojeva za pranje posuđa i strojeva za čišćenje, punjenje, pakiranje i zamatanje","Parts of dish washing machines and machines for cleaning, filling, packing or wrapping",2025-01-01
28.29.86,Dijelovi neelektričnih strojeva i aparata za lemljenje i zavarivanje; plinski strojevi i aparati za površinsku toplinsku obradu,"Parts of non-electrical machinery and apparatus for soldering, brazing or welding; gas-operated surface tempering machines and appliances",2025-01-01
28.29.9,"Podugovarateljski poslovi kao dio proizvodnje ostalih strojeva za opće namjene, d. n.",Sub-contracted operations as part of manufacturing of other general-purpose machinery n.e.c.,2025-01-01
28.29.99,"Podugovarateljski poslovi kao dio proizvodnje ostalih strojeva za opće namjene, d. n.",Sub-contracted operations as part of manufacturing of other general-purpose machinery n.e.c.,2025-01-01
28.3,Strojevi za poljoprivredu i šumarstvo,Agricultural and forestry machinery,2025-01-01
28.30,Strojevi za poljoprivredu i šumarstvo,Agricultural and forestry machinery,2025-01-01
28.30.1,"Poljoprivredni traktori, traktori za šumarstvo, jednoosovinski traktori i traktori gusjeničari","Agricultural, forestry, pedestrian-controlled and track-laying tractors",2025-01-01
28.30.11,"Traktori na kotačima, snage ≤ 37 kW","Tractors wheeled, with an engine power ≤ 37 kW",2025-01-01
28.30.12,"Traktori na kotačima, snage > 37 kW, ali ≤ 59 kW","Tractors wheeled, with an engine power > 37 kW but ≤ 59 kW",2025-01-01
28.30.13,"Traktori na kotačima, snage > 59 kW","Tractors wheeled, with an engine power > 59 kW",2025-01-01
28.30.14,Traktori gusjeničari,Track-laying tractors,2025-01-01
28.30.15,"Traktori, jednoosovinski (motokultivatori)",Pedestrian-controlled tractors,2025-01-01
28.30.2,Strojevi za pripremu zemlje,Soil machinery,2025-01-01
28.30.21,Plugovi,Ploughs,2025-01-01
28.30.22,"Drljače, brane, kultivatori, plijevilice i kopačice","Harrows, scarifiers, cultivators, weeders and hoes",2025-01-01
28.30.23,"Sijačice, sadilice i rasađivači","Seeders, planters and transplanters",2025-01-01
28.30.24,Raspodjeljivači stajnjaka ili gnojiva,Manure spreaders and fertiliser distributors,2025-01-01
28.30.29,"Strojevi za pripremu zemlje, d. n.",Soil machinery n.e.c.,2025-01-01
28.30.3,"Kosilice za travnjake, parkove i sportske terene","Mowers for lawns, parks or sports grounds",2025-01-01
28.30.30,"Kosilice za travnjake, parkove i sportske terene","Mowers for lawns, parks or sports grounds",2025-01-01
28.30.4,Strojevi za žetvu,Harvesting machinery,2025-01-01
28.30.41,Ostale kosilice,Other mowers,2025-01-01
28.30.42,Strojevi za proizvodnju sijena,Hay-making machinery,2025-01-01
28.30.43,Strojevi za baliranje slame ili stočne hrane,Straw or fodder balers,2025-01-01
28.30.44,Strojevi za vađenje korjenastih i gomoljastih biljaka,Root or tuber harvesting machines,2025-01-01
28.30.49,"Strojevi za žetvu i vršidbu, d. n.",Harvesting and threshing machinery n.e.c.,2025-01-01
28.30.5,"Strojevi za izbacivanje, raspršivanje i prskanje tekućine ili praha, za poljoprivredu i vrtlarstvo","Machinery for projecting, dispersing or spraying liquids or powders for agriculture or horticulture",2025-01-01
28.30.50,"Strojevi za izbacivanje, raspršivanje i prskanje tekućine ili praha, za poljoprivredu i vrtlarstvo","Machinery for projecting, dispersing or spraying liquids or powders for agriculture or horticulture",2025-01-01
28.30.6,Samoutovarne i samoistovarne prikolice i poluprikolice za poljoprivredu,Self-loading or unloading trailers and semi-trailers for agriculture,2025-01-01
28.30.60,Samoutovarne i samoistovarne prikolice i poluprikolice za poljoprivredu,Self-loading or unloading trailers and semi-trailers for agriculture,2025-01-01
28.30.7,Ostali strojevi za poljoprivredu,Other agricultural machinery,2025-01-01
28.30.71,"Strojevi za čišćenje, sortiranje i gradiranje jaja, voća i drugih poljoprivrednih proizvoda, osim sjemenja, zrnja ili sušenoga mahunastog povrća","Machines for cleaning, sorting or grading eggs, fruit or other agricultural produce, except seed, grain or dried leguminous vegetables",2025-01-01
28.30.72,Strojevi za mužnju,Milking machines,2025-01-01
28.30.73,Strojevi za pripremu hrane za životinje,Machinery for preparing animal feeding stuffs,2025-01-01
28.30.74,Inkubatori i uzgajališta pilića,Poultry incubators and brooders,2025-01-01
28.30.75,Strojevi za peradarstvo,Poultry keeping machinery,2025-01-01
28.30.79,"Ostali strojevi za poljoprivredu, d. n.",Other agricultural machinery n.e.c.,2025-01-01
28.30.8,Dijelovi strojeva i opreme za poljoprivredu,Parts of agricultural machinery and equipment,2025-01-01
28.30.80,Dijelovi strojeva i opreme za poljoprivredu,Parts of agricultural machinery and equipment,2025-01-01
28.30.9,Podugovarateljski poslovi kao dio proizvodnje strojeva za poljoprivredu i šumarstvo,Sub-contracted operations as part of manufacturing of agricultural and forestry machinery,2025-01-01
28.30.99,Podugovarateljski poslovi kao dio proizvodnje strojeva za poljoprivredu i šumarstvo,Sub-contracted operations as part of manufacturing of agricultural and forestry machinery,2025-01-01
28.4,Strojevi za oblikovanje metala i alatni strojevi,Metal forming machinery and machine tools,2025-01-01
28.41,Strojevi za oblikovanje metala i alatni strojevi za obradu metala,Metal forming machinery and machine tools for metal work,2025-01-01
28.41.1,Alatni strojevi za obradu metala upravljani laserom i slično; obradni centri i slično,"Machine tools for working metal, operated by laser and the like; machining centres for working metal and the like",2025-01-01
28.41.11,"Alatni strojevi za obradu metala odvajanjem materijala laserom, ultrazvukom, vodenim mlazom i slično","Machine tools for working metal by removal of material by laser, ultrasonic, water-jet and the like",2025-01-01
28.41.12,"Strojni obradni centri, strojevi izrađeni na načelu standardnih jedinica (s jednom stanicom) i transfer-strojevi s više stanica za obradu metala","Machining centres, unit construction machines and multi-station transfer machines, for working metal",2025-01-01
28.41.2,"Tokarilice i alatni strojevi za obradu metala bušenjem, proširivanjem provrta i glodanjem","Lathes, boring and milling machine tools for working metal",2025-01-01
28.41.21,Tokarilice za obradu metala skidanjem čestica,Lathes for removing metal,2025-01-01
28.41.22,"Alatni strojevi za bušenje, proširivanje provrta i glodanje metala; ostali alatni strojevi za urezivanje i narezivanje navoja","Machine tools for drilling, boring or milling metal; other machine tools for threading or tapping metal",2025-01-01
28.41.23,"Alatni strojevi za čišćenje, oštrenje, brušenje ili drukčiju završnu obradu metala","Machine tools for deburring, sharpening, grinding or otherwise finishing metal",2025-01-01
28.41.24,"Alatni strojevi za blanjanje, piljenje, odsijecanje ili drukčije rezanje metala","Machine tools for planing, sawing, cutting-off or otherwise cutting metal",2025-01-01
28.41.3,Ostali alatni strojevi za obradu metala,Other machine tools for working metal,2025-01-01
28.41.31,"Strojevi za savijanje, presavijanje i ravnanje metala","Machines for bending, folding and straightening metal",2025-01-01
28.41.32,Strojevi za probijanje i zarezivanje metala,Machines for punching and notching metal,2025-01-01
28.41.33,Strojevi za slobodno kovanje ili kovanje u ukovnju i batovi; ostale hidraulične preše i preše za obradu metala,Forging or die-stamping machines and hammers; other hydraulic presses and presses for working metal,2025-01-01
28.41.34,"Ostali alatni strojevi za obradu metala, sinteriranih metalnih karbida ili kermeta bez skidanja čestica","Other machine tools for working metal, sintered metal carbides or cermets, without removing material",2025-01-01
28.41.4,Dijelovi i pribor za alatne strojeve za obradu metala,Parts and accessories for metalworking machine tools,2025-01-01
28.41.40,Dijelovi i pribor za alatne strojeve za obradu metala,Parts and accessories for metalworking machine tools,2025-01-01
28.41.9,Podugovarateljski poslovi kao dio proizvodnje strojeva za oblikovanje metala i alatnih strojeva za obradu metala,Sub-contracted operations as part of manufacturing of metal forming machinery and machine tools for metal work,2025-01-01
28.41.99,Podugovarateljski poslovi kao dio proizvodnje strojeva za oblikovanje metala i alatnih strojeva za obradu metala,Sub-contracted operations as part of manufacturing of metal forming machinery and machine tools for metal work,2025-01-01
28.42,Ostali alatni strojevi,Other machine tools,2025-01-01
28.42.1,"Alatni strojevi za obradu kamena, drva i sličnih tvrdih materijala","Machine tools for working stone, wood and similar hard materials",2025-01-01
28.42.11,"Alatni strojevi za obradu kamena, keramike, betona i sličnih mineralnih materijala ili za hladnu obradu stakla","Machine tools for working stone, ceramics, concrete or similar mineral materials or for cold working glass",2025-01-01
28.42.12,"Alatni strojevi za obradu drva, pluta, kosti, tvrde gume, tvrde plastike i sličnih tvrdih materijala","Machine tools for working wood, cork, bone, hard rubber, hard plastics or similar hard materials",2025-01-01
28.42.2,Držači alata,Tool holders,2025-01-01
28.42.21,"Držači alata i samootvarajuće glave za rezanje navoja, za alatne strojeve","Tool holders and self-opening dieheads, for machine tools",2025-01-01
28.42.22,Držači materijala za alatne strojeve,Work holders for machine tools,2025-01-01
28.42.23,Razdjelne glave i drugi posebni dodatni uređaji za alatne strojeve,Dividing heads and other special attachments for machine tools,2025-01-01
28.42.24,"Dijelovi i pribor alatnih strojeva za obradu drva, pluta, kosti, tvrde gume i sličnih tvrdih materijala","Parts and accessories of machine tools for working wood, cork, stone, hard rubber and similar hard materials",2025-01-01
28.42.9,Podugovarateljski poslovi kao dio proizvodnje ostalih alatnih strojeva,Sub-contracted operations as part of manufacturing of other machine tools,2025-01-01
28.42.99,Podugovarateljski poslovi kao dio proizvodnje ostalih alatnih strojeva,Sub-contracted operations as part of manufacturing of other machine tools,2025-01-01
28.9,Ostali strojevi za posebne namjene,Other special-purpose machinery,2025-01-01
28.91,Strojevi za metalurgiju i njihovi dijelovi,Machinery for metallurgy and parts thereof,2025-01-01
28.91.1,Strojevi za metalurgiju i njihovi dijelovi,Machinery for metallurgy and parts thereof,2025-01-01
28.91.11,"Konverteri, lonci za lijevanje, kalupi za ingote i strojevi za lijevanje metala; strojevi za valjanje metala","Converters, ladles, ingot moulds and casting machines; metal-rolling mills",2025-01-01
28.91.12,Dijelovi strojeva za metalurgiju; dijelovi strojeva za valjanje metala,Parts of machines for metallurgy; parts of metal-rolling mills,2025-01-01
28.91.9,Podugovarateljski poslovi kao dio proizvodnje strojeva za metalurgiju i njihovih dijelova,Sub-contracted operations as part of manufacturing of machinery for metallurgy and parts thereof,2025-01-01
28.91.99,Podugovarateljski poslovi kao dio proizvodnje strojeva za metalurgiju i njihovih dijelova,Sub-contracted operations as part of manufacturing of machinery for metallurgy and parts thereof,2025-01-01
28.92,"Strojevi za rudarstvo, vađenje i građevinarstvo","Machinery for mining, quarrying and construction",2025-01-01
28.92.1,Strojevi za rudarstvo,Machinery for mining,2025-01-01
28.92.11,"Elevatori i konvejeri (transporteri) koji rade kontinuirano, za radove pod zemljom","Continuous-action elevators and conveyors, for underground use",2025-01-01
28.92.12,"Strojevi za rezanje ugljena i stijena, strojevi za bušenje tunela; ostali strojevi za bušenje i dubinsko bušenje",Coal or rock cutters and tunnelling machinery; other boring and sinking machinery,2025-01-01
28.92.2,"Ostali samokretni strojevi za grejdiranje, ravnanje, struganje, iskopavanje, nabijanje, bušenje ili vađenje zemlje, minerala ili ruda","Other moving, grading, levelling, scraping, excavating, tamping, compacting or extracting machinery, self-propelled, for earth, minerals or ores",2025-01-01
28.92.21,Samokretni buldožeri i angldozeri,Self-propelled bulldozers and angledozers,2025-01-01
28.92.22,Samokretni grejderi i ravnjači; motorni strugači (skrejperi),Self-propelled graders and levellers; motor scrapers,2025-01-01
28.92.23,Samokretni strojevi za nabijanje i cestovni valjci,Self-propelled tamping machines and road-rollers,2025-01-01
28.92.24,Samokretni utovarivači s čeonom žlicom,Self-propelled front-end shovel loaders,2025-01-01
28.92.25,"Samokretni mehanički utovarivači (bageri), rovokopači (eskavatori) i utovarivači sa žlicom, s nadgradnjom koja se okreće za 360°, osim utovarivača s čeonom žlicom","Self-propelled mechanical shovels, excavators and shovel loaders, with a 360-degree revolving superstructure, except front-end shovel loaders",2025-01-01
28.92.26,"Ostali samokretni mehanički utovarivači (bageri), rovokopači (eskavatori) i utovarivači sa žlicom; ostali samokretni strojevi za rudarstvo","Other self-propelled mechanical shovels, excavators and shovel loaders; other self-propelled machinery for mining",2025-01-01
28.92.27,Rala buldožera i angldozera,Bulldozer or angledozer blades,2025-01-01
28.92.28,Samoistovarna vozila (damperi) za uporabu izvan cestovne mreže,Dumpers for off-highway use,2025-01-01
28.92.3,Ostali strojevi za iskopavanje,Other excavating machinery,2025-01-01
28.92.30,Ostali strojevi za iskopavanje,Other excavating machinery,2025-01-01
28.92.4,"Strojevi za sortiranje, mljevenje, miješanje i sličnu obradu zemlje, kamena, ruda i drugih mineralnih materijala","Machinery for sorting, grinding, mixing and similar treatment of earth, stone, ores and other mineral substances",2025-01-01
28.92.40,"Strojevi za sortiranje, mljevenje, miješanje i sličnu obradu zemlje, kamena, ruda i drugih mineralnih materijala","Machinery for sorting, grinding, mixing and similar treatment of earth, stone, ores and other mineral substances",2025-01-01
28.92.5,"Dijelovi strojeva za rudnike, kamenolome i građevinarstvo","Parts of machinery for mining, quarrying and construction",2025-01-01
28.92.51,"Dijelovi strojeva za bušenje, dubinsko bušenje i iskopavanje; dijelovi dizalica (kranova)",Parts for boring or sinking or excavating machinery; parts of cranes,2025-01-01
28.92.52,"Dijelovi strojeva za sortiranje, mljevenje i sličnu obradu zemlje, kamena i sličnih materijala","Parts of machinery for sorting, grinding or other treatment of earth, stone and the like",2025-01-01
28.92.9,"Podugovarateljski poslovi kao dio proizvodnje strojeva za rudnike, kamenolome i građevinarstvo","Sub-contracted operations as part of manufacturing of machinery for mining, quarrying and construction",2025-01-01
28.92.99,"Podugovarateljski poslovi kao dio proizvodnje strojeva za rudnike, kamenolome i građevinarstvo","Sub-contracted operations as part of manufacturing of machinery for mining, quarrying and construction",2025-01-01
28.93,"Strojevi za industriju hrane, pića i duhana","Machinery for food, beverage and tobacco processing",2025-01-01
28.93.1,"Strojevi za industriju hrane, pića i duhan, osim njihovih dijelova","Machinery for food, beverage and tobacco processing, except parts thereof",2025-01-01
28.93.11,Centrifugalni separatori vrhnja,Centrifugal cream separators,2025-01-01
28.93.12,Strojevi za mljekarstvo,Dairy machinery,2025-01-01
28.93.13,Strojevi za mljevenje i obradu žitarica ili sušenog povrća,Machinery for milling or working of cereals or dried vegetables,2025-01-01
28.93.14,"Strojevi za proizvodnju vina, jabukovače, voćnih sokova i sličnih napitaka i pića","Machinery used in the manufacture of wine, cider, fruit juices and similar beverages",2025-01-01
28.93.15,"Neelektrične pekarske peći; aparati za kuhanje i grijanje, osim za kućanstvo",Non-electric bakery ovens; non-domestic equipment for cooking or heating,2025-01-01
28.93.16,Sušionice poljoprivrednih proizvoda,Dryers for agricultural products,2025-01-01
28.93.17,"Strojevi za industrijsku pripremu ili proizvodnju hrane i pića, uključujući masti i ulja","Machinery for the industrial preparation or manufacture of food or drink, including fats or oils",2025-01-01
28.93.18,Strojevi za pripremu ili preradu duhana,Machinery for preparing or making up tobacco,2025-01-01
28.93.2,"Strojevi za čišćenje, sortiranje i gradiranje sjemenja, zrnja ili sušenoga mahunastog povrća","Machines for cleaning, sorting or grading seed, grain or dried leguminous vegetables",2025-01-01
28.93.20,"Strojevi za čišćenje, sortiranje i gradiranje sjemenja, zrnja ili sušenoga mahunastog povrća","Machines for cleaning, sorting or grading seed, grain or dried leguminous vegetables",2025-01-01
28.93.3,"Dijelovi strojeva za industriju hrane, pića i duhana","Parts of machinery for food, beverage and tobacco processing",2025-01-01
28.93.31,Dijelovi strojeva za industriju pića,Parts of machinery for beverage processing,2025-01-01
28.93.32,Dijelovi strojeva za industriju hrane,Parts of machinery for food processing,2025-01-01
28.93.33,Dijelovi strojeva za industriju duhana,Parts of machinery for tobacco processing,2025-01-01
28.93.34,"Dijelovi strojeva za čišćenje, sortiranje i gradiranje sjemenja, zrnja ili sušenoga mahunastog povrća","Parts of machines for cleaning, sorting or grading seed, grain or dried leguminous vegetables",2025-01-01
28.93.9,"Podugovarateljski poslovi kao dio proizvodnje strojeva za industriju hrane, pića i duhana","Sub-contracted operations as part of manufacturing of machinery for food, beverage and tobacco processing",2025-01-01
28.93.99,"Podugovarateljski poslovi kao dio proizvodnje strojeva za industriju hrane, pića i duhana","Sub-contracted operations as part of manufacturing of machinery for food, beverage and tobacco processing",2025-01-01
28.94,"Strojevi za industriju tekstila, odjeće i kože","Machinery for textile, apparel and leather production",2025-01-01
28.94.1,"Strojevi za pripremu, predenje, tkanje i pletenje tekstila","Machinery for preparing, spinning, weaving and knitting textiles",2025-01-01
28.94.11,"Strojevi za ispredanje (ekstruziju), izvlačenje, teksturiranje i rezanje umjetnih ili sintetičkih tekstilnih vlakana; strojevi za pripremu tekstilnih vlakana","Machines for extruding, drawing, texturing or cutting man-made textile materials; machines for preparing textile fibres",2025-01-01
28.94.12,"Strojevi za predenje tekstila; strojevi za dubliranje, končanje i namatanje tekstila","Textile spinning machines; textile doubling, twisting, winding or reeling machines",2025-01-01
28.94.13,Strojevi za tkanje (tkalački stanovi),Weaving machines,2025-01-01
28.94.14,Strojevi za pletenje; strojevi za pletenje prošivanjem i slični strojevi; strojevi za tafting,Knitting machines; stitch-bonding machines and similar machines; machines for tufting,2025-01-01
28.94.15,Pomoćni uređaji za uporabu sa strojevima za obradu tekstila; strojevi za tiskanje na tekstil,Auxiliary machinery for use with machines for working textiles; textile printing machinery,2025-01-01
28.94.2,Ostali strojevi za proizvodnju tekstila i odjeće,Other machinery for textile and apparel production,2025-01-01
28.94.21,"Strojevi za pranje, čišćenje, cijeđenje, glačanje, prešanje, bojenje, namatanje i slično, tekstilne pređe i tkanina; strojevi za dovršavanje pusta (filca)","Machinery for washing, cleaning, wringing, ironing, pressing, dyeing, reeling and the like of textile yarn and fabrics; machinery for finishing of felt",2025-01-01
28.94.22,Perilice za rublje za praonice; strojevi za kemijsko čišćenje; sušilice za rublje kapaciteta > 10 kg,"Laundry-type washing machines; dry-cleaning machines; drying machines, with a capacity > 10 kg",2025-01-01
28.94.23,Centrifugalni strojevi za sušenje rublja,Centrifugal clothes dryers,2025-01-01
28.94.24,"Šivaći strojevi, osim strojeva za prošivanje knjiga i šivaćih strojeva za kućanstvo","Sewing machines, except book sewing machines and household sewing machines",2025-01-01
28.94.3,Strojevi za obradu štavljene i sirove kože ili za proizvodnju i popravak obuće i drugih predmeta,"Machinery for working hides, skins or leather or for making or repairing footwear and other articles",2025-01-01
28.94.30,Strojevi za obradu štavljene i sirove kože ili za proizvodnju i popravak obuće i drugih predmeta,"Machinery for working hides, skins or leather or for making or repairing footwear and other articles",2025-01-01
28.94.4,Šivaći strojevi za kućanstvo,Sewing machines of the household type,2025-01-01
28.94.40,Šivaći strojevi za kućanstvo,Sewing machines of the household type,2025-01-01
28.94.5,Dijelovi i pribor za strojeve za tkanje i predenje te za strojeve za ostalu proizvodnju tekstila i odjeće i za obradu kože,Parts and accessories of machines for weaving and spinning and for machinery for other production of textiles and apparel and for the working of leather,2025-01-01
28.94.51,Dijelovi i pribor za strojeve za predenje i tkanje,Parts and accessories of machines for spinning and weaving,2025-01-01
28.94.52,Dijelovi strojeva za ostalu proizvodnju tekstila i odjeće te za obradu kože,Parts of machinery for other production of textiles and apparel and for the working of leather,2025-01-01
28.94.9,"Podugovarateljski poslovi kao dio proizvodnje strojeva za industriju tekstila, odjeće i kože","Sub-contracted operations as part of manufacturing of machinery for textile, apparel and leather production",2025-01-01
28.94.99,"Podugovarateljski poslovi kao dio proizvodnje strojeva za industriju tekstila, odjeće i kože","Sub-contracted operations as part of manufacturing of machinery for textile, apparel and leather production",2025-01-01
28.95,Strojevi za industriju papira i kartona te njihovi dijelovi,Machinery for paper and paperboard production and parts thereof,2025-01-01
28.95.1,Strojevi za industriju papira i kartona te njihovi dijelovi,Machinery for paper and paperboard production and parts thereof,2025-01-01
28.95.11,"Strojevi za industriju papira i kartona, osim njihovih dijelova","Machinery for paper and paperboard production, except parts thereof",2025-01-01
28.95.12,Dijelovi strojeva za industriju papira i kartona,Parts of machinery for paper and paperboard production,2025-01-01
28.95.9,Podugovarateljski poslovi kao dio proizvodnje strojeva za industriju papira i kartona te njihovih dijelova,Sub-contracted operations as part of manufacturing of machinery for paper and paperboard production and parts thereof,2025-01-01
28.95.99,Podugovarateljski poslovi kao dio proizvodnje strojeva za industriju papira i kartona te njihovih dijelova,Sub-contracted operations as part of manufacturing of machinery for paper and paperboard production and parts thereof,2025-01-01
28.96,Strojevi za plastiku i gumu,Plastics and rubber machinery,2025-01-01
28.96.1,Ostali strojevi za obradu plastike i gume ili za izradu proizvoda od tih materijala,Other machinery for working plastics and rubber or for the manufacture of products from these materials,2025-01-01
28.96.10,Ostali strojevi za obradu plastike i gume ili za izradu proizvoda od tih materijala,Other machinery for working plastics and rubber or for the manufacture of products from these materials,2025-01-01
28.96.2,Dijelovi ostalih strojeva za obradu plastike i gume ili za izradu proizvoda od tih materijala,Parts for other machinery for working plastics and rubber or for the manufacture of products from these materials,2025-01-01
28.96.20,Dijelovi ostalih strojeva za obradu plastike i gume ili za izradu proizvoda od tih materijala,Parts for other machinery for working plastics and rubber or for the manufacture of products from these materials,2025-01-01
28.96.9,Podugovarateljski poslovi kao dio proizvodnje strojeva za plastiku i gumu,Sub-contracted operations as part of manufacturing of plastics and rubber machinery,2025-01-01
28.96.99,Podugovarateljski poslovi kao dio proizvodnje strojeva za plastiku i gumu,Sub-contracted operations as part of manufacturing of plastics and rubber machinery,2025-01-01
28.97,Strojevi za aditivnu proizvodnju,Additive manufacturing machinery,2025-01-01
28.97.1,Strojevi za aditivnu proizvodnju,Additive manufacturing machinery,2025-01-01
28.97.10,Strojevi za aditivnu proizvodnju,Additive manufacturing machinery,2025-01-01
28.97.9,Podugovarateljski poslovi kao dio proizvodnje strojeva za aditivnu proizvodnju,Sub-contracted operations as part of manufacturing of additive manufacturing machinery,2025-01-01
28.97.99,Podugovarateljski poslovi kao dio proizvodnje strojeva za aditivnu proizvodnju,Sub-contracted operations as part of manufacturing of additive manufacturing machinery,2025-01-01
28.99,"Ostali strojevi za posebne namjene, d. n.",Other special-purpose machinery n.e.c.,2025-01-01
28.99.1,Tiskarski i knjigoveški strojevi,Printing and bookbinding machinery,2025-01-01
28.99.11,Knjigoveški strojevi,Book-binding machinery,2025-01-01
28.99.12,"Strojevi, aparati i oprema za slaganje, pripremu i izradu tiskarskih klišeja i ploča","Machinery, apparatus and equipment, for type-setting, for preparing or making printing blocks, plates",2025-01-01
28.99.13,"Strojevi za ofsetni tisak, osim uredskog tipa","Offset printing machinery, except those of the office type",2025-01-01
28.99.14,"Ostali tiskarski strojevi, osim uredskog tipa","Other printing machinery, except those of the office type",2025-01-01
28.99.2,"Strojevi i aparati koji se koriste isključivo ili uglavnom za proizvodnju poluvodičkih blokova ili ploča, poluvodičkih elemenata, elektroničkih integriranih krugova ili ravnih pokaznika","Machines and apparatus of a kind used solely or principally for the manufacture of semiconductor boules or wafers, semiconductor devices, electronic integrated circuits or flat panel displays",2025-01-01
28.99.20,"Strojevi i aparati koji se koriste isključivo ili uglavnom za proizvodnju poluvodičkih blokova ili ploča, poluvodičkih elemenata, elektroničkih integriranih krugova ili ravnih pokaznika","Machines and apparatus of a kind used solely or principally for the manufacture of semiconductor boules or wafers, semiconductor devices, electronic integrated circuits or flat panel displays",2025-01-01
28.99.3,"Strojevi za posebne namjene, d. n.",Special-purpose machinery n.e.c.,2025-01-01
28.99.31,"Sušionice za drvo, papirnu masu, papir ili karton; ostale sušionice, osim za kućanstvo","Dryers for wood, paper pulp, paper or paperboard; other non-domestic dryers",2025-01-01
28.99.32,"Vrtuljci, ljuljačke, streljane i drugi sajamski objekti za zabavu","Roundabouts, swings, shooting galleries and other fairground amusements",2025-01-01
28.99.33,Ostali industrijski roboti,Other industrial robots,2025-01-01
28.99.39,"Oprema za lansiranje zrakoplova; uređaji za zaustavljanje zrakoplova na palubi i slična oprema; oprema za balansiranje guma; strojevi za posebne namjene, d. n.",Aircraft launching gear; deck-arrestors or similar gear; tyre balancing equipment; special-purpose machinery n.e.c.,2025-01-01
28.99.4,Dijelovi tiskarskih i knjigoveških strojeva,Parts of printing and book-binding machinery,2025-01-01
28.99.40,Dijelovi tiskarskih i knjigoveških strojeva,Parts of printing and book-binding machinery,2025-01-01
28.99.5,"Dijelovi strojeva i aparata vrste koja se koristi isključivo ili uglavnom za proizvodnju poluvodičkih blokova ili ploča, poluvodičkih elemenata, elektroničkih integriranih krugova ili ravnih pokaznika; dijelovi ostalih strojeva za posebne namjene","Parts of machines and apparatus of a kind used solely or principally for the manufacture of semiconductor boules or wafers, semiconductor devices, electronic integrated circuits or flat panel displays; parts of other special-purpose machinery",2025-01-01
28.99.51,"Dijelovi strojeva i aparata vrste koja se koristi isključivo ili uglavnom za proizvodnju poluvodičkih blokova ili ploča, poluvodičkih elemenata, elektroničkih integriranih krugova ili ravnih pokaznika","Parts of machines and apparatus of a kind used solely or principally for the manufacture of semiconductor boules or wafers, semiconductor devices, electronic integrated circuits or flat panel displays",2025-01-01
28.99.52,Dijelovi ostalih strojeva za posebne namjene,Parts of other special-purpose machinery,2025-01-01
28.99.9,"Podugovarateljski poslovi kao dio proizvodnje ostalih strojeva za posebne namjene, d. n.",Sub-contracted operations as part of manufacturing of other special-purpose machinery n.e.c.,2025-01-01
28.99.99,"Podugovarateljski poslovi kao dio proizvodnje ostalih strojeva za posebne namjene, d. n.",Sub-contracted operations as part of manufacturing of other special-purpose machinery n.e.c.,2025-01-01
29,"Motorna vozila, prikolice i poluprikolice","Motor vehicles, trailers and semi-trailers",2025-01-01
29.1,Motorna vozila,Motor vehicles,2025-01-01
29.10,Motorna vozila,Motor vehicles,2025-01-01
29.10.1,Motori za pogon motornih vozila,Engines and motors of a kind used for the propulsion of motor vehicles,2025-01-01
29.10.11,"Klipni motor s unutarnjim izgaranjem, s pravocrtnim kretanjem klipa, na paljenje pomoću svjećica, za motorna vozila",Spark-ignition reciprocating internal combustion piston engines of motor vehicles,2025-01-01
29.10.12,"Klipni motor s unutarnjim izgaranjem, na paljenje pomoću kompresije (dizelski ili poludizelski motor), za motorna vozila",Compression-ignition internal combustion piston engines (diesel or semidiesel) of motor vehicles,2025-01-01
29.10.13,Električni motori za pogon motornih vozila,Electric motors for the propulsion of motor vehicles,2025-01-01
29.10.2,Osobna vozila,Passenger cars,2025-01-01
29.10.21,Motorna vozila samo s klipnim motorom s unutarnjim izgaranjem na paljenje pomoću svjećica,Motor vehicles with only spark-ignition internal combustion piston engine,2025-01-01
29.10.22,Motorna vozila samo s klipnim motorom s unutarnjim izgaranjem na paljenje pomoću kompresije (dizelski ili poludizelski motor),Motor vehicles with only compression-ignition internal combustion piston engine (diesel or semidiesel),2025-01-01
29.10.23,Motorna vozila s klipnim motorom s unutarnjim izgaranjem na paljenje pomoću kompresije i električnim motorom kao pogonskim motorima,Motor vehicles with both internal combustion piston engine and electric motor as motors for propulsion,2025-01-01
29.10.24,Motorna vozila samo s električnim pogonskim motorom,Motor vehicles with only electric motor for propulsion,2025-01-01
29.10.25,"Osobna vozila s motorom, osim s klipnim motorom s unutarnjim izgaranjem na paljenje pomoću kompresije ili električnim motorom",Passenger cars with engines other than internal combustion piston engine or electric motor,2025-01-01
29.10.3,Motorna vozila za prijevoz 10 ili više osoba,Motor vehicles for the transport of 10 or more persons,2025-01-01
29.10.30,Motorna vozila za prijevoz 10 ili više osoba,Motor vehicles for the transport of 10 or more persons,2025-01-01
29.10.4,Motorna vozila za prijevoz robe,Motor vehicles for the transport of goods,2025-01-01
29.10.41,Vozila za prijevoz robe samo s klipnim motorom s unutarnjim izgaranjem na paljenje pomoću kompresije (dizelski ili poludizelski motor),Goods vehicles with only compression-ignition internal combustion piston engine (diesel or semidiesel),2025-01-01
29.10.42,Vozila za prijevoz robe samo s električnim motorom kao pogonskim motorom,Goods vehicles with only electric motor as motor for propulsion,2025-01-01
29.10.43,Vozila za prijevoz robe s drugim motorima,Goods vehicles with other engines,2025-01-01
29.10.44,Cestovni tegljači za poluprikolice samo s klipnim motorom s unutarnjim izgaranjem na paljenje pomoću kompresije (dizelski ili poludizelski motor),Road tractors for semi-trailers with only compression-ignition internal combustion piston engine (diesel or semi-diesel),2025-01-01
29.10.45,Cestovi tegljači za poluprikolice samo s električnim pogonskim motorom,Road tractors for semi-trailers with only electric motor for propulsion,2025-01-01
29.10.46,Cestovi tegljači za poluprikolice s drugim motorima,Road tractors for semi-trailers with other engines,2025-01-01
29.10.47,"Šasije s ugrađenim motorima, za motorna vozila","Chassis fitted with engines, for motor vehicles",2025-01-01
29.10.5,Motorna vozila za posebne namjene,Special-purpose motor vehicles,2025-01-01
29.10.51,Vozila s dizalicom,Crane lorries,2025-01-01
29.10.52,"Vozila za vožnju po snijegu, vozila za golf i slično, s motorom","Vehicles for travelling on snow, golf cars and the like, with engines",2025-01-01
29.10.59,"Motorna vozila za posebne namjene, d. n.",Special-purpose motor vehicles n.e.c.,2025-01-01
29.10.9,Podugovarateljski poslovi kao dio proizvodnje motornih vozila,Sub-contracted operations as part of manufacturing of motor vehicles,2025-01-01
29.10.99,Podugovarateljski poslovi kao dio proizvodnje motornih vozila,Sub-contracted operations as part of manufacturing of motor vehicles,2025-01-01
29.2,Karoserije za motorna vozila; prikolice i poluprikolice,Bodies and coachwork for motor vehicles; trailers and semi-trailers,2025-01-01
29.20,Karoserije za motorna vozila; prikolice i poluprikolice,Bodies and coachwork for motor vehicles; trailers and semi-trailers,2025-01-01
29.20.1,Karoserije za motorna vozila,Bodies for motor vehicles,2025-01-01
29.20.10,Karoserije za motorna vozila,Bodies for motor vehicles,2025-01-01
29.20.2,Prikolice i poluprikolice; kontejneri,Trailers and semi-trailers; containers,2025-01-01
29.20.21,Kontejneri posebno konstruirani za jednu ili više vrsta prijevoza,Containers specially designed for carriage by one or more modes of transport,2025-01-01
29.20.22,"Prikolice i poluprikolice, za stanovanje ili kampiranje","Trailers and semi-trailers of the caravan type, for housing or camping",2025-01-01
29.20.23,Ostale prikolice i poluprikolice,Other trailers and semi-trailers,2025-01-01
29.20.3,"Dijelovi prikolica, poluprikolica i drugih vozila bez vlastitog pogona","Parts of trailers, semi-trailers and other vehicles, not mechanically propelled",2025-01-01
29.20.30,"Dijelovi prikolica, poluprikolica i drugih vozila bez vlastitog pogona","Parts of trailers, semi-trailers and other vehicles, not mechanically propelled",2025-01-01
29.20.4,"Usluge prepravljanja, sastavljanja, opremanja i radova na karoseriji za motorna vozila","Reconditioning, assembly, fitting out and bodywork services of motor vehicles",2025-01-01
29.20.40,"Usluge prepravljanja, sastavljanja, opremanja i radova na karoseriji za motorna vozila","Reconditioning, assembly, fitting out and bodywork services of motor vehicles",2025-01-01
29.20.5,Usluge opremanja vozila za stanovanje ili kampiranje i mobilnih kuća,Fitting out services of caravans and mobile homes,2025-01-01
29.20.50,Usluge opremanja vozila za stanovanje ili kampiranje i mobilnih kuća,Fitting out services of caravans and mobile homes,2025-01-01
29.20.9,Podugovarateljski poslovi kao dio proizvodnje karoserija za motorna vozila; prikolice i poluprikolice,Sub-contracted operations as part of manufacturing of bodies and coachwork for motor vehicles; trailers and semi-trailers,2025-01-01
29.20.99,Podugovarateljski poslovi kao dio proizvodnje karoserija za motorna vozila; prikolice i poluprikolice,Sub-contracted operations as part of manufacturing of bodies and coachwork for motor vehicles; trailers and semi-trailers,2025-01-01
29.3,Dijelovi i pribor za motorna vozila,Parts and accessories for motor vehicles,2025-01-01
29.31,Električna i elektronička oprema za motorna vozila,Electrical and electronic equipment for motor vehicles,2025-01-01
29.31.1,"Setovi vodiča za paljenje i ostali setovi vodiča za cestovna motorna vozila, zrakoplove i brodove","Ignition wiring sets and other wiring sets of a kind used in vehicles, aircraft or ships",2025-01-01
29.31.10,"Setovi vodiča za paljenje i ostali setovi vodiča za cestovna motorna vozila, zrakoplove i brodove","Ignition wiring sets and other wiring sets of a kind used in vehicles, aircraft or ships",2025-01-01
29.31.2,Ostala električna oprema za motorna vozila i njihove dijelove,Other electrical equipment for motor vehicles and parts thereof,2025-01-01
29.31.21,Svjećice za paljenje; magneti za paljenje; dinamo-magneti; magneti zamašnjaci; razvodnici; svici za paljenje,Sparking plugs; ignition magnetos; magneto-dynamos; magnetic flywheels; distributors; ignition coils,2025-01-01
29.31.22,Elektropokretači i elektropokretači-generatori dvojne namjene; ostali generatori i oprema,Starter motors and dual-purpose starter-generators; other generators and other equipment,2025-01-01
29.31.23,"Električna oprema za signalizaciju, brisači vjetrobrana, odleđivači i odmagljivači za motorna vozila i motocikle","Electrical signalling equipment, windscreen wipers, defrosters and demisters for motor vehicles and motorcycles",2025-01-01
29.31.3,Dijelovi ostale električne opreme za motorna vozila i motocikle,Parts of other electrical equipment for motor vehicles and motorcycles,2025-01-01
29.31.30,Dijelovi ostale električne opreme za motorna vozila i motocikle,Parts of other electrical equipment for motor vehicles and motorcycles,2025-01-01
29.31.9,Podugovarateljski poslovi kao dio proizvodnje električne i elektroničke opreme za motorna vozila,Sub-contracted operations as part of manufacturing of electrical and electronic equipment for motor vehicles,2025-01-01
29.31.99,Podugovarateljski poslovi kao dio proizvodnje električne i elektroničke opreme za motorna vozila,Sub-contracted operations as part of manufacturing of electrical and electronic equipment for motor vehicles,2025-01-01
29.32,Ostali dijelovi i pribor za motorna vozila,Other parts and accessories for motor vehicles,2025-01-01
29.32.1,Sjedala za motorna vozila,Seats for motor vehicles,2025-01-01
29.32.10,Sjedala za motorna vozila,Seats for motor vehicles,2025-01-01
29.32.2,"Sigurnosni pojasevi, zračni jastuci te dijelovi i pribor za karoserije","Safety seat belts, airbags and parts and accessories of bodies",2025-01-01
29.32.20,"Sigurnosni pojasevi, zračni jastuci te dijelovi i pribor za karoserije","Safety seat belts, airbags and parts and accessories of bodies",2025-01-01
29.32.3,"Ostali dijelovi i pribor za motorna vozila, d. n.",Other parts and accessories for motor vehicles n.e.c.,2025-01-01
29.32.30,"Ostali dijelovi i pribor za motorna vozila, d. n.",Other parts and accessories for motor vehicles n.e.c.,2025-01-01
29.32.9,Usluge sastavljanja ostalih dijelova i pribora za motorna vozila; usluge sastavljanja kompletnih konstrukcija za motorna vozila unutar proizvodnog procesa; podugovarateljski poslovi kao dio proizvodnje ostalih dijelova i pribora za motorna vozila,Assembly services of other parts and accessories for motor vehicles; assembly services of complete construction kits for motor vehicles within the manufacturing process; sub-contracted operations as part of manufacturing of other parts and accessories for motor vehicles,2025-01-01
29.32.91,Podugovarateljske usluge sastavljanja kompletnih konstrukcija za motorna vozila,Sub-contracted assembly services of complete sets for motor vehicles,2025-01-01
29.32.92,Usluge sastavljanja ostalih dijelova i pribora za motorna vozila,Assembly services of other parts and accessories for motor vehicles,2025-01-01
29.32.99,Podugovarateljski poslovi kao dio proizvodnje ostalih dijelova i pribora za motorna vozila,Sub-contracted operations as part of manufacturing of other parts and accessories for motor vehicles,2025-01-01
30,Ostala prijevozna sredstva,Other transport equipment,2025-01-01
30.1,Brodovi i čamci,Ships and boats,2025-01-01
30.11,Civilni brodovi i plutajući objekti,Civilian ships and floating structures,2025-01-01
30.11.1,Brodovi i slična plovila za prijevoz putnika i robe,Ships and similar vessels for the transport of persons or goods,2025-01-01
30.11.11,"Putnički brodovi, izletnički brodovi i slična plovila za prijevoz putnika; trajekti svih vrsta","Cruise ships, excursion boats and similar vessels for the transport of persons; ferry-boats of all kinds",2025-01-01
30.11.12,"Tankeri za prijevoz sirove nafte, naftnih proizvoda, kemikalija, ukapljenog plina","Tankers for the transport of crude oil, oil products, chemicals, liquefied gas",2025-01-01
30.11.13,"Brodovi hladnjače, osim tankera","Refrigerated vessels, except tankers",2025-01-01
30.11.14,Brodovi za prijevoz suhog tereta,Dry cargo ships,2025-01-01
30.11.2,Ribarski brodovi i ostali specijalni plovni objekti,Fishing vessels and other special vessels,2025-01-01
30.11.21,Ribarski brodovi; brodovi-tvornice i ostali brodovi za preradu i konzerviranje proizvoda ribarstva,Fishing vessels; factory ships and other vessels for processing or preserving fishery products,2025-01-01
30.11.22,Brodovi tegljači (remorkeri) i potiskivači (gurači),Tugs and pusher craft,2025-01-01
30.11.23,"Plovna jaružala; brodovi-svjetionici, plutajuće dizalice; ostala plovila","Dredgers; light-vessels, floating cranes; other vessels",2025-01-01
30.11.3,Platforme za bušenje i proizvodnju te plovila za opskrbu tih platformi,Offshore vessels and infrastructure,2025-01-01
30.11.30,Platforme za bušenje i proizvodnju te plovila za opskrbu tih platformi,Offshore vessels and infrastructure,2025-01-01
30.11.4,Ostali plutajući objekti,Other floating structures,2025-01-01
30.11.40,Ostali plutajući objekti,Other floating structures,2025-01-01
30.11.9,"Usluge preinaka, popravaka i opremanja brodova, plutajućih platformi i objekata; podugovarateljski poslovi kao dio proizvodnje civilnih brodova i plutajućih objekata","Conversion, reconstruction and fitting out services of ships, floating platforms and structures; sub-contracted operations as part of manufacturing of civilian ships and floating structures",2025-01-01
30.11.91,"Usluge preinaka i popravaka brodova, plutajućih platformi i objekata","Conversion and reconstruction of ships, floating platforms and structures",2025-01-01
30.11.92,"Usluge opremanja brodova, plutajućih platformi i objekata",Fitting out services of ships and floating platforms and structures,2025-01-01
30.11.99,Podugovarateljski poslovi kao dio proizvodnje civilnih brodova i plutajućih objekata,Sub-contracted operations as part of manufacturing of civilian ships and floating structures,2025-01-01
30.12,Čamci za razonodu i sportski čamci,Pleasure and sporting boats,2025-01-01
30.12.1,Čamci za razonodu i sportski čamci,Pleasure and sporting boats,2025-01-01
30.12.11,"Jedrilice, uključujući jahte","Sailboats, including sailing yachts",2025-01-01
30.12.12,Čamci na napuhavanje,Inflatable boats,2025-01-01
30.12.13,"Motorni čamci, uključujući motorne jahte","Motor boats, including motor yachts",2025-01-01
30.12.14,"Ostali čamci za razonodu i sportski čamci, uključujući čamce na vesla i kanue","Other pleasure and sporting boats, including rowing boats and canoes",2025-01-01
30.12.9,"Usluge preinaka, popravaka i opremanja čamaca za razonodu i sportskih čamaca (uključujući jahte); podugovarateljski poslovi kao dio proizvodnje čamaca za razonodu i sportskih čamaca","Conversion, reconstruction and fitting out services of pleasure boats and sporting boats (including yachts); sub-contracted operations as part of manufacturing of pleasure and sporting boats",2025-01-01
30.12.91,"Usluge preinaka, popravaka i opremanja čamaca za razonodu i sportskih čamaca (uključujući jahte)","Conversion, reconstruction and fitting out services of pleasure boats and sporting boats (including yachts)",2025-01-01
30.12.99,Podugovarateljski poslovi kao dio proizvodnje čamaca za razonodu i sportskih čamaca,Sub-contracted operations as part of manufacturing of pleasure and sporting boats,2025-01-01
30.13,Vojni brodovi i plovila,Military ships and vessels,2025-01-01
30.13.1,Vojni brodovi i plovila,Military ships and vessels,2025-01-01
30.13.10,Vojni brodovi i plovila,Military ships and vessels,2025-01-01
30.13.9,Podugovarateljski poslovi kao dio proizvodnje vojnih brodova i plovila,Sub-contracted operations as part of manufacturing of military ships and vessels,2025-01-01
30.13.99,Podugovarateljski poslovi kao dio proizvodnje vojnih brodova i plovila,Sub-contracted operations as part of manufacturing of military ships and vessels,2025-01-01
30.2,Željezničke lokomotive i tračnička vozila,Railway locomotives and rolling stock,2025-01-01
30.20,Željezničke lokomotive i tračnička vozila,Railway locomotives and rolling stock,2025-01-01
30.20.1,Željezničke lokomotive i lokomotivski tenderi,Rail locomotives and locomotive tenders,2025-01-01
30.20.11,Željezničke lokomotive napajane iz električne mreže,Rail locomotives powered from an external source of electricity,2025-01-01
30.20.12,Električne dizelske lokomotive,Diesel-electric locomotives,2025-01-01
30.20.13,Ostale željezničke lokomotive; lokomotivski tenderi,Other rail locomotives; locomotive tenders,2025-01-01
30.20.2,"Samokretni željeznički i tramvajski putnički ili teretni vagoni i vozila, osim vozila za održavanje i servisiranje","Self-propelled railway or tramway coaches, vans and trucks, except maintenance or service vehicles",2025-01-01
30.20.20,"Samokretni željeznički i tramvajski putnički ili teretni vagoni i vozila, osim vozila za održavanje i servisiranje","Self-propelled railway or tramway coaches, vans and trucks, except maintenance or service vehicles",2025-01-01
30.20.3,Ostala tračnička vozila,Other rolling-stock,2025-01-01
30.20.31,Željeznička i tramvajska vozila za održavanje i servisiranje,Railway or tramway maintenance or service vehicles,2025-01-01
30.20.32,"Željeznički i tramvajski putnički vagoni, nesamokretni; prtljažni vagoni i ostali specijalni vagoni","Railway or tramway passenger coaches, not self-propelled; luggage vans and other specialised vans",2025-01-01
30.20.33,"Željeznički i tramvajski teretni vagoni za prijevoz robe, nesamokretni","Railway or tramway goods vans and wagons, not self-propelled",2025-01-01
30.20.4,Dijelovi željezničkih i tramvajskih lokomotiva i tračničkih vozila; mehanička oprema za kontrolu prometa,Parts of railway or tramway locomotives or rolling-stock; mechanical traffic control equipment,2025-01-01
30.20.40,Dijelovi željezničkih i tramvajskih lokomotiva i tračničkih vozila; mehanička oprema za kontrolu prometa,Parts of railway or tramway locomotives or rolling-stock; mechanical traffic control equipment,2025-01-01
30.20.9,Usluge generalnog remonta i opremanja željezničkih i tramvajskih lokomotiva i tračničkih vozila; podugovarateljski poslovi kao dio proizvodnje željezničkih lokomotiva i tračničkih vozila,Reconditioning and fitting out services of railway and tramway locomotives and rolling stock; sub-contracted operations as part of manufacturing of railway locomotives and rolling stock,2025-01-01
30.20.91,Usluge generalnog remonta i opremanja željezničkih i tramvajskih lokomotiva i tračničkih vozila,Reconditioning and fitting out services of railway and tramway locomotives and rolling stock,2025-01-01
30.20.99,Podugovarateljski poslovi kao dio proizvodnje željezničkih lokomotiva i tračničkih vozila,Sub-contracted operations as part of manufacturing of railway locomotives and rolling stock,2025-01-01
30.3,Zrakoplovi i svemirske letjelice te srodni strojevi i oprema,Air and spacecraft and related machinery,2025-01-01
30.31,Civilni zrakoplovi i svemirske letjelice te srodni strojevi i oprema,Civilian air and spacecraft and related machinery,2025-01-01
30.31.1,Motori i strojevi za zrakoplove ili svemirske letjelice; zemaljski uređaji za obuku letenja i njihovi dijelovi,"Motors and engines for aircraft or spacecraft; ground flying trainers, and parts thereof",2025-01-01
30.31.11,Zrakoplovni motori na paljenje s pomoću svjećica,Aircraft spark-ignition engines,2025-01-01
30.31.12,Turbomlazni i turbopropelerski motori,Turbo-jets and turbo-propellers,2025-01-01
30.31.13,"Reaktivni motori, osim turbomlaznih","Reaction engines, except turbo-jets",2025-01-01
30.31.14,Zemaljski uređaji za obuku letenja i njihovi dijelovi,Ground flying trainers and parts thereof,2025-01-01
30.31.15,Dijelovi zrakoplovnih motora na paljenje s pomoću svjećica,Parts for aircraft spark-ignition engines,2025-01-01
30.31.16,Dijelovi turbomlaznih i turbopropelerskih motora,Parts of turbo-jets or turbo-propellers,2025-01-01
30.31.2,"Baloni i zračni brodovi; zračne jedrilice, pilotirani zmajevi i ostale letjelice bez vlastitog pogona","Balloons and dirigibles; gliders, hang gliders and other non-powered aircraft",2025-01-01
30.31.20,"Baloni i zračni brodovi; zračne jedrilice, pilotirani zmajevi i ostale letjelice bez vlastitog pogona","Balloons and dirigibles; gliders, hang gliders and other non-powered aircraft",2025-01-01
30.31.3,Helikopteri i zrakoplovi,Helicopters and aeroplanes,2025-01-01
30.31.31,Helikopteri,Helicopters,2025-01-01
30.31.32,"Zrakoplovi i ostale letjelice, prazne mase ≤ 2000 kg","Aeroplanes and other aircraft, of an unladen weight ≤ 2 000 kg",2025-01-01
30.31.33,"Zrakoplovi i ostale letjelice, prazne mase > 2000 kg, ali ≤ 15 000 kg","Aeroplanes and other aircraft, of an unladen weight > 2 000 kg but ≤ 15 000 kg",2025-01-01
30.31.34,"Zrakoplovi i ostale letjelice, prazne mase > 15 000 kg","Aeroplanes and other aircraft, of an unladen weight > 15 000 kg",2025-01-01
30.31.4,Svemirske letjelice (uključujući satelite) i oprema za lansiranje svemirskih letjelica,Spacecraft (including satellites) and spacecraft launch vehicles,2025-01-01
30.31.40,Svemirske letjelice (uključujući satelite) i oprema za lansiranje svemirskih letjelica,Spacecraft (including satellites) and spacecraft launch vehicles,2025-01-01
30.31.5,Civilne bespilotne letjelice,Civilian unmanned aircraft,2025-01-01
30.31.50,Civilne bespilotne letjelice,Civilian unmanned aircraft,2025-01-01
30.31.6,Ostali dijelovi zrakoplova i svemirskih letjelica,Other parts of aircraft and spacecraft,2025-01-01
30.31.61,Ostali dijelovi zrakoplova,Other parts of aircraft,2025-01-01
30.31.62,Ostali dijelovi svemirskih letjelica,Other parts of spacecraft,2025-01-01
30.31.7,Usluge remonta i preinaka zrakoplova i motora za zrakoplove,Overhaul and conversion services of aircraft and aircraft engines,2025-01-01
30.31.70,Usluge remonta i preinaka zrakoplova i motora za zrakoplove,Overhaul and conversion services of aircraft and aircraft engines,2025-01-01
30.31.9,Podugovarateljski poslovi kao dio proizvodnje civilnih zrakoplova i svemirskih letjelica te srodnih strojeva i opreme,Sub-contracted operations as part of manufacturing of civilian aircraft and spacecraft and related machinery,2025-01-01
30.31.98,Podugovarateljski poslovi kao dio proizvodnje civilnih zrakoplova i srodnih strojeva i opreme,Sub-contracted operations as part of manufacturing of civilian aircraft and related machinery,2025-01-01
30.31.99,Podugovarateljski poslovi kao dio proizvodnje civilnih svemirskih letjelica i srodnih strojeva i opreme,Sub-contracted operations as part of manufacturing of civilian spacecraft and related machinery,2025-01-01
30.32,Vojni zrakoplovi i svemirske letjelice te srodni strojevi i oprema,Military air and spacecraft and related machinery,2025-01-01
30.32.1,Vojni zrakoplovi i svemirske letjelice te srodni strojevi i oprema,Military air and spacecraft and related machinery,2025-01-01
30.32.11,Vojni zrakoplovi i srodni strojevi i oprema,Military aircraft and related machinery,2025-01-01
30.32.12,Vojne svemirske letjelice i srodni strojevi i oprema,Military spacecraft and related machinery,2025-01-01
30.32.9,Podugovarateljski poslovi kao dio proizvodnje vojnih zrakoplova i svemirskih letjelica te srodnih strojeva i opreme,Sub-contracted operations as part of manufacturing of military aircraft and spacecraft and related machinery,2025-01-01
30.32.98,Podugovarateljski poslovi kao dio proizvodnje vojnih zrakoplova i srodnih strojeva i opreme,Sub-contracted operations as part of manufacturing of military aircraft and related machinery,2025-01-01
30.32.99,Podugovarateljski poslovi kao dio proizvodnje vojnih svemirskih letjelica i srodnih strojeva i opreme,Sub-contracted operations as part of manufacturing of military spacecraft and related machinery,2025-01-01
30.4,Vojna borbena vozila,Military fighting vehicles,2025-01-01
30.40,Vojna borbena vozila,Military fighting vehicles,2025-01-01
30.40.1,Vojna borbena vozila,Military fighting vehicles,2025-01-01
30.40.10,Vojna borbena vozila,Military fighting vehicles,2025-01-01
30.40.9,Podugovarateljski poslovi kao dio proizvodnje vojnih borbenih vozila,Sub-contracted operations as part of manufacturing of military fighting vehicles,2025-01-01
30.40.99,Podugovarateljski poslovi kao dio proizvodnje vojnih borbenih vozila,Sub-contracted operations as part of manufacturing of military fighting vehicles,2025-01-01
30.9,"Prijevozna sredstva, d. n.",Transport equipment n.e.c.,2025-01-01
30.91,Motocikli,Motorcycles,2025-01-01
30.91.1,Motocikli i bočne prikolice motocikala,Motorcycles and side-cars,2025-01-01
30.91.11,"Motocikli i bicikli s pomoćnim klipnim motorom s unutarnjim izgaranjem, s pravocrtnim gibanjem klipa, obujma cilindra ≤ 50 cm³",Motorcycles and cycles with an auxiliary motor with reciprocating internal combustion piston engine ≤ 50 cm³,2025-01-01
30.91.12,"Motocikli s klipnim motorom s unutarnjim izgaranjem, s pravocrtnim kretanjem klipa, obujma cilindra > 50 cm³",Motorcycles with reciprocating internal combustion piston engine > 50 cm³,2025-01-01
30.91.13,Ostali motocikli; bočne prikolice motocikala,Other motorcycles; side-cars,2025-01-01
30.91.2,Dijelovi i pribor za motocikle i bočne prikolice motocikala,Parts and accessories of motorcycles and side-cars,2025-01-01
30.91.20,Dijelovi i pribor za motocikle i bočne prikolice motocikala,Parts and accessories of motorcycles and side-cars,2025-01-01
30.91.3,"Motori s unutarnjim izgaranjem, za motocikle",Internal combustion engines of a kind used for motorcycles,2025-01-01
30.91.31,"Klipni motori s unutarnjim izgaranjem, s pravocrtnim kretanjem klipa, na paljenje pomoću svjećica, za motocikle, obujma cilindra ≤ 1000 cm³","Spark-ignition reciprocating internal combustion piston engines for motorcycles, of a cylinder capacity ≤ 1 000 cm³",2025-01-01
30.91.32,"Klipni motori s unutarnjim izgaranjem s pravocrtnim kretanjem klipa, na paljenje pomoću svjećica, za motocikle, obujma cilindra > 1000 cm³","Spark-ignition reciprocating internal combustion piston engines for motorcycles, of a cylinder capacity > 1 000 cm³",2025-01-01
30.91.9,Podugovarateljski poslovi kao dio proizvodnje motocikala,Sub-contracted operations as part of manufacturing of motorcycles,2025-01-01
30.91.99,Podugovarateljski poslovi kao dio proizvodnje motocikala,Sub-contracted operations as part of manufacturing of motorcycles,2025-01-01
30.92,Bicikli i invalidska kolica,Bicycles and invalid carriages,2025-01-01
30.92.1,Bicikli i druga slična vozila,Bicycles and other cycles,2025-01-01
30.92.11,Bicikli i druga slična vozila bez motora,"Bicycles and other cycles, not motorised",2025-01-01
30.92.12,"Bicikli i druga slična vozila s pedalama, s pomoćnim električnim motorom","Bicycles and other cycles, with pedal assistance, with auxiliary electric motor",2025-01-01
30.92.13,Ostala slična vozila s električnim pogonskim motorom,Other cycles with electric motor for propulsion,2025-01-01
30.92.2,Invalidska kolica,Invalid carriages,2025-01-01
30.92.20,Invalidska kolica,Invalid carriages,2025-01-01
30.92.3,Dijelovi i pribor za bicikle i druga slična vozila te za invalidska kolica,"Parts and accessories of bicycles and other cycles, and of invalid carriages",2025-01-01
30.92.30,Dijelovi i pribor za bicikle i druga slična vozila te za invalidska kolica,"Parts and accessories of bicycles and other cycles, and of invalid carriages",2025-01-01
30.92.4,Dječja kolica i njihovi dijelovi,Baby carriages and parts thereof,2025-01-01
30.92.40,Dječja kolica i njihovi dijelovi,Baby carriages and parts thereof,2025-01-01
30.92.9,Podugovarateljski poslovi kao dio proizvodnje bicikala i invalidskih kolica,Sub-contracted operations as part of manufacturing of bicycles and invalid carriages,2025-01-01
30.92.99,Podugovarateljski poslovi kao dio proizvodnje bicikala i invalidskih kolica,Sub-contracted operations as part of manufacturing of bicycles and invalid carriages,2025-01-01
30.99,"Ostala prijevozna sredstva, d. n.",Other transport equipment n.e.c.,2025-01-01
30.99.1,"Ostala prijevozna sredstva, d. n.",Other transport equipment n.e.c.,2025-01-01
30.99.10,"Ostala prijevozna sredstva, d. n.",Other transport equipment n.e.c.,2025-01-01
30.99.9,"Podugovarateljski poslovi kao dio proizvodnje ostalih prijevoznih sredstava, d. n.",Sub-contracted operations as part of manufacturing of other transport equipment n.e.c.,2025-01-01
30.99.99,"Podugovarateljski poslovi kao dio proizvodnje ostalih prijevoznih sredstava, d. n.",Sub-contracted operations as part of manufacturing of other transport equipment n.e.c.,2025-01-01
31,Namještaj,Furniture,2025-01-01
31.0,Namještaj,Furniture,2025-01-01
31.00,Namještaj,Furniture,2025-01-01
31.00.1,Uredski namještaj; drveni namještaj za trgovine,Office furniture; wooden shop furniture,2025-01-01
31.00.11,Uredski metalni namještaj,Metal furniture of a kind used in offices,2025-01-01
31.00.12,Uredski drveni namještaj,Wooden furniture of a kind used in offices,2025-01-01
31.00.13,Drveni namještaj za trgovine,Wooden furniture for shops,2025-01-01
31.00.2,Kuhinjski namještaj,Kitchen furniture,2025-01-01
31.00.20,Kuhinjski namještaj,Kitchen furniture,2025-01-01
31.00.3,Nosači madraca i madraci,Mattress supports and mattresses,2025-01-01
31.00.31,Nosači madraca,Mattress supports,2025-01-01
31.00.32,Madraci,Mattresses,2025-01-01
31.00.4,Ostali namještaj,Other furniture,2025-01-01
31.00.41,Ostali metalni namještaj,Other metal furniture,2025-01-01
31.00.42,"Drveni namještaj za opremanje spavaćih soba, dnevnih boravaka i blagovaonica","Wooden furniture of a kind used in the bedroom, in the dining room and in the living room",2025-01-01
31.00.43,Ostali drveni namještaj,Other wooden furniture,2025-01-01
31.00.44,"Namještaj od plastike i ostalih materijala (npr. trske, pruća ili bambusa)","Furniture of plastics or other materials (e.g., cane, osier or bamboo)",2025-01-01
31.00.5,Usluge dovršavanja novog namještaja,Finishing services of new furniture,2025-01-01
31.00.50,Usluge dovršavanja novog namještaja,Finishing services of new furniture,2025-01-01
31.00.6,Sjedala i njihovi dijelovi,Seats and parts thereof,2025-01-01
31.00.61,"Sjedala, uglavnom s metalnim okvirima","Seats, primarily with metal frames",2025-01-01
31.00.62,"Sjedala, uglavnom s drvenim okvirima","Seats, primarily with wooden frames",2025-01-01
31.00.63,Ostala sjedala,Other seats,2025-01-01
31.00.64,Dijelovi sjedala,Parts of seats,2025-01-01
31.00.7,Usluge tapeciranja stolica i sjedala,Upholstering services of chairs and seats,2025-01-01
31.00.70,Usluge tapeciranja stolica i sjedala,Upholstering services of chairs and seats,2025-01-01
31.00.8,"Dijelovi namještaja, osim sjedala","Parts of furniture, except seats",2025-01-01
31.00.80,"Dijelovi namještaja, osim sjedala","Parts of furniture, except seats",2025-01-01
31.00.9,Podugovarateljski poslovi kao dio proizvodnje namještaja,Sub-contracted operations as part of manufacturing of furniture,2025-01-01
31.00.99,Podugovarateljski poslovi kao dio proizvodnje namještaja,Sub-contracted operations as part of manufacturing of furniture,2025-01-01
32,Ostala proizvedena roba,Other manufactured goods,2025-01-01
32.1,"Nakit, imitacija nakita i srodni proizvodi","Jewellery, bijouterie and related articles",2025-01-01
32.11,Kovani novac,Coins,2025-01-01
32.11.1,Kovani novac,Coins,2025-01-01
32.11.10,Kovani novac,Coins,2025-01-01
32.11.9,Podugovarateljski poslovi kao dio proizvodnje kovanog novca,Sub-contracted operations as part of manufacturing of coins,2025-01-01
32.11.99,Podugovarateljski poslovi kao dio proizvodnje kovanog novca,Sub-contracted operations as part of manufacturing of coins,2025-01-01
32.12,Nakit i srodni proizvodi,Jewellery and related articles,2025-01-01
32.12.1,Nakit i srodni proizvodi,Jewellery and related articles,2025-01-01
32.12.11,"Kultivirani biseri, drago i poludrago kamenje, obrađeno, ali nemontirano","Cultured pearls, precious or semi-precious stones, worked but not set",2025-01-01
32.12.12,"Industrijski dijamanti, obrađeni; prašina i prah od prirodnoga ili industrijskoga dragog i poludragoga kamenja","Industrial diamonds, worked; dust and powder of natural or synthetic precious or semi-precious stones",2025-01-01
32.12.13,Draguljarski predmeti i njihovi dijelovi; zlatarski i srebrni predmeti i njihovi dijelovi,Articles of jewellery and parts thereof; articles of goldsmiths' or silversmiths' wares and parts thereof,2025-01-01
32.12.14,"Ostali proizvodi od plemenitih metala; proizvodi od prirodnih ili kultiviranih bisera, dragog i poludragog kamenja","Other articles of precious metal; articles of natural or cultured pearls, precious or semi-precious stones",2025-01-01
32.12.9,Podugovarateljski poslovi kao dio proizvodnje nakita i srodnih proizvoda,Sub-contracted operations as part of manufacturing of jewellery and related articles,2025-01-01
32.12.99,Podugovarateljski poslovi kao dio proizvodnje nakita i srodnih proizvoda,Sub-contracted operations as part of manufacturing of jewellery and related articles,2025-01-01
32.13,Imitacija nakita (bižuterija) i srodni proizvodi,Imitation jewellery and related articles,2025-01-01
32.13.1,Imitacija nakita (bižuterija) i srodni proizvodi,Imitation jewellery and related articles,2025-01-01
32.13.10,Imitacija nakita (bižuterija) i srodni proizvodi,Imitation jewellery and related articles,2025-01-01
32.13.9,Podugovarateljski poslovi kao dio proizvodnje imitacije nakita (bižuterije) i srodnih proizvoda,Sub-contracted operations as part of manufacturing of imitation jewellery and related articles,2025-01-01
32.13.99,Podugovarateljski poslovi kao dio proizvodnje imitacije nakita (bižuterije) i srodnih proizvoda,Sub-contracted operations as part of manufacturing of imitation jewellery and related articles,2025-01-01
32.2,Glazbeni instrumenti,Musical instruments,2025-01-01
32.20,Glazbeni instrumenti,Musical instruments,2025-01-01
32.20.1,"Klaviri, orgulje i drugi žičani i puhački instrumenti, klavijature; metronomi, zvučne vilice; mehanizmi za glazbene kutije","Pianos, organs and other string and wind musical instruments, keyboards; metronomes, tuning forks; mechanisms for musical boxes",2025-01-01
32.20.11,Klaviri i drugi klavijaturni žičani instrumenti,Pianos and other keyboard stringed musical instruments,2025-01-01
32.20.12,Ostali žičani glazbeni instrumenti,Other string musical instruments,2025-01-01
32.20.13,"Orgulje s klavijaturom, harmoniji i slični instrumenti; harmonike i slični instrumenti; usne harmonike; puhački instrumenti","Keyboard pipe organs, harmoniums and similar instruments; accordions and similar instruments; mouth organs; wind instruments",2025-01-01
32.20.14,Glazbeni i klavijaturni instrumenti kod kojih se zvuk proizvodi ili pojačava električnim sredstvima,"Musical or keyboard instruments, the sound of which is produced, or must be amplified, electrically",2025-01-01
32.20.15,Ostali glazbeni instrumenti,Other musical instruments,2025-01-01
32.20.16,"Metronomi, zvučne vilice i pisci za davanje visine tona; mehanizmi za glazbene kutije; žice za glazbene instrumente","Metronomes, tuning forks and pitch pipes; mechanisms for musical boxes; musical instrument strings",2025-01-01
32.20.2,Dijelovi i pribor za glazbene instrumente,Parts and accessories of musical instruments,2025-01-01
32.20.20,Dijelovi i pribor za glazbene instrumente,Parts and accessories of musical instruments,2025-01-01
32.20.9,Podugovarateljski poslovi kao dio proizvodnje glazbenih instrumenata,Sub-contracted operations as part of manufacturing of musical instruments,2025-01-01
32.20.99,Podugovarateljski poslovi kao dio proizvodnje glazbenih instrumenata,Sub-contracted operations as part of manufacturing of musical instruments,2025-01-01
32.3,Sportska oprema,Sports goods,2025-01-01
32.30,Sportska oprema,Sports goods,2025-01-01
32.30.1,Sportska oprema,Sports goods,2025-01-01
32.30.11,"Skije za snijeg i ostala skijaška oprema, osim obuće za snijeg; klizaljke i koturaljke; njihovi dijelovi","Snow-skis and other snow-ski equipment, except footwear; ice skates and roller skates; parts thereof",2025-01-01
32.30.12,Obuća za skijanje,Snow-ski footwear,2025-01-01
32.30.13,"Skije za vodu, daske za surfanje, daske za jedrenje i ostala oprema za sportove na vodi","Water-skis, surfboards, sailboards and other water-sport equipment",2025-01-01
32.30.14,"Pribor i oprema za gimnastiku, fitness centre i atletiku","Gymnasium, fitness centre or athletics articles and equipment",2025-01-01
32.30.15,Ostali pribor i oprema za sport i igre na otvorenom; bazeni za plivanje i dječji bazeni na napuhavanje,Other articles and equipment for sports or outdoor games; swimming pools and paddling pools,2025-01-01
32.30.16,Ribarski štapovi i ostali pribor za ribolov udicom; ostali pribor za lov i ribolov,"Fishing rods, other line fishing tackle; other articles for hunting or fishing",2025-01-01
32.30.9,Podugovarateljski poslovi kao dio proizvodnje sportske opreme,Sub-contracted operations as part of manufacturing of sports goods,2025-01-01
32.30.99,Podugovarateljski poslovi kao dio proizvodnje sportske opreme,Sub-contracted operations as part of manufacturing of sports goods,2025-01-01
32.4,Igre i igračke,Games and toys,2025-01-01
32.40,Igre i igračke,Games and toys,2025-01-01
32.40.1,Lutke s ljudskim likom; igračke u obliku životinja ili drugih neljudskih bića; njihovi dijelovi,Dolls representing only human beings; toys representing animals or non-human creatures; parts thereof,2025-01-01
32.40.11,Lutke s ljudskim likom,Dolls representing only human beings,2025-01-01
32.40.12,Igračke u obliku životinja ili drugih neljudskih bića,Toys representing animals or non-human creatures,2025-01-01
32.40.13,Dijelovi i pribor za lutke s ljudskim likom,Parts and accessories of dolls representing human beings,2025-01-01
32.40.2,"Vlakovi igračke i njihov pribor; ostali smanjeni modeli, konstrukcije i igračke za sastavljanje",Toy trains and their accessories; other reduced-size models or construction sets and constructional toys,2025-01-01
32.40.20,"Vlakovi igračke i njihov pribor; ostali smanjeni modeli, konstrukcije i igračke za sastavljanje",Toy trains and their accessories; other reduced-size models or construction sets and constructional toys,2025-01-01
32.40.3,Ostale igračke,Other toys,2025-01-01
32.40.31,Dječje igračke s kotačima za jahanje i vožnju; kolica za lutke,Wheeled toys designed to be ridden by children; dolls' carriages,2025-01-01
32.40.32,Slagalice,Puzzles,2025-01-01
32.40.39,"Ostale igračke, d. n.",Other toys n.e.c.,2025-01-01
32.40.4,Ostale igre,Other games,2025-01-01
32.40.41,Igraće karte,Playing cards,2025-01-01
32.40.42,"Predmeti za biljar, lunapark, stolne i društvene igre; ostale igre na automatima koji rade na kovanice ili žetone","Articles for billiards, articles for funfair, table or parlour games; other games, coin- or disc-operated",2025-01-01
32.40.9,Podugovarateljski poslovi kao dio proizvodnje igara i igračaka,Sub-contracted operations as part of manufacturing of games and toys,2025-01-01
32.40.99,Podugovarateljski poslovi kao dio proizvodnje igara i igračaka,Sub-contracted operations as part of manufacturing of games and toys,2025-01-01
32.5,Medicinski i stomatološki instrumenti i pribor,Medical and dental instruments and supplies,2025-01-01
32.50,Medicinski i stomatološki instrumenti i pribor,Medical and dental instruments and supplies,2025-01-01
32.50.1,"Medicinski, kirurški i stomatološki instrumenti i aparati","Medical, surgical and dental instruments and appliances",2025-01-01
32.50.11,Instrumenti i aparati za zubarsku uporabu,Instruments and appliances used in dental treatment,2025-01-01
32.50.12,"Medicinski, kirurški i laboratorijski sterilizatori","Medical, surgical or laboratory sterilisers",2025-01-01
32.50.13,"Štrcaljke, igle, kateteri, kanile i slično; oftalmološki i ostali instrumenti i aparati","Syringes, needles, catheters, cannulae and the like; ophthalmic and other instruments and appliances",2025-01-01
32.50.14,Ostali terapeutski instrumenti i aparati,Other therapeutic apparatus and appliances,2025-01-01
32.50.2,Umjetni zglobovi; ortopedska pomagala; umjetni zubi; zubne proteze; ostali umjetni dijelovi tijela; njihovi dijelovi,Artificial joints; orthopaedic appliances; artificial teeth; dental fittings; other artificial parts of the body; parts thereof,2025-01-01
32.50.21,Umjetni zglobovi; ortopedska pomagala; umjetni zubi; zubne proteze; ostali umjetni dijelovi tijela,Artificial joints; orthopaedic appliances; artificial teeth; dental fittings; other artificial parts of the body,2025-01-01
32.50.22,Dijelovi i pribor proteza i ortopedskih pomagala,Parts and accessories of prostheses and orthopaedic appliances,2025-01-01
32.50.3,"Medicinski, kirurški, stomatološki i veterinarski namještaj; brijačke i slične stolice te njihovi dijelovi","Medical, surgical, dental or veterinary furniture; barbers' chairs and similar chairs and parts thereof",2025-01-01
32.50.30,"Medicinski, kirurški, stomatološki i veterinarski namještaj; brijačke i slične stolice te njihovi dijelovi","Medical, surgical, dental or veterinary furniture; barbers' chairs and similar chairs and parts thereof",2025-01-01
32.50.4,"Naočale, leće i njihovi dijelovi","Spectacles, lenses and parts thereof",2025-01-01
32.50.41,Kontaktne leće; leće za naočale od svih vrsta materijala,Contact lenses; spectacle lenses of any material,2025-01-01
32.50.42,"Naočale i slični proizvodi, korektivni, zaštitni i drugi","Spectacles, goggles and the like, corrective, protective or other",2025-01-01
32.50.43,Okviri za naočale i slične proizvode,"Frames and mountings for spectacles, goggles or the like",2025-01-01
32.50.44,Dijelovi okvira za naočale i slične proizvode,"Parts of frames and mountings for spectacles, goggles or the like",2025-01-01
32.50.5,Ostali proizvodi za medicinsku i kiruršku uporabu,Other articles for medical or surgical purposes,2025-01-01
32.50.50,Ostali proizvodi za medicinsku i kiruršku uporabu,Other articles for medical or surgical purposes,2025-01-01
32.50.9,Podugovarateljski poslovi kao dio proizvodnje medicinskih i stomatoloških instrumenata i pribora,Sub-contracted operations as part of manufacturing of medical and dental instruments and supplies,2025-01-01
32.50.99,Podugovarateljski poslovi kao dio proizvodnje medicinskih i stomatoloških instrumenata i pribora,Sub-contracted operations as part of manufacturing of medical and dental instruments and supplies,2025-01-01
32.9,"Proizvedena roba, d. n.",Manufactured goods n.e.c.,2025-01-01
32.91,Metle i četke,Brooms and brushes,2025-01-01
32.91.1,Metle i četke,Brooms and brushes,2025-01-01
32.91.11,Metle i četke za čišćenje u kućanstvu,Brooms and brushes for household cleaning,2025-01-01
32.91.12,"Četkice za zube, četke za kosu i druge toaletne četke za osobnu uporabu; slikarske i pisaće četkice i kistovi, četkice i kistovi za kozmetiku","Tooth brushes, hair brushes and other toilet brushes for use on the person; artists' brushes, writing brushes and brushes for cosmetics",2025-01-01
32.91.19,"Ostale četke, d. n.",Other brushes n.e.c.,2025-01-01
32.91.9,Podugovarateljski poslovi kao dio proizvodnje metli i četki,Sub-contracted operations as part of manufacturing of brooms and brushes,2025-01-01
32.91.99,Podugovarateljski poslovi kao dio proizvodnje metli i četki,Sub-contracted operations as part of manufacturing of brooms and brushes,2025-01-01
32.99,"Ostala proizvedena roba, d. n.",Other manufactured goods n.e.c.,2025-01-01
32.99.1,"Zaštitna pokrivala za glavu; olovke i kemijske olovke, ploče za pisanje, datumari, žigovi i numeratori; vrpce za pisaće strojeve, jastučići za žigove na tintu","Safety headgear; pens and pencils, boards, date, sealing or numbering stamps; typewriter ribbons, ink-pads",2025-01-01
32.99.11,Zaštitna pokrivala za glavu i ostala zaštitna oprema,Safety headgear and other safety products,2025-01-01
32.99.12,Kemijske olovke; flomasteri i markeri s vrhom od pusta (filca) ili drugoga poroznog materijala; tehničke olovke,Ball point pens; felt-tipped and other porous-tipped pens and markers; propelling or sliding pencils,2025-01-01
32.99.13,"Pera za kopiranje crteža; nalivpera, stilograf-pera i ostala pera","Indian ink drawing pens; fountain pens, stylograph pens and other pens",2025-01-01
32.99.14,"Setovi za pisaći pribor, držala za olovke i kemijske olovke i slična držala; njihovi dijelovi","Sets of writing implements, pen- and pencil-holders and similar holders; parts thereof",2025-01-01
32.99.15,"Olovke, krejoni, mine za olovke, pastele, ugljen za crtanje, krede za pisanje ili crtanje i krojačke krede","Pencils, crayons, pencil leads, pastels, drawing charcoals, writing or drawing chalks and tailors' chalks",2025-01-01
32.99.16,"Pločice i ploče za pisanje i crtanje; datumari, žigovi, numeratori i slično; vrpce za pisaće strojeve i slične vrpce; jastučići za žigove na tintu","Slates and boards; date, sealing or numbering stamps and the like; typewriter or similar ribbons; ink-pads",2025-01-01
32.99.2,Kišobrani; štapovi za hodanje; gumbi; presvučeni gumbi; patentni zatvarači; njihovi dijelovi,Umbrellas; walking-sticks; buttons; button-moulds; fasteners; parts thereof,2025-01-01
32.99.21,"Kišobrani i suncobrani; štapovi za hodanje, štapovi za sjedenje i slično","Umbrellas and sun umbrellas; walking-sticks, seat-sticks and the like",2025-01-01
32.99.22,"Dijelovi, ukrasi i pribor za kišobrane, suncobrane, štapove za hodanje, štapove za sjedenje i slično","Parts, trimmings and accessories of umbrellas, sun umbrellas, walking-sticks, seat-sticks and the like",2025-01-01
32.99.23,"Kopče, gumbi koje se kopča utiskivanjem i slično te njihovi dijelovi; gumbi; patentni zatvarači","Press-fasteners, snap-fasteners, press-studs and parts thereof; buttons; slide fasteners",2025-01-01
32.99.24,Presvučeni gumbi i ostali dijelovi gumba; nedovršeni gumbi; dijelovi patentnih zatvarača,Button moulds and other parts of buttons; button blanks; parts of slide fasteners,2025-01-01
32.99.3,Proizvodi od ljudske i životinjske dlake; slični proizvodi od tekstilnih materijala,Products of human or animal hair; similar products of textile materials,2025-01-01
32.99.30,Proizvodi od ljudske i životinjske dlake; slični proizvodi od tekstilnih materijala,Products of human or animal hair; similar products of textile materials,2025-01-01
32.99.4,"Upaljači, lule i njihovi dijelovi; proizvodi od zapaljivih materijala; tekuća i ukapljena plinovita goriva za upaljače","Lighters, pipes and parts thereof; articles of combustible material; liquid or liquefied gas fuels",2025-01-01
32.99.41,Upaljači za cigarete i drugi upaljači; lule i držala cigara i cigareta te njihovi dijelovi,Cigarette lighters and other lighters; smoking pipes and cigar or cigarette holders and parts thereof,2025-01-01
32.99.42,Dijelovi upaljača; piroforne legure; proizvodi od zapaljivih materijala,Parts of lighters; pyrophoric alloys; articles of combustible materials,2025-01-01
32.99.43,"Tekuća i ukapljena plinovita goriva za upaljače, u spremnicima obujma ≤ 300 cm³","Liquid or liquefied-gas fuels for lighters, in containers of a capacity ≤ 300 cm³",2025-01-01
32.99.5,"Ostali proizvodi, d. n.",Other articles n.e.c.,2025-01-01
32.99.51,"Praznički, karnevalski ili drugi proizvodi za razonodu","Festive, carnival or other entertainment articles",2025-01-01
32.99.52,"Prskalice za mirise, njihova kućišta i glave",Scent sprays and mounts and heads therefor,2025-01-01
32.99.53,"Instrumenti, aparati i modeli za prezentacijsku uporabu","Instruments, apparatus and models designed for demonstrational purposes",2025-01-01
32.99.54,"Svijeće, svjećice i slično","Candles, tapers and the like",2025-01-01
32.99.55,"Umjetno cvijeće, lišće i voće te njihovi dijelovi","Artificial flowers, foliage and fruit and parts thereof",2025-01-01
32.99.59,"Ostali raznovrsni proizvodi, d. n.",Other miscellaneous articles n.e.c.,2025-01-01
32.99.6,Usluge prepariranja,Taxidermy services,2025-01-01
32.99.60,Usluge prepariranja,Taxidermy services,2025-01-01
32.99.9,"Podugovarateljski poslovi kao dio proizvodnje ostale proizvedene robe, d. n.",Sub-contracted operations as part of manufacturing of other manufactured goods n.e.c.,2025-01-01
32.99.99,"Podugovarateljski poslovi kao dio proizvodnje ostale proizvedene robe, d. n.",Sub-contracted operations as part of manufacturing of other manufactured goods n.e.c.,2025-01-01
33,"Usluge popravka, održavanja i instaliranja strojeva i opreme","Repair, maintenance and installation services of machinery and equipment",2025-01-01
33.1,"Usluge popravka i održavanja proizvoda od metala, strojeva i opreme","Repair and maintenance services of fabricated metal products, machinery and equipment",2025-01-01
33.11,Usluge popravka i održavanja metalnih proizvoda,Repair and maintenance services of fabricated metal products,2025-01-01
33.11.0,Usluge popravka i održavanja metalnih proizvoda,Repair and maintenance services of fabricated metal products,2025-01-01
33.11.01,Usluge popravka i održavanja građevinskih metalnih proizvoda,Repair and maintenance services of structural metal products,2025-01-01
33.11.02,"Usluge popravka i održavanja cisterni, rezervoara i spremnika od metala","Repair and maintenance services of tanks, reservoirs and containers of metal",2025-01-01
33.11.03,"Usluge popravka i održavanja parnih kotlova, osim kotlova za centralno grijanje toplom vodom","Repair and maintenance services of steam generators, except central heating hot water boilers",2025-01-01
33.11.04,Usluge popravka i održavanja oružja i streljiva,Repair and maintenance services of weapons and ammunition,2025-01-01
33.11.05,Usluge popravka i održavanja ostalih metalnih proizvoda,Repair and maintenance services of other fabricated metal products,2025-01-01
33.12,Usluge popravka i održavanja strojeva,Repair and maintenance services of machinery,2025-01-01
33.12.1,Usluge popravka i održavanja strojeva za opće namjene,Repair and maintenance services of general-purpose machinery,2025-01-01
33.12.11,"Usluge popravka i održavanja motora i turbina, osim motora za zrakoplove i motorna vozila","Repair and maintenance services of engines and turbines, except aircraft, vehicle and cycle engines",2025-01-01
33.12.12,"Usluge popravka i održavanja hidrauličnih pogonskih uređaja, ostalih crpki, kompresora, slavina i ventila","Repair and maintenance services of fluid power equipment, other pumps, compressors, taps and valves",2025-01-01
33.12.13,"Usluge popravka i održavanja ležajeva, prijenosnika, prijenosnih i pogonskih elemenata","Repair and maintenance services of bearings, gears, gearing and driving elements",2025-01-01
33.12.14,Usluge popravka i održavanja peći i plamenika,"Repair and maintenance services of ovens, furnaces and furnace burners",2025-01-01
33.12.15,Usluge popravka i održavanja strojeva za dizanje i prenošenje,Repair and maintenance services of lifting and handling equipment,2025-01-01
33.12.16,"Usluge popravka i održavanja uredskih strojeva i opreme, osim računala i periferne opreme","Repair and maintenance services of office machinery and equipment, except computers and peripherical equipment",2025-01-01
33.12.17,Usluge popravka i održavanja mehaniziranog ručnog alata,Repair and maintenance services of power-driven hand tools,2025-01-01
33.12.18,"Usluge popravka i održavanja rashladne i ventilacijske opreme, osim za kućanstvo",Repair and maintenance services of non-domestic cooling and ventilation equipment,2025-01-01
33.12.19,"Usluge popravka i održavanja ostalih strojeva za opće namjene, d. n.",Repair and maintenance services of other general-purpose machinery n.e.c.,2025-01-01
33.12.2,Usluge popravka i održavanja strojeva za posebne namjene,Repair and maintenance services of special-purpose machinery,2025-01-01
33.12.21,Usluge popravka i održavanja strojeva za poljoprivredu i šumarstvo,Repair and maintenance services of agricultural and forestry machinery,2025-01-01
33.12.22,Usluge popravka i održavanja strojeva za obradu metala i alatnih strojeva,Repair and maintenance services of metal forming machinery and machine tools,2025-01-01
33.12.23,Usluge popravka i održavanja strojeva za metalurgiju,Repair and maintenance services of machinery for metallurgy,2025-01-01
33.12.24,"Usluge popravka i održavanja strojeva za rudnike, kamenolome i građevinarstvo","Repair and maintenance services of machinery for mining, quarrying and construction",2025-01-01
33.12.25,"Usluge popravka i održavanja strojeva za industriju hrane, pića i duhana","Repair and maintenance services of machinery for food, beverage and tobacco processing",2025-01-01
33.12.26,"Usluge popravka i održavanja strojeva za industriju tekstila, odjeće i kože","Repair and maintenance services of machinery for textile, apparel and leather production",2025-01-01
33.12.27,Usluge popravka i održavanja strojeva za industriju papira i kartona,Repair and maintenance services of machinery for paper and paperboard production,2025-01-01
33.12.28,Usluge popravka i održavanja strojeva za industriju plastike i gume,Repair and maintenance services of machinery for plastics and rubber,2025-01-01
33.12.29,Usluge popravka i održavanja ostalih strojeva za posebne namjene,Repair and maintenance services of other special-purpose machinery,2025-01-01
33.13,Usluge popravka i održavanja elektroničke i optičke opreme,Repair and maintenance services of electronic and optical equipment,2025-01-01
33.13.0,Usluge popravka i održavanja elektroničke i optičke opreme,Repair and maintenance services of electronic and optical equipment,2025-01-01
33.13.01,"Usluge popravka i održavanja instrumenata i aparata za mjerenje, ispitivanje i navigaciju","Repair and maintenance services of instruments and appliances for measuring, testing and navigation",2025-01-01
33.13.02,"Usluge popravka i održavanja opreme za zračenje, elektromedicinske i elektroterapeutske opreme","Repair and maintenance services of irradiation, electromedical and electrotherapeutic equipment",2025-01-01
33.13.03,Usluge popravka i održavanja profesionalnih optičkih instrumenata i fotografske opreme,Repair and maintenance services of professional optical instruments and photographic equipment,2025-01-01
33.13.04,Usluge popravka i održavanja ostale profesionalne elektroničke opreme,Repair and maintenance services of other professional electronic equipment,2025-01-01
33.14,Usluge popravka i održavanja električne opreme,Repair and maintenance services of electrical equipment,2025-01-01
33.14.0,Usluge popravka i održavanja električne opreme,Repair and maintenance services of electrical equipment,2025-01-01
33.14.01,"Usluge popravka i održavanja elektromotora, generatora, transformatora i opreme za distribuciju i kontrolu električne energije","Repair and maintenance of electric motors, generators, transformers and electricity distribution and control apparatus",2025-01-01
33.14.02,Usluge popravka i održavanja ostale profesionalne električne opreme,Repair and maintenance services of other professional electrical equipment,2025-01-01
33.15,Usluge popravka i održavanja civilnih brodova i čamaca,Repair and maintenance services of civilian ships and boats,2025-01-01
33.15.0,Usluge popravka i održavanja civilnih brodova i čamaca,Repair and maintenance services of civilian ships and boats,2025-01-01
33.15.00,Usluge popravka i održavanja civilnih brodova i čamaca,Repair and maintenance services of civilian ships and boats,2025-01-01
33.16,Usluge popravka i održavanja civilnih zrakoplova i svemirskih letjelica,Repair and maintenance services of civilian air and spacecraft,2025-01-01
33.16.0,Usluge popravka i održavanja civilnih zrakoplova i svemirskih letjelica,Repair and maintenance services of civilian air and spacecraft,2025-01-01
33.16.01,Usluge popravka i održavanja civilnih zrakoplova,Repair and maintenance services of civilian aircraft,2025-01-01
33.16.02,Usluge popravka i održavanja civilnih svemirskih letjelica,Repair and maintenance services of civilian spacecraft,2025-01-01
33.17,Usluge popravka i održavanja ostalih civilnih prijevoznih sredstava,Repair and maintenance services of other civilian transport equipment,2025-01-01
33.17.0,Usluge popravka i održavanja ostalih civilnih prijevoznih sredstava,Repair and maintenance services of other civilian transport equipment,2025-01-01
33.17.01,Usluge popravka i održavanja željezničkih lokomotiva i tračničkih vozila,Repair and maintenance services of railway locomotives and rolling-stock,2025-01-01
33.17.09,"Usluge popravka i održavanja ostalih civilnih prijevoznih sredstava, d. n.",Repair and maintenance services of other civilian transport equipment n.e.c.,2025-01-01
33.18,"Usluge popravka i održavanja vojnih borbenih vozila, brodova, čamaca, zrakoplova i svemirskih letjelica","Repair and maintenance services of military fighting vehicles, ships, boats, air and spacecraft",2025-01-01
33.18.0,"Usluge popravka i održavanja vojnih borbenih vozila, brodova, čamaca, zrakoplova i svemirskih letjelica","Repair and maintenance services of military fighting vehicles, ships, boats, air and spacecraft",2025-01-01
33.18.01,Usluge popravka i održavanja vojnih zrakoplova,Repair and maintenance services of military aircraft,2025-01-01
33.18.02,Usluge popravka i održavanja vojnih svemirskih letjelica,Repair and maintenance services of military spacecraft,2025-01-01
33.18.03,Usluge popravka i održavanja vojnih borbenih vozila,Repair and maintenance services of military fighting vehicles,2025-01-01
33.18.04,Usluge popravka i održavanja vojnih brodova i plovila,Repair and maintenance services of military ships and vessels,2025-01-01
33.19,Usluge popravka i održavanja ostale opreme,Repair and maintenance services of other equipment,2025-01-01
33.19.0,Usluge popravka i održavanja ostale opreme,Repair and maintenance services of other equipment,2025-01-01
33.19.00,Usluge popravka i održavanja ostale opreme,Repair and maintenance services of other equipment,2025-01-01
33.2,Usluge instaliranja industrijskih strojeva i opreme,Installation services of industrial machinery and equipment,2025-01-01
33.20,Usluge instaliranja industrijskih strojeva i opreme,Installation services of industrial machinery and equipment,2025-01-01
33.20.1,"Usluge instaliranja proizvoda od metala, osim strojeva i opreme","Installation services of fabricated metal products, except machinery and equipment",2025-01-01
33.20.11,"Usluge instaliranja parnih kotlova, osim kotlova za centralno grijanje toplom vodom, uključujući usluge instaliranja cijevnih sustava u industrijskim pogonima","Installation services of steam generators, except central heating hot water boilers, including installation services of metal pipe systems in industrial plants",2025-01-01
33.20.12,"Usluge instaliranja ostalih proizvoda od metala, osim strojeva i opreme","Installation services of other fabricated metal products, except machinery and equipment",2025-01-01
33.20.2,Usluge instaliranja strojeva za opće namjene,Installation services of general-purpose machinery,2025-01-01
33.20.21,Usluge instaliranja uredskih i računovodstvenih strojeva,Installation services of office and accounting machinery,2025-01-01
33.20.29,"Usluge instaliranja ostalih strojeva za opće namjene, d. n.",Installation services of other general-purpose machinery n.e.c.,2025-01-01
33.20.3,Usluge instaliranja strojeva za posebne namjene,Installation services of special-purpose machinery,2025-01-01
33.20.31,Usluge instaliranja industrijskih strojeva i opreme za poljoprivredu,Installation services of industrial machinery and equipment for agriculture,2025-01-01
33.20.32,Usluge instaliranja strojeva za obradu metala,Installation services of metal forming machinery,2025-01-01
33.20.33,Usluge instaliranja industrijskih strojeva i opreme za metalurgiju,Installation services of industrial machinery and equipment for metallurgy,2025-01-01
33.20.34,Usluge instaliranja industrijskih strojeva i opreme za rudnike,Installation services of industrial machinery and equipment for mining,2025-01-01
33.20.35,"Usluge instaliranja industrijskih strojeva i opreme za industriju hrane, pića i duhana","Installation services of industrial machinery and equipment for food, beverages and tobacco processing",2025-01-01
33.20.36,"Usluge instaliranja industrijskih strojeva i opreme za industriju tekstila, odjeće i kože","Installation services of industrial machinery and equipment for textiles, apparel and leather production",2025-01-01
33.20.37,Usluge instaliranja industrijskih strojeva i opreme za industriju papira i kartona,Installation services of industrial machinery and equipment for paper and paperboard production,2025-01-01
33.20.38,Usluge instaliranja industrijskih strojeva i opreme za industriju plastike i gume,Installation services of industrial machinery and equipment for plastic and rubber production,2025-01-01
33.20.39,Usluge instaliranja ostalih strojeva za posebne namjene,Installation services of other special-purpose machinery,2025-01-01
33.20.4,Usluge instaliranja elektroničke i optičke opreme,Installation services of electronic and optical equipment,2025-01-01
33.20.41,Usluge instaliranja profesionalnih medicinskih strojeva i preciznih optičkih instrumenata,Installation services of professional medical machinery and precision and optical instruments,2025-01-01
33.20.42,Usluge instaliranja profesionalne elektroničke opreme,Installation services of professional electronic equipment,2025-01-01
33.20.5,Usluge instaliranja električne opreme,Installation services of electrical equipment,2025-01-01
33.20.50,Usluge instaliranja električne opreme,Installation services of electrical equipment,2025-01-01
33.20.6,Usluge instaliranja automatskih sustava za kontrolu industrijskih procesa,Installation services of automatic industrial process control systems,2025-01-01
33.20.60,Usluge instaliranja automatskih sustava za kontrolu industrijskih procesa,Installation services of automatic industrial process control systems,2025-01-01
33.20.7,Usluge instaliranja plastičnih cijevnih sustava u industrijskim pogonima,Installation services of plastic pipe systems in industrial plants,2025-01-01
33.20.70,Usluge instaliranja plastičnih cijevnih sustava u industrijskim pogonima,Installation services of plastic pipe systems in industrial plants,2025-01-01
33.20.9,"Usluge instaliranja ostalih proizvoda, d. n.",Installation services of other goods n.e.c.,2025-01-01
33.20.90,"Usluge instaliranja ostalih proizvoda, d. n.",Installation services of other goods n.e.c.,2025-01-01
D,"OPSKRBA ELEKTRIČNOM ENERGIJOM, PLINOM, PAROM I KLIMATIZACIJA","ELECTRICITY, GAS, STEAM AND AIR CONDITIONING SUPPLY",2025-01-01
35,"Opskrba električnom energijom, plinom, parom i klimatizacija","Electricity, gas, steam and air conditioning supply",2025-01-01
35.1,"Usluge proizvodnje, prijenosa i distribucije električne energije","Electric power generation, transmission and distribution services",2025-01-01
35.11,Električna energija iz neobnovljivih izvora,Electricity from non-renewable sources,2025-01-01
35.11.0,Električna energija iz neobnovljivih izvora,Electricity from non-renewable sources,2025-01-01
35.11.00,Električna energija iz neobnovljivih izvora,Electricity from non-renewable sources,2025-01-01
35.12,Električna energija iz obnovljivih izvora,Electricity from renewable sources,2025-01-01
35.12.0,Električna energija iz obnovljivih izvora,Electricity from renewable sources,2025-01-01
35.12.00,Električna energija iz obnovljivih izvora,Electricity from renewable sources,2025-01-01
35.13,Usluge prijenosa električne energije,Transmission services of electricity,2025-01-01
35.13.0,Usluge prijenosa električne energije,Transmission services of electricity,2025-01-01
35.13.00,Usluge prijenosa električne energije,Transmission services of electricity,2025-01-01
35.14,Usluge distribucije električne energije,Distribution services of electricity,2025-01-01
35.14.0,Usluge distribucije električne energije,Distribution services of electricity,2025-01-01
35.14.00,Usluge distribucije električne energije,Distribution services of electricity,2025-01-01
35.15,Usluge trgovine električnom energijom,Trade services of electricity,2025-01-01
35.15.0,Usluge trgovine električnom energijom,Trade services of electricity,2025-01-01
35.15.01,Usluge trgovine električnom energijom za električnu mobilnost,Trade services of electricity for electric mobility,2025-01-01
35.15.02,"Usluge trgovine električnom energijom, osim za električnu mobilnost","Trade services of electricity, other than for electric mobility",2025-01-01
35.16,Usluge skladištenja električne energije,Storage services of electricity,2025-01-01
35.16.0,Usluge skladištenja električne energije,Storage services of electricity,2025-01-01
35.16.00,Usluge skladištenja električne energije,Storage services of electricity,2025-01-01
35.2,Proizvedeni plin; usluge distribucije plinovitih goriva distribucijskom mrežom,Manufactured gas; distribution services of gaseous fuels through mains,2025-01-01
35.21,"Proizvedeni plin, za opskrbu energijom","Manufactured gas, for energy supply",2025-01-01
35.21.0,"Proizvedeni plin, za opskrbu energijom","Manufactured gas, for energy supply",2025-01-01
35.21.01,"Plin dobiven iz konvencionalnih izvora, za opskrbu energijom","Manufactured gas from conventional sources, for energy supply",2025-01-01
35.21.02,"Plin dobiven iz obnovljivih izvora, za opskrbu energijom","Manufactured gas from renewable sources, for energy supply",2025-01-01
35.21.03,"Oporabljeni plin, za opskrbu energijom","Recovered gas, for energy supply",2025-01-01
35.22,Usluge distribucije plinovitih goriva distribucijskom mrežom,Distribution services of gaseous fuels through mains,2025-01-01
35.22.0,Usluge distribucije plinovitih goriva distribucijskom mrežom,Distribution services of gaseous fuels through mains,2025-01-01
35.22.00,Usluge distribucije plinovitih goriva distribucijskom mrežom,Distribution services of gaseous fuels through mains,2025-01-01
35.23,Usluge trgovine plinom distribucijskom mrežom,Trade services of gas through mains,2025-01-01
35.23.0,Usluge trgovine plinom distribucijskom mrežom,Trade services of gas through mains,2025-01-01
35.23.00,Usluge trgovine plinom distribucijskom mrežom,Trade services of gas through mains,2025-01-01
35.24,Usluge skladištenja plina kao dio usluge opskrbe putem mreže,Storage services of gas as part of the network supply services,2025-01-01
35.24.0,Usluge skladištenja plina kao dio usluge opskrbe putem mreže,Storage services of gas as part of the network supply services,2025-01-01
35.24.00,Usluge skladištenja plina kao dio usluge opskrbe putem mreže,Storage services of gas as part of the network supply services,2025-01-01
35.3,Usluge opskrbe parom i klimatizacije,Steam and air conditioning supply services,2025-01-01
35.30,Usluge opskrbe parom i klimatizacije,Steam and air conditioning supply services,2025-01-01
35.30.1,Para i topla voda; usluge opskrbe parom i toplom vodom,Steam and hot water; steam and hot water supply services,2025-01-01
35.30.11,Para i topla voda,Steam and hot water,2025-01-01
35.30.12,Usluge opskrbe parom i toplom vodom distribucijskom mrežom,Steam and hot water supply services through mains,2025-01-01
35.30.2,Usluge klimatizacije,Air-conditioning supply services,2025-01-01
35.30.20,Usluge klimatizacije,Air-conditioning supply services,2025-01-01
35.30.3,Led; usluge opskrbe hladnim zrakom i hladnom vodom,Ice; cooled air and chilled water supply services,2025-01-01
35.30.31,"Led, uključujući led za hlađenje (tj. ne za prehranu)","Ice, including ice for cooling (i.e. non-food) purposes",2025-01-01
35.30.32,Usluge opskrbe hladnim zrakom i hladnom vodom,Cooled air and chilled water supply services,2025-01-01
35.4,Usluge brokera i agenata za električnu energiju i plin,Services of brokers and agents for electric power and natural gas,2025-01-01
35.40,Usluge brokera i agenata za električnu energiju i plin,Services of brokers and agents for electric power and natural gas,2025-01-01
35.40.0,Usluge brokera i agenata za električnu energiju i plin,Services of brokers and agents for electric power and natural gas,2025-01-01
35.40.00,Usluge brokera i agenata za električnu energiju i plin,Services of brokers and agents for electric power and natural gas,2025-01-01
E,"OPSKRBA VODOM; USLUGE UKLANJANJA OTPADNIH VODA, GOSPODARENJA OTPADOM I SANACIJE OKOLIŠA","WATER SUPPLY; SEWERAGE, WASTE MANAGEMENT AND REMEDIATION SERVICES",2025-01-01
36,Prirodna voda; usluge pročišćavanja vode i opskrbe vodom,Natural water; water treatment and supply services,2025-01-01
36.0,Prirodna voda; usluge pročišćavanja vode i opskrbe vodom,Natural water; water treatment and supply services,2025-01-01
36.00,Prirodna voda; usluge pročišćavanja vode i opskrbe vodom,Natural water; water treatment and supply services,2025-01-01
36.00.1,Prirodna voda,Natural water,2025-01-01
36.00.11,Pitka voda,Drinking water,2025-01-01
36.00.12,Voda za druge svrhe,Water for other purposes,2025-01-01
36.00.2,Usluge pročišćavanja i distribucije vode,Treatment and distribution services of water,2025-01-01
36.00.21,Usluge pročišćavanja i distribucije vode distribucijskom mrežom,Treatment and distribution services of water through mains,2025-01-01
36.00.22,Usluge pročišćavanja i distribucije vode za navodnavanje,Treatment and distribution services of water for irrigation,2025-01-01
36.00.23,Usluge pročišćavanja i distribucije vode za druge svrhe,Treatment and distribution services of water for other purposes,2025-01-01
36.00.3,Usluge trgovine vodom distribucijskom mrežom,Trade services of water through mains,2025-01-01
36.00.30,Usluge trgovine vodom distribucijskom mrežom,Trade services of water through mains,2025-01-01
37,Usluge uklanjanja otpadnih voda; kanalizacijski mulj,Sewerage services; sewage sludge,2025-01-01
37.0,Usluge uklanjanja otpadnih voda; kanalizacijski mulj,Sewerage services; sewage sludge,2025-01-01
37.00,Usluge uklanjanja otpadnih voda; kanalizacijski mulj,Sewerage services; sewage sludge,2025-01-01
37.00.1,Usluge uklanjanja otpadnih voda,Sewerage services,2025-01-01
37.00.11,Usluge uklanjanja i pročišćavanja otpadnih voda,Sewage removal and treatment services,2025-01-01
37.00.12,Usluge pražnjenja i čišćenja septičkih i sabirnih jama,Treatment services of cesspools and septic tanks,2025-01-01
37.00.2,Kanalizacijski mulj,Sewage sludge,2025-01-01
37.00.20,Kanalizacijski mulj,Sewage sludge,2025-01-01
38,"Usluge skupljanja, oporabe i zbrinjavanja otpada","Waste collection, recovery and disposal services",2025-01-01
38.1,Usluge skupljanja otpada,Waste collection services,2025-01-01
38.11,Usluge skupljanja neopasnog otpada,Collection services of non-hazardous waste,2025-01-01
38.11.1,Usluge skupljanja neopasnog oporabljivog otpada,Collection services of non-hazardous recyclable waste,2025-01-01
38.11.11,Usluge skupljanja neopasnog oporabljivog komunalnog otpada,"Collection services of non-hazardous recyclable waste, municipal",2025-01-01
38.11.19,"Usluge skupljanja neopasnog oporabljivog otpada, d. n.",Collection services of non-hazardous recyclable waste n.e.c.,2025-01-01
38.11.2,Usluge skupljanja neopasnog neoporabljivog otpada,Collection services of non-hazardous non-recyclable waste,2025-01-01
38.11.21,Usluge skupljanja neopasnog neoporabljivog komunalnog otpada,"Collection services of non-hazardous non-recyclable waste, municipal",2025-01-01
38.11.29,"Usluge skupljanja neopasnog neoporabljivog otpada, d. n.",Collection services of non-hazardous non-recyclable waste n.e.c.,2025-01-01
38.11.3,Prikupljeni neoporabljivi neopasni otpad,"Non-recyclable non-hazardous waste, collected",2025-01-01
38.11.31,Neoporabljivi neopasni komunalni otpad,Non-recyclable non-hazardous municipal waste,2025-01-01
38.11.39,"Prikupljeni neoporabljivi neopasni otpad, d. n.","Non-recyclable non-hazardous waste, collected n.e.c.",2025-01-01
38.11.4,"Olupine, za demontiranje","Wrecks, for dismantling",2025-01-01
38.11.41,"Brodovi i ostali ploveći objekti, za rezanje","Vessels and other floating structures, for breaking up",2025-01-01
38.11.42,"Rabljeni automobili, računala, televizori i druga oprema za demontiranje","Used automobiles, computers, televisions and other equipment for dismantling",2025-01-01
38.11.5,Ostali prikupljeni oporabljivi neopasni otpad,"Other recyclable non-hazardous waste, collected",2025-01-01
38.11.51,Stakleni otpad,Glass waste,2025-01-01
38.11.52,Papirni i kartonski otpad,Paper and paperboard waste,2025-01-01
38.11.53,Rabljene pneumatske gume,Used pneumatic tyres of rubber,2025-01-01
38.11.54,Ostali gumeni otpad,Other rubber waste,2025-01-01
38.11.55,Plastični otpad,Plastic waste,2025-01-01
38.11.56,Tekstilni otpad,Textile waste,2025-01-01
38.11.57,Kožni otpad,Leather waste,2025-01-01
38.11.58,Neopasni metalni otpad,Non-hazardous metal waste,2025-01-01
38.11.59,"Ostali prikupljeni oporabljivi neopasni otpad, d. n.","Other recyclable non-hazardous waste, collected, n.e.c.",2025-01-01
38.11.6,Rabljena odjeća i ostali rabljeni tekstilni proizvodi,Worn clothing and other worn articles,2025-01-01
38.11.60,Rabljena odjeća i ostali rabljeni tekstilni proizvodi,Worn clothing and other worn articles,2025-01-01
38.11.7,Usluge upravljanja objektima za odvoz neopasnog otpada,Operation services of transfer facilities for non-hazardous waste,2025-01-01
38.11.71,Usluge upravljanja objektima za odvoz neopasnog oporabljivog otpada,Operation services of transfer facilities for non-hazardous recyclable waste,2025-01-01
38.11.79,"Usluge upravljanja objektima za odvoz neopasnog otpada, d. n.",Operation services of transfer facilities for non-hazardous waste n.e.c.,2025-01-01
38.12,Usluge skupljanja opasnog otpada,Collection services of hazardous waste,2025-01-01
38.12.1,Usluge skupljanja opasnog otpada,Hazardous waste collection services,2025-01-01
38.12.11,Usluge skupljanja opasnog medicinskog i ostalog biološki opasnog otpada,Collection services of hazardous medical and other biohazardous waste,2025-01-01
38.12.12,Usluge skupljanja visoko radioaktivnog otpada,Collection services of high-level radioactive waste,2025-01-01
38.12.13,Usluge skupljanja ostalog opasnog industrijskog otpada,Collection services of other hazardous industrial waste,2025-01-01
38.12.14,Usluge skupljanja opasnog komunalnog otpada,Collection services of hazardous municipal waste,2025-01-01
38.12.2,Prikupljeni opasni otpad,"Hazardous waste, collected",2025-01-01
38.12.21,Iskorišteni (ozračeni) gorivni elementi nuklearnih reaktora,Spent (irradiated) fuel elements (cartridges) of nuclear reactors,2025-01-01
38.12.22,Farmaceutski otpad,Pharmaceutical waste,2025-01-01
38.12.23,Ostali opasni medicinski otpad,Other medical hazardous waste,2025-01-01
38.12.24,Opasni kemijski otpad,Hazardous chemical waste,2025-01-01
38.12.25,Otpadna ulja,Waste oils,2025-01-01
38.12.26,Opasni metalni otpad,Hazardous metal waste,2025-01-01
38.12.27,"Otpaci i ostaci od primarnih stanica, primarnih baterija i električnih akumulatora","Waste and scrap of primary cells, primary batteries and electric accumulators",2025-01-01
38.12.28,Ostali opasni otpad,Other hazardous waste,2025-01-01
38.12.3,Usluge upravljanja objektima za odvoz opasnog otpada,Operation services of transfer facilities for hazardous waste,2025-01-01
38.12.30,Usluge upravljanja objektima za odvoz opasnog otpada,Operation services of transfer facilities for hazardous waste,2025-01-01
38.2,Usluge oporabe otpada,Waste recovery services,2025-01-01
38.21,Usluge oporabe materijala i sekundarne sirovine,Materials recovery services and secondary raw materials,2025-01-01
38.21.1,Usluge oporabe materijala,Materials recovery services,2025-01-01
38.21.11,Usluge oporabe metalnih materijala,Metal materials recovery services,2025-01-01
38.21.12,Usluge oporabe ostalih materijala,Other materials recovery services,2025-01-01
38.21.13,Briketi proizvedeni od nekoliko različitih vrsta industrijskih otpada itd.,Briquettes produced from several different industrial wastes etc.,2025-01-01
38.21.2,Sekundarne sirovine od metala,Metal secondary raw materials,2025-01-01
38.21.21,Sekundarne sirovine od plemenitih metala,Secondary raw material of precious metals,2025-01-01
38.21.22,Sekundarne sirovine od željeza i čelika,Secondary raw material of ferrous metals,2025-01-01
38.21.23,Sekundarne sirovine od bakra,Secondary raw material of copper,2025-01-01
38.21.24,Sekundarne sirovine od nikla,Secondary raw material of nickel,2025-01-01
38.21.25,Sekundarne sirovine od aluminija,Secondary raw material of aluminium,2025-01-01
38.21.26,Sekundarne sirovine od ostalih metala,Other metal secondary raw materials,2025-01-01
38.21.3,Sekundarne sirovine od nemetala,Non-metal secondary raw materials,2025-01-01
38.21.31,Sekundarne sirovine od stakla,Secondary raw material of glass,2025-01-01
38.21.32,Sekundarne sirovine od papira i kartona,Secondary raw material of paper and paperboard,2025-01-01
38.21.33,Sekundarne sirovine od plastike,Secondary raw material of plastic,2025-01-01
38.21.34,Sekundarne sirovine od gume,Secondary raw material of rubber,2025-01-01
38.21.35,Sekundarne sirovine od tekstila,Secondary raw material of textile,2025-01-01
38.21.36,Sekundarne sirovine od minerala dobivenih rušenjem,Secondary raw material of minerals from demolition,2025-01-01
38.21.37,Sekundarne sirovine od ostalih nemetalnih materijala,Other non-metal secondary raw materials,2025-01-01
38.21.4,Usluge demontiranja,Dismantling services,2025-01-01
38.21.41,Usluge demontiranja olupina,Dismantling services of wrecks,2025-01-01
38.21.42,Usluge rezanja brodova,Shipbreaking services,2025-01-01
38.21.43,"Usluge demontiranja rabljenih automobila, računala, televizora i druge opreme","Dismantling services of used automobiles, computers, televisions and other equipment",2025-01-01
38.21.5,Usluge obrade otpada prije oporabe,Treatment services prior to recovery of waste,2025-01-01
38.21.50,Usluge obrade otpada prije oporabe,Treatment services prior to recovery of waste,2025-01-01
38.22,Usluge oporabe energije i pelete od komunalnog otpada za spaljivanje s dobivanjem energije,Energy recovery services and pellets of municipal waste for incineration with energy recovery,2025-01-01
38.22.1,Usluge oporabe energije,Energy recovery services,2025-01-01
38.22.10,Usluge oporabe energije,Energy recovery services,2025-01-01
38.22.2,Pelete od komunalnog otpada za spaljivanje s dobivanjem energije,Pellets of municipal waste for incineration with energy recovery,2025-01-01
38.22.20,Pelete od komunalnog otpada za spaljivanje s dobivanjem energije,Pellets of municipal waste for incineration with energy recovery,2025-01-01
38.23,Usluge oporabe ostalog otpada,Other waste recovery services,2025-01-01
38.23.0,Usluge oporabe ostalog otpada,Other waste recovery services,2025-01-01
38.23.00,Usluge oporabe ostalog otpada,Other waste recovery services,2025-01-01
38.3,Usluge zbrinjavanja otpada bez oporabe,Waste disposal services without recovery,2025-01-01
38.31,Usluge spaljivanja otpada bez dobivanja energije,Incineration services without energy recovery,2025-01-01
38.31.1,Usluge spaljivanja opasnog otpada bez dobivanja energije,"Incineration services of hazardous waste, without energy recovery",2025-01-01
38.31.10,Usluge spaljivanja opasnog otpada bez dobivanja energije,"Incineration services of hazardous waste, without energy recovery",2025-01-01
38.31.2,Usluge spaljivanja neopasnog otpada bez dobivanja energije,"Incineration services of non-hazardous waste, without energy recovery",2025-01-01
38.31.20,Usluge spaljivanja neopasnog otpada bez dobivanja energije,"Incineration services of non-hazardous waste, without energy recovery",2025-01-01
38.31.3,Otpadna organska otapala,Waste organic solvents,2025-01-01
38.31.30,Otpadna organska otapala,Waste organic solvents,2025-01-01
38.31.4,Pepeo i drugi ostaci spaljenog otpada,Ashes and residues from waste incineration,2025-01-01
38.31.40,Pepeo i drugi ostaci spaljenog otpada,Ashes and residues from waste incineration,2025-01-01
38.31.5,Pelete od komunalnog otpada za spaljivanje bez dobivanja energije,Pellets of municipal waste for incineration without energy recovery,2025-01-01
38.31.50,Pelete od komunalnog otpada za spaljivanje bez dobivanja energije,Pellets of municipal waste for incineration without energy recovery,2025-01-01
38.31.6,Usluge obrade otpada prije spaljivanja bez dobivanja energije,Treatment services prior to incineration without energy recovery,2025-01-01
38.31.60,Usluge obrade otpada prije spaljivanja bez dobivanja energije,Treatment services prior to incineration without energy recovery,2025-01-01
38.32,Usluge odlaganja ili trajnog skladištenja otpada,Landfilling or permanent storage services,2025-01-01
38.32.1,Usluge odlaganja ili trajnog skladištenja neopasnog otpada,Landfilling or permanent storage services of non-hazardous waste,2025-01-01
38.32.11,Usluge sanitarnog odlaganja neopasnog otpada,Sanitary landfilling services of non-hazardous waste,2025-01-01
38.32.12,Ostale usluge odlaganja ili trajnog skladištenja neopasnog otpada,Other non-hazardous waste landfilling or permanent storage services,2025-01-01
38.32.2,Usluge odlaganja ili trajnog skladištenja opasnog otpada,Landfilling or permanent storage services of hazardous waste,2025-01-01
38.32.21,Usluge obrade visoko radioaktivnog otpada prije odlaganja ili trajnog skladištenja,High-level radioactive waste treatment services prior to landfilling or permanent storage,2025-01-01
38.32.22,Ostale usluge obrade radioaktivnog otpada prije odlaganja ili trajnog skladištenja,Other radioactive waste treatment services prior to landfilling or permanent storage,2025-01-01
38.32.23,Ostale usluge obrade opasnog otpada prije odlaganja ili trajnog skladištenja,Other hazardous waste treatment services prior to landfilling or permanent storage,2025-01-01
38.32.24,Usluge odlaganja ili trajnog skladištenja visoko radioaktivnog otpada,High-level radioactive waste landfilling or permanent storage services,2025-01-01
38.32.25,Ostale usluge odlaganja ili trajnog skladištenja visoko radioaktivnog otpada,Other radioactive waste landfilling or permanent storage services,2025-01-01
38.32.26,Ostale usluge odlaganja ili trajnog skladištenja opasnog otpada,Other hazardous waste landfilling or permanent storage services,2025-01-01
38.33,Ostale usluge zbrinjavanja otpada,Other waste disposal services,2025-01-01
38.33.0,Ostale usluge zbrinjavanja otpada,Other waste disposal services,2025-01-01
38.33.00,Ostale usluge zbrinjavanja otpada,Other waste disposal services,2025-01-01
39,Usluge sanacije okoliša i ostale usluge gospodarenja otpadom,Remediation services and other waste management services,2025-01-01
39.0,Usluge sanacije okoliša i ostale usluge gospodarenja otpadom,Remediation services and other waste management services,2025-01-01
39.00,Usluge sanacije okoliša i ostale usluge gospodarenja otpadom,Remediation services and other waste management services,2025-01-01
39.00.1,Usluge sanacije i čišćenja okoliša,Remediation and clean-up services,2025-01-01
39.00.11,Usluge sanacije i čišćenja zemljišta i podzemnih voda,"Remediation and clean-up services, soil and groundwater",2025-01-01
39.00.12,Usluge sanacije i čišćenja površinskih voda,"Remediation and clean-up services, surface water",2025-01-01
39.00.13,Usluge sanacije i čišćenja zraka,"Remediation and clean-up services, air",2025-01-01
39.00.14,Usluge sanacije zgrada,Building remediation services,2025-01-01
39.00.2,Ostale usluge sanacije okoliša i posebne usluge kontrole onečišćenja,Other remediation and specialised pollution control services,2025-01-01
39.00.21,"Usluge ograničavanja zagađenja, kontrole i nadzora sanacije zagađenih lokacija i ostale usluge sanacije zagađenih lokacija","Site remediation containment, control and monitoring services and other site remediation services",2025-01-01
39.00.22,Ostale usluge sanacije okoliša,Other remediation services,2025-01-01
39.00.23,Ostale posebne usluge kontrole onečišćenja,Other specialised pollution control services,2025-01-01
F,GRAĐEVINE I GRAĐEVINSKI RADOVI,CONSTRUCTIONS AND CONSTRUCTION WORKS,2025-01-01
41,"Stambene i nestambene zgrade, građevinski radovi na izgradnji stambenih i nestambenih zgrada","Residential and non-residential buildings, residential and non-residential buildings construction works",2025-01-01
41.0,"Stambene i nestambene zgrade, građevinski radovi na izgradnji stambenih i nestambenih zgrada","Residential and non-residential buildings, residential and non-residential buildings construction works",2025-01-01
41.00,"Stambene i nestambene zgrade, građevinski radovi na izgradnji stambenih i nestambenih zgrada","Residential and non-residential buildings, residential and non-residential buildings construction works",2025-01-01
41.00.1,Stambene zgrade,Residential buildings,2025-01-01
41.00.11,Stambene zgrade s jednim stanom,One-dwelling buildings,2025-01-01
41.00.12,Stambene zgrade s dva stana,Two-dwelling buildings,2025-01-01
41.00.13,Stambene zgrade s tri i više stanova,Three and more dwelling buildings,2025-01-01
41.00.14,Stambene zgrade za stanovanje zajednica,Residences for communities,2025-01-01
41.00.2,Nestambene zgrade,Non-residential buildings,2025-01-01
41.00.21,Industrijske zgrade,Industrial buildings,2025-01-01
41.00.22,Nestambene poljoprivredne zgrade,"Farm buildings, non-residential",2025-01-01
41.00.23,Uredske zgrade,Office buildings,2025-01-01
41.00.24,Zgrade za trgovinu na veliko i malo,Wholesale and retail trade buildings,2025-01-01
41.00.25,Zgrade za promet i komunikacije,Traffic and communication buildings,2025-01-01
41.00.26,"Rezervoari, silosi i skladišta","Reservoirs, silos and warehouses",2025-01-01
41.00.27,Hoteli i slične zgrade,Hotels and similar buildings,2025-01-01
41.00.28,"Zgrade za kulturno-umjetničku djelatnost i zabavu, obrazovne ustanove, bolnice, zgrade za institucionalnu skrb i zgrade za vjerske obrede","Public entertainment, education, hospital, institutional care or religious buildings",2025-01-01
41.00.29,"Nestambene zgrade, d. n.",Non-residential buildings n.e.c.,2025-01-01
41.00.3,Građevinski radovi na izgradnji stambenih zgrada,Construction works for residential buildings,2025-01-01
41.00.31,Građevinski radovi na izgradnji stambenih zgrada s jednim stanom,Construction works in one-dwelling buildings,2025-01-01
41.00.32,Građevinski radovi na izgradnji stambenih zgrada s dva stana,Construction works in two-dwelling buildings,2025-01-01
41.00.33,Građevinski radovi na izgradnji stambenih zgrada s tri i više stanova,Construction works in three and more dwelling buildings,2025-01-01
41.00.34,Građevinski radovi na izgradnji stambenih zgrada za stanovanje zajednica,Construction works in residences for communities,2025-01-01
41.00.4,Građevinski radovi na izgradnji nestambenih zgrada,Construction works for non-residential buildings,2025-01-01
41.00.41,Građevinski radovi na izgradnji industrijskih zgrada,Construction works in industrial buildings,2025-01-01
41.00.42,Građevinski radovi na izgradnji nestambenih poljoprivrednih zgrada,Construction works in non-residential farm buildings,2025-01-01
41.00.43,Građevinski radovi na izgradnji uredskih zgrada,Construction works in office buildings,2025-01-01
41.00.44,Građevinski radovi na izgradnji zgrada za trgovinu na veliko i malo,Construction works in wholesale and retail trade buildings,2025-01-01
41.00.45,Građevinski radovi na izgradnji zgrada za promet i komunikacije,Construction works in traffic and communication buildings,2025-01-01
41.00.46,"Građevinski radovi na izgradnji rezervoara, silosa i skladišta","Construction works in reservoirs, silos and warehouses",2025-01-01
41.00.47,Građevinski radovi na izgradnji hotela i sličnih zgrada,Construction works in hotels and similar buildings,2025-01-01
41.00.48,"Građevinski radovi na izgradnji građevina za kulturno-umjetničku djelatnost i zabavu, obrazovnih ustanova, bolnica, zgrada za institucionalnu skrb i zgrada za vjerske obrede","Construction works in public entertainment, education, hospital, institutional care or religious buildings",2025-01-01
41.00.49,"Građevinski radovi na izgradnji nestambenih zgrada, d. n.",Construction works for non-residential buildings n.e.c.,2025-01-01
42,Građevine niskogradnje i građevinski radovi na izgradnji građevina niskogradnje,Constructions and construction works for civil engineering,2025-01-01
42.1,Ceste i željezničke pruge; građevinski radovi na izgradnji cesta i željezničkih pruga,Roads and railways; construction works for roads and railways,2025-01-01
42.11,Ceste i autoceste; građevinski radovi na izgradnji cesta i autocesta,Roads and motorways; construction works for roads and motorways,2025-01-01
42.11.1,"Autoceste, ceste, ulice i ostale prometnice ili pješački putovi i uzletišta u zračnim lukama","Motorways, roads, streets and other vehicular or pedestrian ways and airfield runways",2025-01-01
42.11.10,"Autoceste, ceste, ulice i ostale prometnice ili pješački putovi i uzletišta u zračnim lukama","Motorways, roads, streets and other vehicular or pedestrian ways and airfield runways",2025-01-01
42.11.2,"Građevinski radovi na izgradnji autocesta, cesta, ulica i ostalih prometnica ili pješačkih putova te uzletišta u zračnim lukama","Construction works for motorways, roads, streets and other vehicular or pedestrian ways and airfield runways",2025-01-01
42.11.20,"Građevinski radovi na izgradnji autocesta, cesta, ulica i ostalih prometnica ili pješačkih putova te uzletišta u zračnim lukama","Construction works for motorways, roads, streets and other vehicular or pedestrian ways and airfield runways",2025-01-01
42.12,Željezničke pruge i podzemne željeznice; građevinski radovi na izgradnji željezničkih pruga i podzemnih željeznica,Railways and underground railways; construction works for railways and underground railways,2025-01-01
42.12.1,Željezničke pruge i podzemne željeznice,Railways and underground railways,2025-01-01
42.12.10,Željezničke pruge i podzemne željeznice,Railways and underground railways,2025-01-01
42.12.2,Građevinski radovi na izgradnji željezničkih pruga i podzemnih željeznica,Construction works for railways and underground railways,2025-01-01
42.12.20,Građevinski radovi na izgradnji željezničkih pruga i podzemnih željeznica,Construction works for railways and underground railways,2025-01-01
42.13,Mostovi i tuneli; građevinski radovi na izgradnji mostova i tunela,Bridges and tunnels; construction works for bridges and tunnels,2025-01-01
42.13.1,Mostovi i tuneli,Bridges and tunnels,2025-01-01
42.13.10,Mostovi i tuneli,Bridges and tunnels,2025-01-01
42.13.2,Građevinski radovi na izgradnji mostova i tunela,Construction works for bridges and tunnels,2025-01-01
42.13.20,Građevinski radovi na izgradnji mostova i tunela,Construction works for bridges and tunnels,2025-01-01
42.2,"Cjevovodi, elektroenergetski i telekomunikacijski vodovi te građevinski radovi na izgradnji cjevovoda, elektroenergetskih i telekomunikacijskih vodova",Constructions and construction works for utility projects,2025-01-01
42.21,Cjevovodi za tekućine i plinove te građevinski radovi na izgradnji cjevovoda za tekućine i plinove,Constructions and construction works for utility projects for fluids,2025-01-01
42.21.1,Cjevovodi za tekućine i plinove,Utility constructions for fluids,2025-01-01
42.21.11,Magistralni cjevovodi za tekućine i plinove,Long-distance pipelines for fluids,2025-01-01
42.21.12,Lokalni cjevovodi za tekućine i plinove,Local pipelines for fluids,2025-01-01
42.21.13,"Sustavi za navodnjavanje (kanali); vodovodne mreže i cjevovodi; postrojenja za pročišćavanje vode, postrojenja za zbrinjavanje otpadnih voda i crpne stanice","Irrigation systems (canals); water main and line constructions; water treatment plants, sewage disposal plants and pumping stations",2025-01-01
42.21.2,Građevinski radovi na izgradnji cjevovoda za tekućine i plinove,Construction works for utility projects for fluids,2025-01-01
42.21.21,Građevinski radovi na izgradnji magistralnih cjevovoda,Construction works for long-distance pipelines,2025-01-01
42.21.22,"Građevinski radovi na izgradnji lokalnih cjevovoda, uključujući pomoćne radove","Construction works for local pipelines, including ancillary works",2025-01-01
42.21.23,"Građevinski radovi na izgradnji sustava za navodnjavanje (kanala), vodovodnih mreža i cjevovoda, postrojenja za pročišćavanje vode, postrojenja za zbrinjavanje otpadnih voda i crpnih stanica","Construction works for irrigation systems (canals), water mains and lines, water treatment plants, sewage disposal plants and pumping stations",2025-01-01
42.21.24,Radovi na bušenju vodocrpilišta i iskopavanju septičkih jama,Water well drilling and septic system installation works,2025-01-01
42.22,Elektroenergetski i telekomunikacijski vodovi te građevinski radovi na izgradnji elektroenergetskih i telekomunikacijskih vodova,Constructions and construction works for utility projects for electricity and telecommunications,2025-01-01
42.22.1,Elektroenergetski i telekomunikacijski vodovi,Utility constructions for electricity and telecommunication,2025-01-01
42.22.11,Magistralni elektroenergetski i telekomunikacijski vodovi,Long-distance electricity power lines and communication lines,2025-01-01
42.22.12,Lokalni elektroenergetski i telekomunikacijski vodovi,Local electricity power lines and communication lines,2025-01-01
42.22.13,Elektrane,Power plants,2025-01-01
42.22.2,Građevinski radovi na izgradnji elektroenergetskih i telekomunikacijskih vodova,Construction works for utility projects for electricity and telecommunication,2025-01-01
42.22.21,Građevinski radovi na izgradnji magistralnih elektroenergetskih i telekomunikacijskih vodova,Construction works for long-distance electricity power lines and communication lines,2025-01-01
42.22.22,Građevinski radovi na izgradnji lokalnih elektroenergetskih i telekomunikacijskih vodova,Construction works for local electricity power lines and communication lines,2025-01-01
42.22.23,Građevinski radovi na izgradnji elektrana,Construction works for power plants,2025-01-01
42.9,Ostale građevine niskogradnje i građevinski radovi na izgradnji ostalih građevina niskogradnje,Constructions and construction works for other civil engineering projects,2025-01-01
42.91,Vodne građevine i građevinski radovi na izgradnji vodnih građevina,Constructions and construction works for water projects,2025-01-01
42.91.1,"Luke, pristaništa, brane, ustavi i srodne hidromehaničke građevine","Coastal and port constructions, dams, locks and related hydro-mechanical structures",2025-01-01
42.91.10,"Luke, pristaništa, brane, ustavi i srodne hidromehaničke građevine","Coastal and port constructions, dams, locks and related hydro-mechanical structures",2025-01-01
42.91.2,"Građevinski radovi na izgradnji luka, pristaništa, brana, ustava i srodnih hidromehaničkih građevina","Construction works for coastal and port constructions, dams, locks and related hydro-mechanical structures",2025-01-01
42.91.20,"Građevinski radovi na izgradnji luka, pristaništa, brana, ustava i srodnih hidromehaničkih građevina","Construction works for coastal and port constructions, dams, locks and related hydro-mechanical structures",2025-01-01
42.99,"Ostale građevine niskogradnje i građevinski radovi na izgradnji ostalih građevina niskogradnje, d. n.",Constructions and construction works for other civil engineering projects n.e.c.,2025-01-01
42.99.1,Ostale građevine niskogradnje,Other civil engineering constructions,2025-01-01
42.99.11,Građevine za rudarstvo i industriju,Mining and manufacturing constructions,2025-01-01
42.99.12,Građevine za sport i rekreaciju,Sport and recreation constructions,2025-01-01
42.99.19,"Ostale građevine niskogradnje, d. n.",Other civil engineering constructions n.e.c.,2025-01-01
42.99.2,Građevinski radovi na izgradnji ostalih građevina niskogradnje,Construction works for other civil engineering constructions,2025-01-01
42.99.21,Građevinski radovi na izgradnji građevina za rudarstvo i industriju,Construction works for mining and manufacturing,2025-01-01
42.99.22,Građevinski radovi na izgradnji sportske infrastrukture na otvorenom,Construction works for outdoor sport infrastructure,2025-01-01
42.99.23,Građevinski radovi na izgradnji unutarnje sportske infrastrukture,Construction works for indoor sport infrastructure,2025-01-01
42.99.29,"Građevinski radovi na izgradnji ostalih građevina niskogradnje, d. n.",Construction works for other civil engineering constructions n.e.c.,2025-01-01
43,Specijalizirani građevinski radovi,Specialised construction works,2025-01-01
43.1,Radovi na uklanjanju građevina i pripremni radovi na gradilištu,Demolition and site preparation works,2025-01-01
43.11,Radovi na uklanjanju građevina,Demolition works,2025-01-01
43.11.0,Radovi na uklanjanju građevina,Demolition works,2025-01-01
43.11.00,Radovi na uklanjanju građevina,Demolition works,2025-01-01
43.12,Pripremni radovi na gradilištu,Site preparation works,2025-01-01
43.12.0,Pripremni radovi na gradilištu,Site preparation works,2025-01-01
43.12.01,Radovi na pripremi zemljišta; raščišćavanje terena,Soil and land preparation works; clearance works,2025-01-01
43.12.02,Radovi na iskopavanju i uklanjanju zemlje,Excavating and earthmoving works,2025-01-01
43.13,Radovi na pokusnom bušenju i sondiranju terena za gradnju,Test drilling and boring works,2025-01-01
43.13.0,Radovi na pokusnom bušenju i sondiranju terena za gradnju,Test drilling and boring works,2025-01-01
43.13.00,Radovi na pokusnom bušenju i sondiranju terena za gradnju,Test drilling and boring works,2025-01-01
43.2,"Elektroinstalacijski, vodoinstalacijski i ostali građevinski instalacijski radovi","Electrical, plumbing and other construction installation works",2025-01-01
43.21,Elektroinstalacijski radovi,Electrical installation works,2025-01-01
43.21.0,Elektroinstalacijski radovi,Electrical installation works,2025-01-01
43.21.00,Elektroinstalacijski radovi,Electrical installation works,2025-01-01
43.22,"Radovi na uvođenju instalacija vodovoda, kanalizacije i plina te instalacija za grijanje i klimatizaciju","Plumbing, heat and air conditioning installation works",2025-01-01
43.22.1,"Radovi na uvođenju instalacija za vodovod i kanalizaciju (odvod), grijanje, ventilaciju i klimatizaciju","Water plumbing, drain laying, heating, ventilation and air conditioning installation works",2025-01-01
43.22.11,Radovi na uvođenju instalacija za vodovod i kanalizaciju (odvod),Water plumbing and drain laying works,2025-01-01
43.22.12,"Radovi na uvođenju instalacija za grijanje, ventilaciju i klimatizaciju","Heating, ventilation and air conditioning installation works",2025-01-01
43.22.2,Radovi na uvođenju instalacija za plin,Gas fitting installation works,2025-01-01
43.22.20,Radovi na uvođenju instalacija za plin,Gas fitting installation works,2025-01-01
43.23,Radovi na postavljanju izolacije i hidroizolacije,Installation works of insulation and waterproofing,2025-01-01
43.23.1,Radovi na postavljanju izolacije,Installation works of insulation,2025-01-01
43.23.10,Radovi na postavljanju izolacije,Installation works of insulation,2025-01-01
43.23.2,Radovi na hidroizolaciji,Waterproofing works,2025-01-01
43.23.20,Radovi na hidroizolaciji,Waterproofing works,2025-01-01
43.24,Ostali građevinski instalacijski radovi,Other construction installation works,2025-01-01
43.24.0,Ostali građevinski instalacijski radovi,Other construction installation works,2025-01-01
43.24.00,Ostali građevinski instalacijski radovi,Other construction installation works,2025-01-01
43.3,Završni građevinski radovi,Building completion and finishing works,2025-01-01
43.31,Fasadni i štukaturni radovi,Plastering works,2025-01-01
43.31.0,Fasadni i štukaturni radovi,Plastering works,2025-01-01
43.31.00,Fasadni i štukaturni radovi,Plastering works,2025-01-01
43.32,Radovi na ugradnji stolarije,Joinery installation works,2025-01-01
43.32.0,Radovi na ugradnji stolarije,Joinery installation works,2025-01-01
43.32.01,Radovi na ugradnji drvne stolarije,Wood joinery installation works,2025-01-01
43.32.02,Radovi na ugradnji metalne stolarije,Metal joinery installation works,2025-01-01
43.32.09,"Radovi na ugradnji stolarije, d. n.",Joinery installation works n.e.c.,2025-01-01
43.33,Radovi na postavljanju podnih i zidnih obloga,Floor and wall covering works,2025-01-01
43.33.1,"Radovi na postavljanju podnih i zidnih obloga od kamena, betonskih blokova, keramičkih pločica i ploča","Stone, concrete block, ceramic tile, slab floor and wall covering works",2025-01-01
43.33.10,"Radovi na postavljanju podnih i zidnih obloga od kamena, betonskih blokova, keramičkih pločica i ploča","Stone, concrete block, ceramic tile, slab floor and wall covering works",2025-01-01
43.33.2,Radovi na postavljanju parketa i ostalih drvenih podnih i zidnih obloga,Parquet and other wooden floor and wall covering works,2025-01-01
43.33.20,Radovi na postavljanju parketa i ostalih drvenih podnih i zidnih obloga,Parquet and other wooden floor and wall covering works,2025-01-01
43.33.9,"Radovi na postavljanju podnih i zidnih obloga, d. n.",Floor and wall covering works n.e.c.,2025-01-01
43.33.90,"Radovi na postavljanju podnih i zidnih obloga, d. n.",Floor and wall covering works n.e.c.,2025-01-01
43.34,Soboslikarski i staklarski radovi,Painting and glazing works,2025-01-01
43.34.1,Soboslikarski radovi,Painting works,2025-01-01
43.34.10,Soboslikarski radovi,Painting works,2025-01-01
43.34.2,Staklarski radovi,Glazing works,2025-01-01
43.34.20,Staklarski radovi,Glazing works,2025-01-01
43.35,Ostali završni građevinski radovi,Other building completion and finishing works,2025-01-01
43.35.0,Ostali završni građevinski radovi,Other building completion and finishing works,2025-01-01
43.35.01,Radovi na postavljanju ukrasnih elemenata,Ornamentation fitting works,2025-01-01
43.35.09,"Ostali završni građevinski radovi, d. n.",Other building completion and finishing works n.e.c.,2025-01-01
43.4,Specijalizirani građevinski radovi u gradnji zgrada,Specialised construction works in construction of buildings,2025-01-01
43.41,Radovi na krovištu i hidroizolaciji krovišta,Roofing works and roof waterproofing works,2025-01-01
43.41.0,Radovi na krovištu i hidroizolaciji krovišta,Roofing works and roof waterproofing works,2025-01-01
43.41.01,Radovi na podizanju krovnih konstrukcija,Roof framing works,2025-01-01
43.41.09,"Radovi na krovištu, d. n.",Roofing works n.e.c.,2025-01-01
43.42,Ostali specijalizirani građevinski radovi u gradnji zgrada,Other specialised construction works in construction of buildings,2025-01-01
43.42.1,Radovi na montaži čeličnih elemenata u gradnji zgrada; radovi na zabijanju stupova (pilona) i radovi na fundiranju u gradnji zgrada,Structural steel components erection works in construction of buildings; pile driving works and foundation works in construction of buildings,2025-01-01
43.42.11,Radovi na montaži čeličnih elemenata u gradnji zgrada,Structural steel components erection works in construction of buildings,2025-01-01
43.42.12,Radovi na zabijanju stupova (pilona) u gradnji zgrada,Pile driving works and foundation works in construction of buildings,2025-01-01
43.42.9,"Ostali specijalizirani građevinski radovi u gradnji zgrada, d. n.",Other specialised construction works in construction of buildings n.e.c.,2025-01-01
43.42.90,"Ostali specijalizirani građevinski radovi u gradnji zgrada, d. n.",Other specialised construction works in construction of buildings n.e.c.,2025-01-01
43.5,Specijalizirani građevinski radovi u niskogradnji,Specialised construction works in civil engineering,2025-01-01
43.50,Specijalizirani građevinski radovi u niskogradnji,Specialised construction works in civil engineering,2025-01-01
43.50.0,Specijalizirani građevinski radovi u niskogradnji,Specialised construction works in civil engineering,2025-01-01
43.50.01,Radovi na zabijanju stupova (pilona) i radovi na fundiranju u niskogradnji,Pile driving works and foundation works in construction of civil engineering structures,2025-01-01
43.50.02,Gradnja montažnih bazena,Construction of prefabricated swimming pools,2025-01-01
43.50.03,Ostali specijalizirani građevinski radovi u niskogradnji,Other specialised construction works in civil engineering,2025-01-01
43.6,Usluge posredovanja u pružanju specijaliziranih građevinskih usluga,Intermediation services of specialised construction services,2025-01-01
43.60,Usluge posredovanja u pružanju specijaliziranih građevinskih usluga,Intermediation services of specialised construction services,2025-01-01
43.60.0,Usluge posredovanja u pružanju specijaliziranih građevinskih usluga,Intermediation services of specialised construction services,2025-01-01
43.60.00,Usluge posredovanja u pružanju specijaliziranih građevinskih usluga,Intermediation services of specialised construction services,2025-01-01
43.9,Ostali specijalizirani građevinski radovi,Other specialised construction works,2025-01-01
43.91,Zidarski radovi,Masonry and bricklaying works,2025-01-01
43.91.0,Zidarski radovi,Masonry and bricklaying works,2025-01-01
43.91.00,Zidarski radovi,Masonry and bricklaying works,2025-01-01
43.99,"Ostali specijalizirani građevinski radovi, d. n.",Other specialised construction works n.e.c.,2025-01-01
43.99.1,Radovi na postavljanju skela,Scaffolding works,2025-01-01
43.99.10,Radovi na postavljanju skela,Scaffolding works,2025-01-01
43.99.2,Radovi na betoniranju,Concreting works,2025-01-01
43.99.20,Radovi na betoniranju,Concreting works,2025-01-01
43.99.3,Radovi na sastavljanju i podizanju montažnih građevina,Assembly and erection works of prefabricated constructions,2025-01-01
43.99.30,Radovi na sastavljanju i podizanju montažnih građevina,Assembly and erection works of prefabricated constructions,2025-01-01
43.99.4,"Usluge iznajmljivanja dizalica (kranova) i građevinskih strojeva s rukovateljem, d. n.",Rental services of cranes and construction machines with operator n.e.c.,2025-01-01
43.99.40,"Usluge iznajmljivanja dizalica (kranova) i građevinskih strojeva s rukovateljem, d. n.",Rental services of cranes and construction machines with operator n.e.c.,2025-01-01
43.99.9,"Specijalizirani građevinski radovi, d. n.",Specialised construction works n.e.c.,2025-01-01
43.99.90,"Specijalizirani građevinski radovi, d. n.",Specialised construction works n.e.c.,2025-01-01
G,USLUGE TRGOVINE NA VELIKO I NA MALO,WHOLESALE AND RETAIL TRADE SERVICES,2025-01-01
46,Usluge trgovine na veliko,Wholesale trade services,2025-01-01
46.1,Usluge trgovine na veliko uz naplatu ili na osnovi ugovora,Wholesale trade services on a fee or contract basis,2025-01-01
46.11,"Usluge trgovine na veliko, uz naplatu ili na osnovi ugovora, poljoprivrednim sirovinama, živim životinjama, tekstilnim sirovinama i poluproizvodima","Wholesale trade services on a fee or contract basis of agricultural raw materials, live animals, textile raw materials and semi-finished goods",2025-01-01
46.11.0,"Usluge trgovine na veliko, uz naplatu ili na osnovi ugovora, poljoprivrednim sirovinama, živim životinjama, tekstilnim sirovinama i poluproizvodima","Wholesale trade services on a fee or contract basis of agricultural raw materials, live animals, textile raw materials and semi-finished goods",2025-01-01
46.11.01,"Usluge trgovine na veliko, uz naplatu ili na osnovi ugovora, živim životinjama",Wholesale trade services on a fee or contract basis of live animals,2025-01-01
46.11.02,"Usluge trgovine na veliko, uz naplatu ili na osnovi ugovora, cvijećem i sadnicama",Wholesale trade services on a fee or contract basis of flowers and plants,2025-01-01
46.11.09,"Usluge trgovine na veliko, uz naplatu ili na osnovi ugovora, poljoprivrednim sirovinama, živim životinjama, tekstilnim sirovinama i poluproizvodima, d. n.","Wholesale trade services on a fee or contract basis of agricultural raw materials, live animals, textile raw materials and semi-finished goods n.e.c.",2025-01-01
46.12,"Usluge trgovine na veliko, uz naplatu ili na osnovi ugovora, gorivima, rudama, metalima i industrijskim kemikalijama","Wholesale trade services on a fee or contract basis of fuels, ores, metals and industrial chemicals",2025-01-01
46.12.0,"Usluge trgovine na veliko, uz naplatu ili na osnovi ugovora, gorivima, rudama, metalima i industrijskim kemikalijama","Wholesale trade services on a fee or contract basis of fuels, ores, metals and industrial chemicals",2025-01-01
46.12.01,"Usluge trgovine na veliko, uz naplatu ili na osnovi ugovora, krutim, tekućim i plinovitim gorivima i sličnim proizvodima","Wholesale trade services on a fee or contract basis of solid, liquid and gaseous fuels and related products",2025-01-01
46.12.02,"Usluge trgovine na veliko, uz naplatu ili na osnovi ugovora, metalnim rudama i metalima u izvornom obliku",Wholesale trade services on a fee or contract basis of metal ores and metal in primary forms,2025-01-01
46.12.03,"Usluge trgovine na veliko, uz naplatu ili na osnovi ugovora, industrijskim kemikalijama, gnojivima i agrokemijskim proizvodima","Wholesale trade services on a fee or contract basis of industrial chemicals, fertilisers and agrochemical products",2025-01-01
46.13,"Usluge trgovine na veliko, uz naplatu ili na osnovi ugovora, drvenom građom i građevinskim materijalima",Wholesale trade services on a fee or contract basis of timber and building materials,2025-01-01
46.13.0,"Usluge trgovine na veliko, uz naplatu ili na osnovi ugovora, drvenom građom i građevinskim materijalima",Wholesale trade services on a fee or contract basis of timber and building materials,2025-01-01
46.13.01,"Usluge trgovine na veliko, uz naplatu ili na osnovi ugovora, drvenom građom i proizvodima od drva",Wholesale trade services on a fee or contract basis of timber and products of timber,2025-01-01
46.13.02,"Usluge trgovine na veliko, uz naplatu ili na osnovi ugovora, građevinskim materijalima",Wholesale trade services on a fee or contract basis of building materials,2025-01-01
46.14,"Usluge trgovine na veliko, uz naplatu ili na osnovi ugovora, strojevima, industrijskom opremom, brodovima i zrakoplovima","Wholesale trade services on a fee or contract basis of machinery, industrial equipment, ships and aircraft",2025-01-01
46.14.0,"Usluge trgovine na veliko, uz naplatu ili na osnovi ugovora, strojevima, industrijskom opremom, brodovima i zrakoplovima","Wholesale trade services on a fee or contract basis of machinery, industrial equipment, ships and aircraft",2025-01-01
46.14.01,"Usluge trgovine na veliko, uz naplatu ili na osnovi ugovora, računalima, softverom, elektroničkom i telekomunikacijskom opremom te ostalom uredskom opremom","Wholesale trade services on a fee or contract basis of computers, software, electronic and telecommunication equipment and other office equipment",2025-01-01
46.14.02,"Usluge trgovine na veliko, uz naplatu ili na osnovi ugovora, brodovima, zrakoplovima i ostalom transportnom opremom","Wholesale trade services on a fee or contract basis of ships, aircraft and other transport equipment",2025-01-01
46.14.03,"Usluge trgovine na veliko, uz naplatu ili na osnovi ugovora, strojevima i industrijskom opremom",Wholesale trade services on a fee or contract basis of machinery and industrial equipment,2025-01-01
46.15,"Usluge trgovine na veliko, uz naplatu ili na osnovi ugovora, namještajem, proizvodima za kućanstvo i željeznom robom","Wholesale trade services on a fee or contract basis of furniture, household goods, hardware and ironmongery",2025-01-01
46.15.0,"Usluge trgovine na veliko, uz naplatu ili na osnovi ugovora, namještajem, proizvodima za kućanstvo i željeznom robom","Wholesale trade services on a fee or contract basis of furniture, household goods, hardware and ironmongery",2025-01-01
46.15.01,"Usluge trgovine na veliko, uz naplatu ili na osnovi ugovora, namještajem",Wholesale trade services on a fee or contract basis of furniture,2025-01-01
46.15.02,"Usluge trgovine na veliko, uz naplatu ili na osnovi ugovora, radiouređajima, televizorima i videoopremom","Wholesale trade services on a fee or contract basis of radio, television and video equipment",2025-01-01
46.15.03,"Usluge trgovine na veliko, uz naplatu ili na osnovi ugovora, željeznom robom i ručnim alatom","Wholesale trade services on a fee or contract basis of hardware, ironmongery and hand tools",2025-01-01
46.15.04,"Usluge trgovine na veliko, uz naplatu ili na osnovi ugovora, ostalim proizvodima za kućanstvo",Wholesale trade services on a fee or contract basis of other household goods,2025-01-01
46.16,"Usluge trgovine na veliko, uz naplatu ili na osnovi ugovora, tekstilom, odjećom, krznom, obućom i proizvodima od kože","Wholesale trade services on a fee or contract basis of textiles, clothing, fur, footwear and leather goods",2025-01-01
46.16.0,"Usluge trgovine na veliko, uz naplatu ili na osnovi ugovora, tekstilom, odjećom, krznom, obućom i proizvodima od kože","Wholesale trade services on a fee or contract basis of textiles, clothing, fur, footwear and leather goods",2025-01-01
46.16.01,"Usluge trgovine na veliko, uz naplatu ili na osnovi ugovora, tekstilom",Wholesale trade services on a fee or contract basis of textiles,2025-01-01
46.16.02,"Usluge trgovine na veliko, uz naplatu ili na osnovi ugovora, odjećom i krznom",Wholesale trade services on a fee or contract basis of clothing and fur,2025-01-01
46.16.03,"Usluge trgovine na veliko, uz naplatu ili na osnovi ugovora, obućom, proizvodima od kože i putnom opremom","Wholesale trade services on a fee or contract basis of footwear, leather goods and travel accessories",2025-01-01
46.17,"Usluge trgovine na veliko, uz naplatu ili na osnovi ugovora, hranom, pićima i duhanom","Wholesale trade services on a fee or contract basis of food, beverages and tobacco",2025-01-01
46.17.0,"Usluge trgovine na veliko, uz naplatu ili na osnovi ugovora, hranom, pićima i duhanom","Wholesale trade services on a fee or contract basis of food, beverages and tobacco",2025-01-01
46.17.01,"Usluge trgovine na veliko, uz naplatu ili na osnovi ugovora, hranom",Wholesale trade services on a fee or contract basis of food,2025-01-01
46.17.02,"Usluge trgovine na veliko, uz naplatu ili na osnovi ugovora, pićima",Wholesale trade services on a fee or contract basis of beverages,2025-01-01
46.17.03,"Usluge trgovine na veliko, uz naplatu ili na osnovi ugovora, duhanom",Wholesale trade services on a fee or contract basis of tobacco,2025-01-01
46.18,"Usluge trgovine na veliko, uz naplatu ili na osnovi ugovora, ostalim određenim proizvodima",Wholesale trade services on a fee or contract basis of other particular products,2025-01-01
46.18.1,"Usluge trgovine na veliko, uz naplatu ili na osnovi ugovora, motornim vozilima i motociklima te njihovim dijelovima i priborom","Wholesale trade services on a fee or contract basis of motor vehicles and motorcycles, and related parts and accessories",2025-01-01
46.18.11,"Usluge trgovine na veliko, uz naplatu ili na osnovi ugovora, automobilima i motornim vozilima lake kategorije",Wholesale trade services on a fee or contract basis of cars and light motor vehicles,2025-01-01
46.18.12,"Usluge trgovine na veliko, uz naplatu ili na osnovi ugovora, ostalim motornim vozilima",Wholesale trade services on a fee or contract basis of other motor vehicles,2025-01-01
46.18.13,"Usluge trgovine na veliko, uz naplatu ili na osnovi ugovora, dijelovima i priborom za motorna vozila",Wholesale trade services on a fee or contract basis of motor vehicle parts and accessories,2025-01-01
46.18.14,"Usluge trgovine na veliko, uz naplatu ili na osnovi ugovora, motociklima, dijelovima i priborom za motocikle",Wholesale trade services on a fee or contract basis of motorcycles and related parts and accessories,2025-01-01
46.18.2,"Usluge trgovine na veliko, uz naplatu ili na osnovi ugovora, ostalim određenim proizvodima, d. n.",Wholesale trade services on a fee or contract basis of other particular products n.e.c.,2025-01-01
46.18.21,"Usluge trgovine na veliko, uz naplatu ili na osnovi ugovora, farmaceutskim i medicinskim proizvodima, toaletnim proizvodima i proizvodima za čišćenje","Wholesale trade services on a fee or contract basis of pharmaceutical and medical goods, perfumery and toilet articles and cleaning materials",2025-01-01
46.18.22,"Usluge trgovine na veliko, uz naplatu ili na osnovi ugovora, igračkama, sportskom opremom, biciklima, knjigama, novinama, časopisima, papirnatom robom i pisaćim priborom, glazbenim instrumentima, satovima, nakitom te fotografskom i optičkom opremom","Wholesale trade services on a fee or contract basis of games and toys, sports goods, bicycles, books, newspapers, magazines and stationery, musical instruments, watches, clocks and jewellery, photographic and optical equipment",2025-01-01
46.19,"Usluge trgovine na veliko, uz naplatu ili na osnovi ugovora, nespecijaliziranim proizvodima",Wholesale trade services on a fee or contract basis of non-specialised goods,2025-01-01
46.19.0,"Usluge trgovine na veliko, uz naplatu ili na osnovi ugovora, nespecijaliziranim proizvodima",Wholesale trade services on a fee or contract basis of non-specialised goods,2025-01-01
46.19.00,"Usluge trgovine na veliko, uz naplatu ili na osnovi ugovora, nespecijaliziranim proizvodima",Wholesale trade services on a fee or contract basis of non-specialised goods,2025-01-01
46.2,Usluge trgovine na veliko poljoprivrednim sirovinama i živim životinjama,Wholesale trade services of agricultural raw materials and live animals,2025-01-01
46.21,"Usluge trgovine na veliko žitaricama, neprerađenim duhanom, sjemenjem i stočnom hranom","Wholesale trade services of grain, unmanufactured tobacco, seeds and animal feeds",2025-01-01
46.21.1,"Usluge trgovine na veliko žitaricama, sjemenjem i stočnom hranom","Wholesale trade services of grain, seeds and animal feeds",2025-01-01
46.21.11,Usluge trgovine na veliko žitaricama,Wholesale trade services of grain,2025-01-01
46.21.12,"Usluge trgovine na veliko sjemenjem, osim uljanog sjemenja","Wholesale trade services of seeds, other than oil seeds",2025-01-01
46.21.13,Usluge trgovine na veliko uljanim sjemenjem i plodovima,Wholesale trade services of oil seeds and oleaginous fruits,2025-01-01
46.21.14,Usluge trgovine na veliko stočnom hranom,Wholesale trade services of animal feeds,2025-01-01
46.21.2,Usluge trgovine na veliko neprerađenim duhanom,Wholesale trade services of unmanufactured tobacco,2025-01-01
46.21.20,Usluge trgovine na veliko neprerađenim duhanom,Wholesale trade services of unmanufactured tobacco,2025-01-01
46.22,Usluge trgovine na veliko cvijećem i sadnicama,Wholesale trade services of flowers and plants,2025-01-01
46.22.0,Usluge trgovine na veliko cvijećem i sadnicama,Wholesale trade services of flowers and plants,2025-01-01
46.22.00,Usluge trgovine na veliko cvijećem i sadnicama,Wholesale trade services of flowers and plants,2025-01-01
46.23,Usluge trgovine na veliko živim životinjama,Wholesale trade services of live animals,2025-01-01
46.23.0,Usluge trgovine na veliko živim životinjama,Wholesale trade services of live animals,2025-01-01
46.23.00,Usluge trgovine na veliko živim životinjama,Wholesale trade services of live animals,2025-01-01
46.24,Usluge trgovine na veliko sirovim i štavljenim kožama,"Wholesale trade services of hides, skins and leather",2025-01-01
46.24.0,Usluge trgovine na veliko sirovim i štavljenim kožama,"Wholesale trade services of hides, skins and leather",2025-01-01
46.24.00,Usluge trgovine na veliko sirovim i štavljenim kožama,"Wholesale trade services of hides, skins and leather",2025-01-01
46.3,"Usluge trgovine na veliko hranom, pićima i duhanom","Wholesale trade services of food, beverages and tobacco",2025-01-01
46.31,Usluge trgovine na veliko voćem i povrćem,Wholesale trade services of fruit and vegetables,2025-01-01
46.31.0,Usluge trgovine na veliko voćem i povrćem,Wholesale trade services of fruit and vegetables,2025-01-01
46.31.01,Usluge trgovine na veliko svježim voćem i povrćem,Wholesale trade services of fresh fruit and vegetables,2025-01-01
46.31.02,Usluge trgovine na veliko prerađenim voćem i povrćem,Wholesale trade services of processed fruit and vegetables,2025-01-01
46.32,"Usluge trgovine na veliko mesom, mesnim proizvodima, ribom i ribljim proizvodima","Wholesale trade services of meat, meat products, fish and fish products",2025-01-01
46.32.0,"Usluge trgovine na veliko mesom, mesnim proizvodima, ribom i ribljim proizvodima","Wholesale trade services of meat, meat products, fish and fish products",2025-01-01
46.32.01,"Usluge trgovine na veliko mesom, uključujući perad","Wholesale trade services of meat, including poultry",2025-01-01
46.32.02,"Usluge trgovine na veliko mesnim proizvodima, uključujući proizvode od peradi","Wholesale trade services of meat products, including poultry products",2025-01-01
46.32.03,"Usluge trgovine na veliko ribom, rakovima i mekušcima","Wholesale trade services of fish, crustaceans and molluscs",2025-01-01
46.33,"Usluge trgovine na veliko mlijekom i mliječnim proizvodima, jajima, jestivim uljima i mastima","Wholesale trade services of dairy products, eggs and edible oils and fats",2025-01-01
46.33.0,"Usluge trgovine na veliko mlijekom i mliječnim proizvodima, jajima, jestivim uljima i mastima","Wholesale trade services of dairy products, eggs and edible oils and fats",2025-01-01
46.33.01,Usluge trgovine na veliko mlijekom i mliječnim proizvodima,Wholesale trade services of dairy products,2025-01-01
46.33.02,Usluge trgovine na veliko jajima,Wholesale trade services of eggs,2025-01-01
46.33.03,Usluge trgovine na veliko jestivim uljima i mastima,Wholesale trade services of edible oils and fats,2025-01-01
46.34,Usluge trgovine na veliko pićima,Wholesale trade services of beverages,2025-01-01
46.34.0,Usluge trgovine na veliko pićima,Wholesale trade services of beverages,2025-01-01
46.34.01,"Usluge trgovine na veliko voćnim sokovima, mineralnom vodom, osvježavajućim napicima i ostalim bezalkoholnim pićima","Wholesale trade services of juices, mineral waters, soft drinks and other non-alcoholic beverages",2025-01-01
46.34.02,Usluge trgovine na veliko alkoholnim pićima,Wholesale trade services of alcoholic beverages,2025-01-01
46.35,Usluge trgovine na veliko duhanskim proizvodima,Wholesale trade services of tobacco products,2025-01-01
46.35.0,Usluge trgovine na veliko duhanskim proizvodima,Wholesale trade services of tobacco products,2025-01-01
46.35.00,Usluge trgovine na veliko duhanskim proizvodima,Wholesale trade services of tobacco products,2025-01-01
46.36,"Usluge trgovine na veliko šećerom, čokoladom i proizvodima od šećera","Wholesale trade services of sugar, chocolate and sugar confectionery",2025-01-01
46.36.0,"Usluge trgovine na veliko šećerom, čokoladom i proizvodima od šećera","Wholesale trade services of sugar, chocolate and sugar confectionery",2025-01-01
46.36.01,Usluge trgovine na veliko šećerom,Wholesale trade services of sugar,2025-01-01
46.36.02,Usluge trgovine na veliko pekarskim proizvodima,Wholesale trade services of bakery products,2025-01-01
46.36.03,Usluge trgovine na veliko čokoladom i proizvodima od šećera,Wholesale trade services of chocolate and sugar confectionery,2025-01-01
46.37,"Usluge trgovine na veliko kavom, čajem, kakaom i začinima","Wholesale trade services of coffee, tea, cocoa and spices",2025-01-01
46.37.0,"Usluge trgovine na veliko kavom, čajem, kakaom i začinima","Wholesale trade services of coffee, tea, cocoa and spices",2025-01-01
46.37.00,"Usluge trgovine na veliko kavom, čajem, kakaom i začinima","Wholesale trade services of coffee, tea, cocoa and spices",2025-01-01
46.38,Usluge trgovine na veliko ostalom hranom,Wholesale trade services of other food products,2025-01-01
46.38.0,Usluge trgovine na veliko ostalom hranom,Wholesale trade services of other food products,2025-01-01
46.38.01,Usluge trgovine na veliko homogeniziranom i dijetetskom hranom,Wholesale trade services of homogenised food preparations and dietetic food,2025-01-01
46.38.09,"Usluge trgovine na veliko ostalom hranom, d. n.",Wholesale trade services of other food products n.e.c.,2025-01-01
46.39,"Usluge nespecijalizirane trgovine na veliko hranom, pićima i duhanom","Non-specialised wholesale trade services of food, beverages and tobacco",2025-01-01
46.39.0,"Usluge nespecijalizirane trgovine na veliko hranom, pićima i duhanom","Non-specialised wholesale trade services of food, beverages and tobacco",2025-01-01
46.39.01,Usluge nespecijalizirane trgovine na veliko zamrznutom hranom,"Wholesale trade services of frozen food, non-specialised",2025-01-01
46.39.02,"Usluge nespecijalizirane trgovine na veliko nezamrznutom hranom, pićima i duhanom","Wholesale trade services of food, not frozen, beverages and tobacco, non-specialised",2025-01-01
46.4,Usluge trgovine na veliko proizvodima za kućanstvo,Wholesale trade services of household goods,2025-01-01
46.41,Usluge trgovine na veliko tekstilom,Wholesale trade services of textiles,2025-01-01
46.41.0,Usluge trgovine na veliko tekstilom,Wholesale trade services of textiles,2025-01-01
46.41.01,Usluge trgovine na veliko pređom,Wholesale trade services of yarn,2025-01-01
46.41.02,Usluge trgovine na veliko tkaninama,Wholesale trade services of fabrics,2025-01-01
46.41.03,"Usluge trgovine na veliko posteljinom, zavjesama i različitim drugim tekstilnim predmetima za kućanstvo","Wholesale trade services of household linens, curtains and diverse household articles of textile materials",2025-01-01
46.41.04,Usluge trgovine na veliko pozamanterijom,Wholesale trade services of haberdashery,2025-01-01
46.42,Usluge trgovine na veliko odjećom i obućom,Wholesale trade services of clothing and footwear,2025-01-01
46.42.0,Usluge trgovine na veliko odjećom i obućom,Wholesale trade services of clothing and footwear,2025-01-01
46.42.01,Usluge trgovine na veliko odjećom,Wholesale trade services of clothing,2025-01-01
46.42.02,Usluge trgovine na veliko obućom,Wholesale trade services of footwear,2025-01-01
46.43,Usluge trgovine na veliko električnim aparatima za kućanstvo,Wholesale trade services of electrical household appliances,2025-01-01
46.43.0,Usluge trgovine na veliko električnim aparatima za kućanstvo,Wholesale trade services of electrical household appliances,2025-01-01
46.43.01,"Usluge trgovine na veliko radiouređajima, televizorima, videouređajima","Wholesale trade services of radio, television, video playing equipment",2025-01-01
46.43.02,Usluge trgovine na veliko fotografskom i optičkom opremom,Wholesale trade services of photographic and optical goods,2025-01-01
46.43.03,"Usluge trgovine na veliko opremom za grijanje, ventilaciju i klimatizaciju za uporabu u kućanstvu","Wholesale trade services of heating, ventilation and air conditioning equipment for domestic use",2025-01-01
46.43.04,Usluge trgovine na veliko ostalim električnim aparatima za kućanstvo,Wholesale trade services of other electrical household appliances,2025-01-01
46.44,"Usluge trgovine na veliko porculanom, staklom i proizvodima za čišćenje",Wholesale trade services of china and glassware and cleaning materials,2025-01-01
46.44.0,"Usluge trgovine na veliko porculanom, staklom i proizvodima za čišćenje",Wholesale trade services of china and glassware and cleaning materials,2025-01-01
46.44.01,"Usluge trgovine na veliko staklom, porculanom i lončarskim proizvodima","Wholesale trade services of glassware, china and pottery",2025-01-01
46.44.02,Usluge trgovine na veliko proizvodima za čišćenje,Wholesale trade services of cleaning materials,2025-01-01
46.45,Usluge trgovine na veliko parfemima i kozmetikom,Wholesale trade services of perfume and cosmetics,2025-01-01
46.45.0,Usluge trgovine na veliko parfemima i kozmetikom,Wholesale trade services of perfume and cosmetics,2025-01-01
46.45.00,Usluge trgovine na veliko parfemima i kozmetikom,Wholesale trade services of perfume and cosmetics,2025-01-01
46.46,Usluge trgovine na veliko farmaceutskim i medicinskim proizvodima,Wholesale trade services of pharmaceutical and medical goods,2025-01-01
46.46.0,Usluge trgovine na veliko farmaceutskim i medicinskim proizvodima,Wholesale trade services of pharmaceutical and medical goods,2025-01-01
46.46.01,Usluge trgovine na veliko osnovnim farmaceutskim proizvodima i farmaceutskim pripravcima,Wholesale trade services of basic pharmaceutical products and pharmaceutical preparations,2025-01-01
46.46.02,"Usluge trgovine na veliko kirurškim, medicinskim i ortopedskim instrumentima i uređajima","Wholesale trade services of surgical, medical and orthopaedic instruments and devices",2025-01-01
46.47,"Usluge trgovine na veliko namještajem za kućanstva, urede i trgovine, sagovima i opremom za rasvjetu","Wholesale trade services of household, office and shop furniture, carpets and lighting equipment",2025-01-01
46.47.1,"Usluge trgovine na veliko namještajem za kućanstva, sagovima i opremom za rasvjetu","Wholesale trade services of household furniture, carpets and lighting equipment",2025-01-01
46.47.11,Usluge trgovine na veliko namještajem za kućanstvo,Wholesale trade services of household furniture,2025-01-01
46.47.12,Usluge trgovine na veliko opremom za rasvjetu,Wholesale trade services of lighting equipment,2025-01-01
46.47.13,Usluge trgovine na veliko tepisima i sagovima,Wholesale trade services of carpets and rugs,2025-01-01
46.47.2,Usluge trgovine na veliko namještajem za urede i trgovine,Wholesale trade services of office and shop furniture,2025-01-01
46.47.20,Usluge trgovine na veliko namještajem za urede i trgovine,Wholesale trade services of office and shop furniture,2025-01-01
46.48,Usluge trgovine na veliko satovima i nakitom,Wholesale trade services of watches and jewellery,2025-01-01
46.48.0,Usluge trgovine na veliko satovima i nakitom,Wholesale trade services of watches and jewellery,2025-01-01
46.48.00,Usluge trgovine na veliko satovima i nakitom,Wholesale trade services of watches and jewellery,2025-01-01
46.49,Usluge trgovine na veliko ostalim proizvodima za kućanstvo,Wholesale trade services of other household goods,2025-01-01
46.49.1,"Usluge trgovine na veliko priborom za jelo i metalnim proizvodima za kućanstvo, pletarskim i plutenim proizvodima te ostalim proizvodima za kućanstvo","Wholesale trade services of cutlery and domestic metal ware, wickerwork, cork goods and other household articles",2025-01-01
46.49.11,Usluge trgovine na veliko priborom za jelo i metalnim proizvodima za kućanstvo,Wholesale trade services of cutlery and domestic metal ware,2025-01-01
46.49.12,"Usluge trgovine na veliko pletarskim, plutenim, bačvarskim i drugim drvenim proizvodima","Wholesale trade services of wickerwork, cork goods, cooper's ware and other wooden ware",2025-01-01
46.49.13,Usluge trgovine na veliko snimljenim zvučnim zapisima i videozapisima,Wholesale trade services of recorded sound and video media,2025-01-01
46.49.19,"Usluge trgovine na veliko priborom za jelo i metalnim proizvodima za kućanstvo, pletarskim i plutenim proizvodima te ostalim proizvodima za kućanstvo, d. n.","Wholesale trade services of cutlery and domestic metal ware, wickerwork, cork goods and other household articles n.e.c.",2025-01-01
46.49.2,"Usluge trgovine na veliko knjigama, časopisima i priborom za pisanje","Wholesale trade services of books, magazines and stationery",2025-01-01
46.49.21,Usluge trgovine na veliko knjigama,Wholesale trade services of books,2025-01-01
46.49.22,Usluge trgovine na veliko časopisima i novinama,Wholesale trade services of magazines and newspapers,2025-01-01
46.49.23,Usluge trgovine na veliko priborom za pisanje,Wholesale trade services of stationery,2025-01-01
46.49.3,Usluge trgovine na veliko ostalim proizvodima široke potrošnje,Wholesale trade services of other consumer goods,2025-01-01
46.49.31,Usluge trgovine na veliko glazbenim instrumentima,Wholesale trade services of musical instruments,2025-01-01
46.49.32,Usluge trgovine na veliko igrama i igračkama,Wholesale trade services of games and toys,2025-01-01
46.49.33,Usluge trgovine na veliko sportskom opremom,Wholesale trade services of sports goods,2025-01-01
46.49.34,Usluge trgovine na veliko biciklima i električnim biciklima,Wholesale trade services of bicycles and electric bicycles,2025-01-01
46.49.35,Usluge trgovine na veliko proizvodima od kože i putnom opremom,Wholesale trade services of leather goods and travel accessories,2025-01-01
46.49.36,Usluge trgovine na veliko poštanskim markama i kovanicama,Wholesale trade services of stamps and coins,2025-01-01
46.49.37,Usluge trgovine na veliko suvenirima i umjetninama,Wholesale trade services of souvenirs and arts,2025-01-01
46.49.39,"Usluge trgovine na veliko ostalim proizvodima široke potrošnje, d. n.",Wholesale trade services of other consumer goods n.e.c.,2025-01-01
46.5,Usluge trgovine na veliko informacijsko-komunikacijskom opremom,Wholesale trade services of information and communication equipment,2025-01-01
46.50,Usluge trgovine na veliko informacijsko-komunikacijskom opremom,Wholesale trade services of information and communication equipment,2025-01-01
46.50.1,"Usluge trgovine na veliko računalima, perifernom opremom i softverom","Wholesale trade services of computers, computer peripheral equipment and software",2025-01-01
46.50.10,"Usluge trgovine na veliko računalima, perifernom opremom i softverom","Wholesale trade services of computers, computer peripheral equipment and software",2025-01-01
46.50.2,Usluge trgovine na veliko elektroničkom i telekomunikacijskom opremom i dijelovima,Wholesale trade services of electronic and telecommunication equipment and parts,2025-01-01
46.50.21,Usluge trgovine na veliko telekomunikacijskom opremom i dijelovima,Wholesale trade services of telecommunication equipment and parts,2025-01-01
46.50.22,Usluge trgovine na veliko elektroničkom opremom i dijelovima,Wholesale trade services of electronic equipment and parts,2025-01-01
46.50.23,Usluge trgovine na veliko nosačima zvuka i slike,Wholesale trade services of recordable sound and video media,2025-01-01
46.50.3,Usluge trgovine na veliko ostalim uredskim strojevima i opremom,Wholesale trade services of other office machinery and equipment,2025-01-01
46.50.30,Usluge trgovine na veliko ostalim uredskim strojevima i opremom,Wholesale trade services of other office machinery and equipment,2025-01-01
46.6,"Usluge trgovine na veliko ostalim strojevima, opremom i priborom","Wholesale trade services of other machinery, equipment and supplies",2025-01-01
46.61,"Usluge trgovine na veliko poljoprivrednim strojevima, opremom i priborom","Wholesale trade services of agricultural machinery, equipment and supplies",2025-01-01
46.61.0,"Usluge trgovine na veliko poljoprivrednim strojevima, opremom i priborom","Wholesale trade services of agricultural machinery, equipment and supplies",2025-01-01
46.61.01,"Usluge trgovine na veliko poljoprivrednim i šumarskim strojevima, opremom i priborom, uključujući traktore","Wholesale trade services of agricultural and forestry machinery, equipment and supplies, including tractors",2025-01-01
46.61.02,"Usluge trgovine na veliko vrtlarskim strojevima, opremom i priborom","Wholesale trade services of lawn and garden machinery, equipment and supplies",2025-01-01
46.62,Usluge trgovine na veliko alatnim strojevima,Wholesale trade services of machine tools,2025-01-01
46.62.0,Usluge trgovine na veliko alatnim strojevima,Wholesale trade services of machine tools,2025-01-01
46.62.01,Usluge trgovine na veliko alatnim strojevima za obradu drva,Wholesale trade services of machine tools for working wood,2025-01-01
46.62.02,Usluge trgovine na veliko alatnim strojevima za obradu metala,Wholesale trade services of machine tools for working metal,2025-01-01
46.62.03,Usluge trgovine na veliko alatnim strojevima za obradu ostalih materijala,Wholesale trade services of machine tools for working other materials,2025-01-01
46.63,Usluge trgovine na veliko strojevima za rudarstvo i građevinarstvo,"Wholesale trade services of mining, construction and civil engineering machinery",2025-01-01
46.63.0,Usluge trgovine na veliko strojevima za rudarstvo i građevinarstvo,"Wholesale trade services of mining, construction and civil engineering machinery",2025-01-01
46.63.00,Usluge trgovine na veliko strojevima za rudarstvo i građevinarstvo,"Wholesale trade services of mining, construction and civil engineering machinery",2025-01-01
46.64,Usluge trgovine na veliko ostalim strojevima i opremom,Wholesale trade services of other machinery and equipment,2025-01-01
46.64.0,Usluge trgovine na veliko ostalim strojevima i opremom,Wholesale trade services of other machinery and equipment,2025-01-01
46.64.01,"Usluge trgovine na veliko transportnom opremom, osim motornim vozilima, motociklima i biciklima","Wholesale trade services of transport equipment other than motor vehicles, motorcycles and bicycles",2025-01-01
46.64.02,Usluge trgovine na veliko priborom za strojeve i opremu,Wholesale trade services of machinery and equipment related supplies,2025-01-01
46.64.03,Usluge trgovine na veliko opremom za dizanje i prenošenje,Wholesale trade services of lifting and handling equipment,2025-01-01
46.64.04,"Usluge trgovine na veliko strojevima za industriju hrane, pića i duhana","Wholesale trade services of machinery for the food, beverages and tobacco industry",2025-01-01
46.64.05,Usluge trgovine na veliko strojevima za tekstilnu industriju te strojevima za šivanje i pletenje,Wholesale trade services of machinery for the textile industry and of sewing and knitting machines,2025-01-01
46.64.06,"Usluge trgovine na veliko profesionalnim električnim strojevima, aparatima i materijalima","Wholesale trade services of professional electrical machinery, apparatus and materials",2025-01-01
46.64.07,Usluge trgovine na veliko oružjem i streljivom,Wholesale trade services of weapons and ammunitions,2025-01-01
46.64.08,"Usluge trgovine na veliko ostalim strojevima, uređajima i opremom za opće i posebne namjene","Wholesale trade services of other general and special-purpose machinery, apparatus and equipment",2025-01-01
46.7,"Usluge trgovine na veliko motornim vozilima, motociklima te njihovim dijelovima i priborom","Wholesale trade services of motor vehicles, motorcycles and related parts and accessories",2025-01-01
46.71,Usluge trgovine na veliko motornim vozilima,Wholesale trade services of motor vehicles,2025-01-01
46.71.1,Usluge trgovine na veliko automobilima i motornim vozilima lake kategorije,Wholesale trade services of cars and light motor vehicles,2025-01-01
46.71.11,Usluge trgovine na veliko putničkim motornim vozilima,Wholesale trade services of passenger motor vehicles,2025-01-01
46.71.12,Usluge trgovine na veliko specijaliziranim putničkim motornim vozilima lake kategorije,Wholesale trade services of specialised passenger light motor vehicles,2025-01-01
46.71.2,Usluge trgovine na veliko ostalim motornim vozilima,Wholesale trade services of other motor vehicles,2025-01-01
46.71.21,"Usluge trgovine na veliko kamionima, prikolicama, poluprikolicama i autobusima","Wholesale trade services of lorries, trucks, trailers, semi-trailers and buses",2025-01-01
46.71.22,Usluge trgovine na veliko vozilima za kampiranje kao što su kamp-kućice i kamperi,Wholesale trade services of camping vehicles such as caravans and motorhomes,2025-01-01
46.72,Usluge trgovine na veliko dijelovima i priborom za motorna vozila,Wholesale trade services of motor vehicle parts and accessories,2025-01-01
46.72.0,Usluge trgovine na veliko dijelovima i priborom za motorna vozila,Wholesale trade services of motor vehicle parts and accessories,2025-01-01
46.72.01,Usluge trgovine na veliko autogumama i unutarnjim gumama za autogume,Wholesale trade services of rubber tyres and inner tubes for tyres,2025-01-01
46.72.02,Usluge trgovine na veliko ostalim dijelovima i priborom za motorna vozila,Wholesale trade services of other motor vehicle parts and accessories,2025-01-01
46.73,Usluge trgovine na veliko motociklima te dijelovima i priborom za motocikle,"Wholesale trade services of motorcycles, motorcycle parts and accessories",2025-01-01
46.73.0,Usluge trgovine na veliko motociklima te dijelovima i priborom za motocikle,"Wholesale trade services of motorcycles, motorcycle parts and accessories",2025-01-01
46.73.00,Usluge trgovine na veliko motociklima te dijelovima i priborom za motocikle,"Wholesale trade services of motorcycles, motorcycle parts and accessories",2025-01-01
46.8,Ostale usluge specijalizirane trgovine na veliko,Other specialised wholesale trade services,2025-01-01
46.81,"Usluge trgovine na veliko krutim, tekućim i plinovitim gorivima te srodnim proizvodima","Wholesale trade services of solid, liquid and gaseous fuels and related products",2025-01-01
46.81.0,"Usluge trgovine na veliko krutim, tekućim i plinovitim gorivima te srodnim proizvodima","Wholesale trade services of solid, liquid and gaseous fuels and related products",2025-01-01
46.81.01,Usluge trgovine na veliko krutim gorivima,Wholesale trade services of solid fuels,2025-01-01
46.81.02,"Usluge trgovine na veliko motornim gorivima, uključujući gorivo za zrakoplove","Wholesale trade services of motor spirit, including aviation spirit",2025-01-01
46.81.03,Usluge trgovine na veliko ostalim tekućim i plinovitim gorivima te srodnim proizvodima,Wholesale trade services of other liquid and gaseous fuels and related products,2025-01-01
46.82,Usluge trgovine na veliko metalima i metalnim rudama,Wholesale trade services of metals and metal ores,2025-01-01
46.82.0,Usluge trgovine na veliko metalima i metalnim rudama,Wholesale trade services of metals and metal ores,2025-01-01
46.82.01,Usluge trgovine na veliko željeznim rudama,Wholesale trade services of iron ores,2025-01-01
46.82.02,Usluge trgovine na veliko neželjeznim rudama,Wholesale trade services of non-iron ores,2025-01-01
46.82.03,Usluge trgovine na veliko željezom i čelikom u primarnim oblicima,Wholesale trade services of iron and steel in primary forms,2025-01-01
46.82.04,Usluge trgovine na veliko neželjeznim metalima u primarnim oblicima,Wholesale trade services of non-iron metals in primary forms,2025-01-01
46.83,"Usluge trgovine na veliko drvom, građevinskim materijalima i sanitarnom opremom","Wholesale trade services of wood, construction materials and sanitary equipment",2025-01-01
46.83.0,"Usluge trgovine na veliko drvom, građevinskim materijalima i sanitarnom opremom","Wholesale trade services of wood, construction materials and sanitary equipment",2025-01-01
46.83.01,Usluge trgovine na veliko grubo obrađenim drvom,Wholesale trade services of wood in the rough,2025-01-01
46.83.02,Usluge trgovine na veliko proizvodima primarne prerade drva,Wholesale trade services of products of primary processing of wood,2025-01-01
46.83.03,Usluge trgovine na veliko sanitarnom opremom,Wholesale trade services of sanitary equipment,2025-01-01
46.83.04,Usluge trgovine na veliko bojama i lakovima,"Wholesale trade services of paints, varnishes and lacquers",2025-01-01
46.83.05,Usluge trgovine na veliko ravnim staklom,Wholesale trade services of flat glass,2025-01-01
46.83.06,Usluge trgovine na veliko građevinskim materijalom,Wholesale trade services of other construction material,2025-01-01
46.83.07,"Usluge trgovine na veliko vratima i prozorima, od bilo kojeg materijala","Wholesale trade services of doors and windows, of any material",2025-01-01
46.83.08,Usluge trgovine na veliko tapetama,Wholesale trade services of wallpaper,2025-01-01
46.83.09,Usluge trgovine na veliko podnim oblogama,Wholesale trade services of floor coverings,2025-01-01
46.84,"Usluge trgovine na veliko željeznom robom, instalacijskim materijalom i opremom za vodovod i grijanje","Wholesale trade services of hardware, plumbing and heating equipment and supplies",2025-01-01
46.84.0,"Usluge trgovine na veliko željeznom robom, instalacijskim materijalom i opremom za vodovod i grijanje","Wholesale trade services of hardware, plumbing and heating equipment and supplies",2025-01-01
46.84.01,Usluge trgovine na veliko željeznom robom,Wholesale trade services of hardware,2025-01-01
46.84.02,Usluge trgovine na veliko instalacijskim materijalom i opremom za vodovod i grijanje,Wholesale trade services of plumbing and heating equipment and supplies,2025-01-01
46.84.03,Usluge trgovine na veliko ručnim alatom,Wholesale trade services of hand tools,2025-01-01
46.85,Usluge trgovine na veliko kemijskim proizvodima,Wholesale trade services of chemical products,2025-01-01
46.85.0,Usluge trgovine na veliko kemijskim proizvodima,Wholesale trade services of chemical products,2025-01-01
46.85.01,Usluge trgovine na veliko gnojivima i agrokemijskim proizvodima,Wholesale trade services of fertilisers and agrochemical products,2025-01-01
46.85.02,Usluge trgovine na veliko industrijskim kemikalijama,Wholesale trade services of industrial chemicals,2025-01-01
46.86,Usluge trgovine na veliko ostalim poluproizvodima,Wholesale trade services of other intermediate products,2025-01-01
46.86.0,Usluge trgovine na veliko ostalim poluproizvodima,Wholesale trade services of other intermediate products,2025-01-01
46.86.01,Usluge trgovine na veliko papirom i kartonom,Wholesale trade services of paper and paperboard,2025-01-01
46.86.02,Usluge trgovine na veliko tekstilnim vlaknima,Wholesale trade services of textile fibres,2025-01-01
46.86.03,Usluge trgovine na veliko plastikom i gumom u primarnim oblicima,Wholesale trade services of plastics and rubber in primary forms,2025-01-01
46.86.09,"Usluge trgovine na veliko ostalim poluproizvodima, d. n.",Wholesale trade services of other intermediate products n.e.c.,2025-01-01
46.87,Usluge trgovine na veliko ostacima i otpacima,Wholesale trade services of waste and scrap,2025-01-01
46.87.0,Usluge trgovine na veliko ostacima i otpacima,Wholesale trade services of waste and scrap,2025-01-01
46.87.00,Usluge trgovine na veliko ostacima i otpacima,Wholesale trade services of waste and scrap,2025-01-01
46.89,"Ostale usluge specijalizirane trgovine na veliko, d. n.",Other specialised wholesale trade services n.e.c.,2025-01-01
46.89.0,"Ostale usluge specijalizirane trgovine na veliko, d. n.",Other specialised wholesale trade services n.e.c.,2025-01-01
46.89.00,"Ostale usluge specijalizirane trgovine na veliko, d. n.",Other specialised wholesale trade services n.e.c.,2025-01-01
46.9,Nespecijalizirane usluge trgovine na veliko,Non-specialised wholesale trade services,2025-01-01
46.90,Nespecijalizirane usluge trgovine na veliko,Non-specialised wholesale trade services,2025-01-01
46.90.0,Nespecijalizirane usluge trgovine na veliko,Non-specialised wholesale trade services,2025-01-01
46.90.00,Nespecijalizirane usluge trgovine na veliko,Non-specialised wholesale trade services,2025-01-01
47,Usluge trgovine na malo,Retail sale services,2025-01-01
47.2,"Usluge trgovine na malo hranom, pićima i duhanskim proizvodima","Retail sale services of food, beverages and tobacco",2025-01-01
47.21,Usluge trgovine na malo voćem i povrćem,Retail sale services of fruit and vegetables,2025-01-01
47.21.0,Usluge trgovine na malo voćem i povrćem,Retail sale services of fruit and vegetables,2025-01-01
47.21.01,Usluge trgovine na malo svježim voćem i povrćem,Retail sale services of fresh fruit and vegetables,2025-01-01
47.21.02,Usluge trgovine na malo prerađenim voćem i povrćem,Retail sale services of processed fruit and vegetables,2025-01-01
47.22,Usluge trgovine na malo mesom i mesnim proizvodima,Retail sale services of meat and meat products,2025-01-01
47.22.0,Usluge trgovine na malo mesom i mesnim proizvodima,Retail sale services of meat and meat products,2025-01-01
47.22.01,Usluge trgovine na malo mesom,Retail sale services of meat,2025-01-01
47.22.02,Usluge trgovine na malo mesnim proizvodima,Retail sale services of meat products,2025-01-01
47.23,"Usluge trgovine na malo ribama, rakovima i mekušcima","Retail sale services of fish, crustaceans and molluscs",2025-01-01
47.23.0,"Usluge trgovine na malo ribama, rakovima i mekušcima","Retail sale services of fish, crustaceans and molluscs",2025-01-01
47.23.00,"Usluge trgovine na malo ribama, rakovima i mekušcima","Retail sale services of fish, crustaceans and molluscs",2025-01-01
47.24,"Usluge trgovine na malo kruhom, kolačima i slatkim proizvodima","Retail sale services of bread, cake and confectionery",2025-01-01
47.24.0,"Usluge trgovine na malo kruhom, kolačima i slatkim proizvodima","Retail sale services of bread, cake and confectionery",2025-01-01
47.24.01,Usluge trgovine na malo pekarskim proizvodima,Retail sale services of bakery products,2025-01-01
47.24.02,Usluge trgovine na malo slatkim proizvodima,Retail sale services of confectionery,2025-01-01
47.25,Usluge trgovine na malo pićima,Retail sale services of beverages,2025-01-01
47.25.1,Usluge trgovine na malo alkoholnim pićima,Retail sale services of alcoholic beverages,2025-01-01
47.25.10,Usluge trgovine na malo alkoholnim pićima,Retail sale services of alcoholic beverages,2025-01-01
47.25.2,Usluge trgovine na malo ostalim pićima,Retail sale services of other beverages,2025-01-01
47.25.20,Usluge trgovine na malo ostalim pićima,Retail sale services of other beverages,2025-01-01
47.26,Usluge trgovine na malo duhanskim proizvodima,Retail sale services of tobacco products,2025-01-01
47.26.0,Usluge trgovine na malo duhanskim proizvodima,Retail sale services of tobacco products,2025-01-01
47.26.00,Usluge trgovine na malo duhanskim proizvodima,Retail sale services of tobacco products,2025-01-01
47.27,Usluge trgovine na malo ostalim prehrambenim proizvodima,Retail sale services of other food,2025-01-01
47.27.0,Usluge trgovine na malo ostalim prehrambenim proizvodima,Retail sale services of other food,2025-01-01
47.27.01,"Usluge trgovine na malo kavom, čajem, kakaom i začinima","Retail sale services of coffee, tea, cocoa and spices",2025-01-01
47.27.02,Usluge trgovine na malo jestivim uljima i mastima,Retail sale services of edible oils and fats,2025-01-01
47.27.03,Usluge trgovine na malo homogeniziranim prehrambenih pripravcima i dijetetskom hranom,Retail sale services of homogenised food preparations and dietetic food,2025-01-01
47.27.04,Usluge trgovine na malo mlijekom i mliječnim proizvodima,Retail sale services of dairy products,2025-01-01
47.27.05,Usluge trgovine na malo jajima,Retail sale services of eggs,2025-01-01
47.27.09,"Usluge trgovine na malo ostalim prehrambenim proizvodima, d. n.",Retail sale services of other food n.e.c.,2025-01-01
47.3,Usluge trgovine na malo motornim gorivima i mazivima,Retail sale services of automotive fuel,2025-01-01
47.30,Usluge trgovine na malo motornim gorivima i mazivima,Retail sale services of automotive fuel,2025-01-01
47.30.0,Usluge trgovine na malo motornim gorivima i mazivima,Retail sale services of automotive fuel,2025-01-01
47.30.00,Usluge trgovine na malo motornim gorivima i mazivima,Retail sale services of automotive fuel,2025-01-01
47.4,Usluge trgovine na malo informacijsko-komunikacijskom opremom,Retail sale services of information and communication equipment,2025-01-01
47.40,Usluge trgovine na malo informacijsko-komunikacijskom opremom,Retail sale services of information and communication equipment,2025-01-01
47.40.0,Usluge trgovine na malo informacijsko-komunikacijskom opremom,Retail sale services of information and communication equipment,2025-01-01
47.40.01,"Usluge trgovine na malo računalima, perifernom opremom i softverom","Retail sale services of computers, peripheral units and software",2025-01-01
47.40.02,Usluge trgovine na malo telekomunikacijskom opremom,Retail sale services of telecommunication equipment,2025-01-01
47.40.03,Usluge trgovine na malo audioopremom i videoopremom,Retail sale services of audio and video equipment,2025-01-01
47.5,Usluge trgovine na malo ostalom opremom za kućanstvo,Retail sale services of other household equipment,2025-01-01
47.51,Usluge trgovine na malo tekstilom,Retail sale services of textiles,2025-01-01
47.51.0,Usluge trgovine na malo tekstilom,Retail sale services of textiles,2025-01-01
47.51.00,Usluge trgovine na malo tekstilom,Retail sale services of textiles,2025-01-01
47.52,"Usluge trgovine na malo željeznom robom, građevinskim materijalom, bojama i staklom","Retail sale services of hardware, building materials, paints and glass",2025-01-01
47.52.0,"Usluge trgovine na malo željeznom robom, građevinskim materijalom, bojama i staklom","Retail sale services of hardware, building materials, paints and glass",2025-01-01
47.52.01,Usluge trgovine na malo željeznom robom,Retail sale services of hardware,2025-01-01
47.52.02,Usluge trgovine na malo bojama i lakovima,"Retail sale services of paints, varnishes and lacquers",2025-01-01
47.52.03,Usluge trgovine na malo ravnim staklom,Retail sale services of flat glass,2025-01-01
47.52.04,Usluge trgovine na malo vrtlarskim strojevima,Retail sale services of lawn and garden equipment,2025-01-01
47.52.05,Usluge trgovine na malo instalacijskim materijalom i opremom za vodovod i grijanje,Retail sale services of plumbing and heating equipment and supplies,2025-01-01
47.52.06,Usluge trgovine na malo sanitarnom opremom,Retail sale services of sanitary equipment,2025-01-01
47.52.07,Usluge trgovine na malo ručnim alatima,Retail sale services of hand tools,2025-01-01
47.52.08,Usluge trgovine na malo strojevima i opremom,Retail sale services of machinery and equipment,2025-01-01
47.52.09,"Usluge trgovine na malo željeznom robom, građevinskim materijalom, bojama i staklom, d. n.","Retail sale services of hardware, building materials, paints and glass n.e.c.",2025-01-01
47.53,"Usluge trgovine na malo sagovima, prostirkama za pod, zidnim i podnim oblogama","Retail sale services of carpets, rugs, wall and floor coverings",2025-01-01
47.53.0,"Usluge trgovine na malo sagovima, prostirkama za pod, zidnim i podnim oblogama","Retail sale services of carpets, rugs, wall and floor coverings",2025-01-01
47.53.01,Usluge trgovine na malo zavjesama i mrežastim zavjesama,Retail sale services of curtains and net curtains,2025-01-01
47.53.02,"Usluge trgovine na malo tapetama, podnim oblogama, sagovima i prostirkama za pod","Retail sale services of wallpaper and floor coverings, carpets and rugs",2025-01-01
47.54,Usluge trgovine na malo električnim aparatima za kućanstvo,Retail sale services of electrical household appliances,2025-01-01
47.54.0,Usluge trgovine na malo električnim aparatima za kućanstvo,Retail sale services of electrical household appliances,2025-01-01
47.54.00,Usluge trgovine na malo električnim aparatima za kućanstvo,Retail sale services of electrical household appliances,2025-01-01
47.55,"Usluge trgovine na malo namještajem, opremom za rasvjetu, stolnim posuđem i ostalim proizvodima za kućanstvo","Retail sale services of furniture, lighting equipment, tableware and other household goods",2025-01-01
47.55.0,"Usluge trgovine na malo namještajem, opremom za rasvjetu, stolnim posuđem i ostalim proizvodima za kućanstvo","Retail sale services of furniture, lighting equipment, tableware and other household goods",2025-01-01
47.55.01,Usluge trgovine na malo namještajem,Retail sale services of furniture,2025-01-01
47.55.02,Usluge trgovine na malo opremom za rasvjetu,Retail sale services of articles for lighting,2025-01-01
47.55.03,"Usluge trgovine na malo drvenim, plutenim i pletarskim proizvodima","Retail sale services of wooden ware, cork goods and wickerwork goods",2025-01-01
47.55.04,"Usluge trgovine na malo grnčarijom, staklenim proizvodima, porculanom, loncima, priborom za jelo i neelektričnim aparatima za kućanstvo, proizvodima i opremom","Retail sale services of crockery, glassware, china, pottery, cutlery and non-electrical household appliances, articles and equipment",2025-01-01
47.6,Usluge trgovine na malo proizvodima za kulturu i rekreaciju,Retail sale services of cultural and recreational goods,2025-01-01
47.61,Usluge trgovine na malo knjigama,Retail sale services of books,2025-01-01
47.61.0,Usluge trgovine na malo knjigama,Retail sale services of books,2025-01-01
47.61.00,Usluge trgovine na malo knjigama,Retail sale services of books,2025-01-01
47.62,Usluge trgovine na malo novinama i ostalim periodičnim publikacijama te papirnatom robom i pisaćim priborom,"Retail sale services of newspapers, and other periodical publications and stationery",2025-01-01
47.62.0,Usluge trgovine na malo novinama i ostalim periodičnim publikacijama te papirnatom robom i pisaćim priborom,"Retail sale services of newspapers, and other periodical publications and stationery",2025-01-01
47.62.01,Usluge trgovine na malo novinama i časopisima,Retail sale services of newspapers and magazines,2025-01-01
47.62.02,Usluge trgovine na malo papirnatom robom i pisaćim priborom,Retail sale services of stationery,2025-01-01
47.63,Usluge trgovine na malo sportskom opremom i opremom za kampiranje,Retail sale services of sporting and camping equipment,2025-01-01
47.63.0,Usluge trgovine na malo sportskom opremom i opremom za kampiranje,Retail sale services of sporting and camping equipment,2025-01-01
47.63.01,Usluge trgovine na malo sportskom opremom,Retail sale services of sporting equipment,2025-01-01
47.63.02,Usluge trgovine na malo opremom za kampiranje,Retail sale services of camping equipment,2025-01-01
47.63.03,Usluge trgovine na malo biciklima i drugim sličnim vozilima,Retail sale services of bicycles and other cycles,2025-01-01
47.64,Usluge trgovine na malo igrama i igračkama,Retail sale services of games and toys,2025-01-01
47.64.0,Usluge trgovine na malo igrama i igračkama,Retail sale services of games and toys,2025-01-01
47.64.00,Usluge trgovine na malo igrama i igračkama,Retail sale services of games and toys,2025-01-01
47.69,"Usluge trgovine na malo proizvodima za kulturu i rekreaciju, d. n.",Retail sale services of cultural and recreational goods n.e.c.,2025-01-01
47.69.0,"Usluge trgovine na malo proizvodima za kulturu i rekreaciju, d. n.",Retail sale services of cultural and recreational goods n.e.c.,2025-01-01
47.69.01,Usluge trgovine na malo glazbenim snimkama i videosnimkama,Retail sale services of music and video recordings,2025-01-01
47.69.02,Usluge trgovine na malo poštanskim markama i kovanicama,Retail sale services of stamps and coins,2025-01-01
47.69.03,Usluge trgovine na malo u komercijalnim umjetničkim galerijama,Retail sale services of commercial art galleries,2025-01-01
47.69.04,Usluge trgovine na malo glazbenim instrumentima i muzikalijama,Retail sale services of musical instruments and music scores,2025-01-01
47.69.09,"Ostale usluge trgovine na malo proizvodima za kulturu i rekreaciju, d. n.",Other retail sale services of cultural and recreational goods n.e.c.,2025-01-01
47.7,"Usluge trgovine na malo ostalom robom, osim motornim vozilima i motociklima","Retail sale services of other goods, except motor vehicles and motorcycles",2025-01-01
47.71,Usluge trgovine na malo odjećom,Retail sale services of clothing,2025-01-01
47.71.0,Usluge trgovine na malo odjećom,Retail sale services of clothing,2025-01-01
47.71.00,Usluge trgovine na malo odjećom,Retail sale services of clothing,2025-01-01
47.72,Usluge trgovine na malo obućom i proizvodima od kože,Retail sale services of footwear and leather goods,2025-01-01
47.72.0,Usluge trgovine na malo obućom i proizvodima od kože,Retail sale services of footwear and leather goods,2025-01-01
47.72.01,Usluge trgovine na malo obućom,Retail sale services of footwear,2025-01-01
47.72.02,Usluge trgovine na malo proizvodima od kože i putnom opremom,Retail sale services of leather goods and travel accessories,2025-01-01
47.73,Usluge trgovine na malo farmaceutskim proizvodima,Retail sale services of pharmaceutical products,2025-01-01
47.73.0,Usluge trgovine na malo farmaceutskim proizvodima,Retail sale services of pharmaceutical products,2025-01-01
47.73.00,Usluge trgovine na malo farmaceutskim proizvodima,Retail sale services of pharmaceutical products,2025-01-01
47.74,Usluge trgovine na malo medicinskim i ortopedskim proizvodima,Retail sale services of medical and orthopaedic goods,2025-01-01
47.74.0,Usluge trgovine na malo medicinskim i ortopedskim proizvodima,Retail sale services of medical and orthopaedic goods,2025-01-01
47.74.01,"Usluge trgovine na malo korekcijskim naočalama, lećama i sunčanim naočalama te usluge optičara","Retail sale services of corrective glasses, lenses and sunglasses, and services of opticians",2025-01-01
47.74.02,Usluge trgovine na malo slušnim pomagalima,Retail sale services of hearing aids,2025-01-01
47.74.03,Usluge trgovine na malo ostalim medicinskim i ortopedskim proizvodima,Retail sale services of other medical and orthopaedic goods,2025-01-01
47.75,Usluge trgovine na malo kozmetičkim i toaletnim proizvodima,Retail sale services of cosmetic and toilet articles,2025-01-01
47.75.0,Usluge trgovine na malo kozmetičkim i toaletnim proizvodima,Retail sale services of cosmetic and toilet articles,2025-01-01
47.75.00,Usluge trgovine na malo kozmetičkim i toaletnim proizvodima,Retail sale services of cosmetic and toilet articles,2025-01-01
47.76,"Usluge trgovine na malo cvijećem, sadnicama, gnojivom, kućnim ljubimcima i hranom za kućne ljubimce","Retail sale services of flowers, plants, fertilisers, pets and pet food",2025-01-01
47.76.0,"Usluge trgovine na malo cvijećem, sadnicama, gnojivom, kućnim ljubimcima i hranom za kućne ljubimce","Retail sale services of flowers, plants, fertilisers, pets and pet food",2025-01-01
47.76.01,"Usluge trgovine na malo cvijećem, sadnicama i sjemenjem","Retail sale services of flowers, plants and seeds",2025-01-01
47.76.02,Usluge trgovine na malo gnojivima i agrokemijskim proizvodima,Retail sale services of fertilisers and agrochemical products,2025-01-01
47.76.03,Usluge trgovine na malo kućnim ljubimcima i hranom za kućne ljubimce,Retail sale services of pet animals and pet food,2025-01-01
47.76.04,Usluge trgovine na malo poljoprivrednim sirovinama,Retail sale services of agricultural raw materials,2025-01-01
47.77,Usluge trgovine na malo satovima i nakitom,Retail sale services of watches and jewellery,2025-01-01
47.77.0,Usluge trgovine na malo satovima i nakitom,Retail sale services of watches and jewellery,2025-01-01
47.77.00,Usluge trgovine na malo satovima i nakitom,Retail sale services of watches and jewellery,2025-01-01
47.78,Usluge trgovine na malo ostalom novom robom,Retail sale services of other new goods,2025-01-01
47.78.0,Usluge trgovine na malo ostalom novom robom,Retail sale services of other new goods,2025-01-01
47.78.01,"Usluge trgovine na malo fotografskom, optičkom i preciznom opremom","Retail sale services of photographic, optical and precision equipment",2025-01-01
47.78.02,"Usluge trgovine na malo suvenirima, ručnim radom i vjerskim predmetima","Retail sale services of souvenirs, craftwork and religious articles",2025-01-01
47.78.03,"Usluge trgovine na malo loživim uljem, plinom u bocama, ugljenom i drvom","Retail sale services of household fuel oil, bottled gas, coal and wood",2025-01-01
47.78.04,Usluge trgovine na malo proizvodima za čišćenje,Retail sale services of cleaning materials,2025-01-01
47.78.05,Usluge trgovine na malo ostalim neprehrambenim proizvodima široke potrošnje,Retail sale services of other non-food consumer goods,2025-01-01
47.78.09,"Usluge trgovine na malo ostalom novom robom, d. n.",Retail sale services of other new goods n.e.c.,2025-01-01
47.79,"Usluge trgovine na malo rabljenom robom, osim motornim vozilima i motociklima","Retail sale services of second-hand goods, except motor vehicles and motorcycles",2025-01-01
47.79.0,"Usluge trgovine na malo rabljenom robom, osim motornim vozilima i motociklima","Retail sale services of second-hand goods, except motor vehicles and motorcycles",2025-01-01
47.79.01,Usluge trgovine na malo antikvitetima,Retail sale services of antiques,2025-01-01
47.79.02,"Usluge trgovine na malo rabljenom odjećom, obućom i tekstilom za kućanstvo","Retail sale services of second-hand clothing, footwear and household textiles",2025-01-01
47.79.03,Usluge trgovine na malo rabljenim namještajem,Retail sale services of second-hand furniture,2025-01-01
47.79.04,Usluge trgovine na malo rabljenom informacijsko-komunikacijskom i elektroničkom opremom i aparatima za kućanstvo,Retail sale services of second-hand information and communication and electronic equipment and household appliances,2025-01-01
47.79.05,Usluge trgovine na malo rabljenim knjigama i ostalim rabljenim medijima,Retail sale services of second-hand books and other second-hand media goods,2025-01-01
47.79.06,Usluge trgovine na malo rabljenim proizvodima za građevinarstvo,Retail sale services of second-hand construction products,2025-01-01
47.79.09,"Usluge trgovine na malo rabljenom robom, osim motornim vozilima i motociklima, d. n.","Retail sale services of second-hand goods, except motor vehicles and motorcycles n.e.c.",2025-01-01
47.8,"Usluge trgovine na malo motornim vozilima, motociklima te njihovim dijelovima i priborom","Retail sale services of motor vehicles, motorcycles and related parts and accessories",2025-01-01
47.81,Usluge trgovine na malo motornim vozilima,Retail sale services of motor vehicles,2025-01-01
47.81.1,Usluge trgovine na malo putničkim motornim vozilima,Retail sale services of passenger motor vehicles,2025-01-01
47.81.11,Usluge trgovine na malo novim putničkim motornim vozilima,Retail sale services of new passenger motor vehicles,2025-01-01
47.81.12,Usluge trgovine na malo rabljenim putničkim motornim vozilima,Retail sale services of used passenger motor vehicles,2025-01-01
47.81.2,Usluge trgovine na malo specijaliziranim putničkim motornim vozilima lake kategorije,"Retail sale services of specialised, light passenger motor vehicles",2025-01-01
47.81.21,Usluge trgovine na malo novim specijaliziranim putničkim motornim vozilima lake kategorije,"Retail sale services of new, specialised, light passenger motor vehicles",2025-01-01
47.81.22,Usluge trgovine na malo rabljenim specijaliziranim putničkim motornim vozilima lake kategorije,"Retail sale services of used, specialised, light passenger motor vehicles",2025-01-01
47.81.3,Usluge trgovine na malo vozilima za kampiranje kao što su kamp-kućice i kamperi,Retail sale services of camping vehicles such as caravans and motorhomes,2025-01-01
47.81.30,Usluge trgovine na malo vozilima za kampiranje kao što su kamp-kućice i kamperi,Retail sale services of camping vehicles such as caravans and motorhomes,2025-01-01
47.81.9,"Usluge trgovine na malo motornim vozilima, d. n.",Retail sale services of motor vehicles n.e.c.,2025-01-01
47.81.90,"Usluge trgovine na malo motornim vozilima, d. n.",Retail sale services of motor vehicles n.e.c.,2025-01-01
47.82,Usluge trgovine na malo dijelovima i priborom za motorna vozila,Retail sale services of motor vehicle parts and accessories,2025-01-01
47.82.1,Usluge trgovine na malo gumama,Retail sale services of tyres,2025-01-01
47.82.10,Usluge trgovine na malo gumama,Retail sale services of tyres,2025-01-01
47.82.2,Usluge trgovine na malo ostalim dijelovima i priborom za motorna vozila,Retail sale services of other motor vehicle parts and accessories,2025-01-01
47.82.20,Usluge trgovine na malo ostalim dijelovima i priborom za motorna vozila,Retail sale services of other motor vehicle parts and accessories,2025-01-01
47.83,"Usluge trgovine na malo motociklima, njihovim dijelovima i priborom","Retail sale services of motorcycles, motorcycle parts and accessories",2025-01-01
47.83.0,"Usluge trgovine na malo motociklima, njihovim dijelovima i priborom","Retail sale services of motorcycles, motorcycle parts and accessories",2025-01-01
47.83.00,"Usluge trgovine na malo motociklima, njihovim dijelovima i priborom","Retail sale services of motorcycles, motorcycle parts and accessories",2025-01-01
47.9,Usluge posredovanja u uslugama trgovine na malo,Intermediation services of retail sale services,2025-01-01
47.92,Usluge posredovanja u uslugama trgovine na malo,Intermediation services of retail sale services,2025-01-01
47.92.1,Usluge posredovanja u specijaliziranoj trgovini na malo motornim vozilima,Intermediation services of specialised retail sale of motor vehicles,2025-01-01
47.92.10,Usluge posredovanja u specijaliziranoj trgovini na malo motornim vozilima,Intermediation services of specialised retail sale of motor vehicles,2025-01-01
47.92.2,Usluge posredovanja u specijaliziranoj trgovini na malo ostalom robom,Intermediation services of specialised retail sale of other goods,2025-01-01
47.92.20,Usluge posredovanja u specijaliziranoj trgovini na malo ostalom robom,Intermediation services of specialised retail sale of other goods,2025-01-01
H,USLUGE PRIJEVOZA I SKLADIŠTENJA,TRANSPORTATION AND STORAGE SERVICES,2025-01-01
49,Usluge kopnenog prijevoza i cjevovodnog transporta,Land transport services and transport services via pipelines,2025-01-01
49.1,Usluge željezničkog prijevoza putnika,Passenger rail transport services,2025-01-01
49.11,Usluge prijevoza putnika nacionalnom i međunarodnom željeznicom,Passenger heavy rail transport services,2025-01-01
49.11.0,Usluge prijevoza putnika nacionalnom i međunarodnom željeznicom,Passenger heavy rail transport services,2025-01-01
49.11.00,Usluge prijevoza putnika nacionalnom i međunarodnom željeznicom,Passenger heavy rail transport services,2025-01-01
49.12,Usluge ostalog željezničkog prijevoza putnika,Other passenger rail transport services,2025-01-01
49.12.0,Usluge ostalog željezničkog prijevoza putnika,Other passenger rail transport services,2025-01-01
49.12.00,Usluge ostalog željezničkog prijevoza putnika,Other passenger rail transport services,2025-01-01
49.2,Usluge željezničkog prijevoza robe,Freight rail transport services,2025-01-01
49.20,Usluge željezničkog prijevoza robe,Freight rail transport services,2025-01-01
49.20.0,Usluge željezničkog prijevoza robe,Freight rail transport services,2025-01-01
49.20.01,Usluge željezničkog prijevoza robe vagonima-hladnjačama,Railway transport services of freight by refrigerator cars,2025-01-01
49.20.02,Usluge željezničkog prijevoza naftnih derivata vagonima-cisternama,"Railway transport services of freight by tanker cars, petroleum products",2025-01-01
49.20.03,Usluge željezničkog prijevoza tekućina i plinova vagonima-cisternama,"Railway transport services of freight by tanker cars, bulk liquids and gases",2025-01-01
49.20.04,Usluge željezničkog prijevoza kontejnera,Railway transport services of intermodal containers,2025-01-01
49.20.05,Usluge željezničkog prijevoza pošiljaka,Railway transport services of letters and parcels,2025-01-01
49.20.06,Usluge željezničkog prijevoza krute rasute robe,Railway transport services of dry bulk goods,2025-01-01
49.20.09,"Usluge željezničkog prijevoza robe, d. n.",Freight rail transport services n.e.c.,2025-01-01
49.3,Usluge ostalog kopnenog prijevoza putnika,Other passenger land transport services,2025-01-01
49.31,Usluge linijskog cestovnog prijevoza putnika,Scheduled passenger transport services by road,2025-01-01
49.31.1,Usluge gradskog i prigradskog linijskog cestovnog prijevoza putnika,Urban and suburban scheduled passenger transport services by road,2025-01-01
49.31.11,Usluge gradskog i prigradskog linijskog cestovnog prijevoza putnika posebnim linijama,Urban and suburban special-purpose scheduled passenger transport services by road,2025-01-01
49.31.12,Usluge ostalog gradskog i prigradskog linijskog cestovnog prijevoza putnika,Other urban and suburban scheduled passenger transport services by road,2025-01-01
49.31.2,Usluge međugradskog linijskog cestovnog prijevoza putnika,Interurban scheduled passenger transport services by road,2025-01-01
49.31.21,Usluge međugradskog linijskog cestovnog prijevoza putnika posebnim linijama,Interurban special-purpose scheduled passenger transport services by road,2025-01-01
49.31.22,Usluge ostalog međugradskog linijskog cestovnog prijevoza putnika,Other interurban scheduled passenger transport services by road,2025-01-01
49.32,Usluge povremenog cestovnog prijevoza putnika,Non-scheduled passenger transport services by road,2025-01-01
49.32.0,Usluge povremenog cestovnog prijevoza putnika,Non-scheduled passenger transport services by road,2025-01-01
49.32.01,Usluge iznajmljivanja autobusa s vozačem,Rental services of buses and coaches with driver,2025-01-01
49.32.02,Usluge povremenog cestovnog prijevoza putnika za razgledavanje,Non-scheduled passenger transport services by road for sightseeing,2025-01-01
49.32.03,Usluge povremenog lokalnog ili čarterskog prijevoza autobusom,Non-scheduled local bus and coach charter services,2025-01-01
49.32.04,Usluge povremenog ili čarterskog prijevoza autobusom na duge linije,Non-scheduled long distance bus and coach charter services,2025-01-01
49.33,Usluge prijevoza putnika vozilom s vozačem na zahtjev,On-demand passenger transport services by vehicle with driver,2025-01-01
49.33.0,Usluge prijevoza putnika vozilom s vozačem na zahtjev,On-demand passenger transport services by vehicle with driver,2025-01-01
49.33.00,Usluge prijevoza putnika vozilom s vozačem na zahtjev,On-demand passenger transport services by vehicle with driver,2025-01-01
49.34,Usluge prijevoza putnika žičarom i vučnicom,Passenger transport services by cableways and ski lifts,2025-01-01
49.34.0,Usluge prijevoza putnika žičarom i vučnicom,Passenger transport services by cableways and ski lifts,2025-01-01
49.34.00,Usluge prijevoza putnika žičarom i vučnicom,Passenger transport services by cableways and ski lifts,2025-01-01
49.39,"Usluge ostalog kopnenog prijevoza putnika, d. n.",Other passenger land transport services n.e.c.,2025-01-01
49.39.0,"Usluge ostalog kopnenog prijevoza putnika, d. n.",Other passenger land transport services n.e.c.,2025-01-01
49.39.00,"Usluge ostalog kopnenog prijevoza putnika, d. n.",Other passenger land transport services n.e.c.,2025-01-01
49.4,Usluge cestovnog prijevoza robe i usluge preseljenja,Freight transport services by road and removal services,2025-01-01
49.41,Usluge cestovnog prijevoza robe,Freight transport services by road,2025-01-01
49.41.1,Usluge cestovnog prijevoza,Road transport services,2025-01-01
49.41.11,Usluge cestovnog prijevoza robe hladnjačama,Road transport services of freight by refrigerator vehicles,2025-01-01
49.41.12,Usluge cestovnog prijevoza naftnih derivata cisternama i poluprikolicama,"Road transport services of freight by tank trucks or semi-trailers, petroleum products",2025-01-01
49.41.13,Usluge cestovnog prijevoza ostalih tekućina i plinova cisternama i poluprikolicama,"Road transport services of freight by tank trucks or semi-trailers, other bulk liquids or gases",2025-01-01
49.41.14,Usluge cestovnog prijevoza kontejnerima,Road transport services of intermodal containers,2025-01-01
49.41.15,Usluge cestovnog prijevoza krute rasute robe,Road transport services of dry bulk goods,2025-01-01
49.41.16,Usluge cestovnog prijevoza živih životinja,Road transport services of live animals,2025-01-01
49.41.17,Usluge cestovnog prijevoza tereta zaprežnim kolima,Road transport services of freight by man- or animal-drawn vehicles,2025-01-01
49.41.18,Usluge cestovnog prijevoza pošiljaka,Road transport services of letters and parcels,2025-01-01
49.41.19,"Usluge cestovnog prijevoza robe, d. n.",Freight transport services by road n.e.c.,2025-01-01
49.41.2,Usluge iznajmljivanja kamiona s vozačem,Rental services of trucks with operator,2025-01-01
49.41.20,Usluge iznajmljivanja kamiona s vozačem,Rental services of trucks with operator,2025-01-01
49.42,Usluge preseljenja,Removal services,2025-01-01
49.42.0,Usluge preseljenja,Removal services,2025-01-01
49.42.01,Usluge preseljenja za kućanstva,Removal services of households,2025-01-01
49.42.09,"Usluge preseljenja, d. n.",Removal services n.e.c.,2025-01-01
49.5,Usluge cjevovodnog transporta,Transport services via pipeline,2025-01-01
49.50,Usluge cjevovodnog transporta,Transport services via pipeline,2025-01-01
49.50.0,Usluge cjevovodnog transporta,Transport services via pipeline,2025-01-01
49.50.01,Usluge cjevovodnog transporta sirove i rafinirane nafte te naftnih derivata,Transport services via pipeline of crude or refined petroleum and petroleum products,2025-01-01
49.50.02,Usluge cjevovodnog transporta plinovitih goriva,Transport services via pipeline of gaseous fuels,2025-01-01
49.50.09,"Usluge cjevovodnog transporta, d. n.",Transport services via pipeline n.e.c.,2025-01-01
50,Usluge vodnog prijevoza,Water transport services,2025-01-01
50.1,Usluge pomorskog i obalnog prijevoza putnika,Sea and coastal passenger water transport services,2025-01-01
50.10,Usluge pomorskog i obalnog prijevoza putnika,Sea and coastal passenger water transport services,2025-01-01
50.10.1,"Usluge pomorskog i obalnog prijevoza putnika, osim usluga iznajmljivanja","Sea and coastal passenger water transport services, except rental services",2025-01-01
50.10.11,Usluge pomorskog i obalnog prijevoza putnika trajektima,Sea and coastal passenger water transport services by ferries,2025-01-01
50.10.12,Usluge pomorskog i obalnog prijevoza putnika brodovima za kružna putovanja,Sea and coastal passenger water transport services by cruise ships,2025-01-01
50.10.19,"Usluge pomorskog i obalnog prijevoza putnika, d. n.",Sea and coastal passenger water transport services n.e.c.,2025-01-01
50.10.2,Usluge iznajmljivanja pomorskih putničkih brodova s posadom,Rental services of sea and coastal water vessels for passengers with operator,2025-01-01
50.10.20,Usluge iznajmljivanja pomorskih putničkih brodova s posadom,Rental services of sea and coastal water vessels for passengers with operator,2025-01-01
50.2,Usluge pomorskog i obalnog prijevoza robe,Sea and coastal freight water transport services,2025-01-01
50.20,Usluge pomorskog i obalnog prijevoza robe,Sea and coastal freight water transport services,2025-01-01
50.20.1,"Usluge pomorskog i obalnog prijevoza robe, osim usluga iznajmljivanja","Sea and coastal freight water transport services, except rental services",2025-01-01
50.20.11,Usluge pomorskog i obalnog prijevoza zamrznute i hlađene robe brodovima hladnjačama,Sea and coastal water transport services of frozen or refrigerated goods by refrigerator vessels,2025-01-01
50.20.12,Usluge pomorskog i obalnog prijevoza sirove nafte tankerima,Sea and coastal water transport services of crude oil by tankers,2025-01-01
50.20.13,Usluge pomorskog i obalnog prijevoza ostalih tekućina i plinova tankerima,Sea and coastal water transport services of other bulk liquids or gases by tankers,2025-01-01
50.20.14,Usluge pomorskog i obalnog prijevoza intermodalnih kontejnera kontejnerskim brodovima,Sea and coastal water transport services of intermodal containers by container ships,2025-01-01
50.20.15,Usluge pomorskog i obalnog prijevoza krute rasute robe,Sea and coastal water transport services of dry bulk good,2025-01-01
50.20.19,"Usluge pomorskog i obalnog prijevoza robe, d. n.",Sea and coastal freight water transport services n.e.c.,2025-01-01
50.20.2,Usluge iznajmljivanja pomorskih teretnih brodova s posadom; usluge tegljenja i potiskivanja,Rental services of sea and coastal water vessels for freight with operator; towing and pushing services,2025-01-01
50.20.21,Usluge iznajmljivanja pomorskih teretnih brodova s posadom,Rental services of sea and coastal water vessels for freight with operator,2025-01-01
50.20.22,Usluge tegljenja i potiskivanja na morskim i obalnim vodama,Towing and pushing services on sea and coastal waters,2025-01-01
50.3,Usluge prijevoza putnika unutarnjim vodnim putovima,Inland passenger water transport services,2025-01-01
50.30,Usluge prijevoza putnika unutarnjim vodnim putovima,Inland passenger water transport services,2025-01-01
50.30.1,"Usluge prijevoza putnika unutarnjim vodnim putovima, osim usluga iznajmljivanja","Inland passenger water transport services, except rental services",2025-01-01
50.30.11,Usluge prijevoza putnika trajektima unutarnjim vodnim putovima,Inland passenger water transport services by ferries,2025-01-01
50.30.12,Usluge prijevoza putnika brodovima za kružna putovanja unutarnjim vodnim putovima,Inland passenger water transport services by cruise ships,2025-01-01
50.30.13,Usluge prijevoza putnika čamcima za razgledavanje i izlete unutarnjim vodnim putovima,Sightseeing and excursion boat services,2025-01-01
50.30.19,"Usluge prijevoza putnika unutarnjim vodnim putovima, d. n.",Inland passenger water transport services n.e.c.,2025-01-01
50.30.2,Usluge iznajmljivanja riječnih putničkih brodova s posadom,Rental services of inland water vessels for passengers with operator,2025-01-01
50.30.20,Usluge iznajmljivanja riječnih putničkih brodova s posadom,Rental services of inland water vessels for passengers with operator,2025-01-01
50.4,Usluge prijevoza robe unutarnjim vodnim putovima,Inland freight water transport services,2025-01-01
50.40,Usluge prijevoza robe unutarnjim vodnim putovima,Inland freight water transport services,2025-01-01
50.40.1,"Usluge prijevoza robe unutarnjim vodnim putovima, osim usluga iznajmljivanja","Inland freight water transport services, except rental services",2025-01-01
50.40.11,Usluge prijevoza zamrznute i hlađene robe brodovima hladnjačama unutarnjim vodnim putovima,Inland water transport services of frozen and refrigerated goods by refrigerator vessels,2025-01-01
50.40.12,Usluge prijevoza sirove nafte tankerima unutarnjim vodnim putovima,Inland water transport services of crude oil by tankers,2025-01-01
50.40.13,Usluge prijevoza ostalih tekućina i plinova tankerima unutarnjim vodnim putovima,Inland water transport services of other bulk liquids and gases by tankers,2025-01-01
50.40.14,Usluge prijevoza kontejnera kontejnerskim brodovima unutarnjim vodnim putovima,Inland water transport services of intermodal containers by container ships,2025-01-01
50.40.19,"Usluge prijevoza robe unutarnjim vodnim putovima, d. n.",Inland freight water transport services n.e.c.,2025-01-01
50.40.2,Usluge iznajmljivanja teretnih riječnih brodova s posadom; usluge tegljenja i potiskivanja,Rental services of inland water vessels for freight with operator; towing and pushing services,2025-01-01
50.40.21,Usluge iznajmljivanja teretnih riječnih brodova s posadom,Rental services of inland water vessels for freight with operator,2025-01-01
50.40.22,Usluge tegljenja i potiskivanja na unutarnjim vodnim putovima,Towing and pushing services on inland waters,2025-01-01
51,Usluge zračnog prijevoza,Air transport services,2025-01-01
51.1,Usluge zračnog prijevoza putnika,Passenger air transport services,2025-01-01
51.10,Usluge zračnog prijevoza putnika,Passenger air transport services,2025-01-01
51.10.1,"Usluge zračnog prijevoza putnika, osim usluga iznajmljivanja","Passenger air transport services, except rental services",2025-01-01
51.10.11,Usluge redovitog zračnog prijevoza putnika na domaćim linijama,Domestic scheduled air transport services of passengers,2025-01-01
51.10.12,"Usluge izvanrednog zračnog prijevoza putnika na domaćim linijama, osim za razgledavanje","Domestic non-scheduled air transport services of passengers, except for sightseeing",2025-01-01
51.10.13,Usluge redovitog zračnog prijevoza putnika na međunarodnim linijama,International scheduled air transport services of passengers,2025-01-01
51.10.14,Usluge izvanrednog zračnog prijevoza putnika na međunarodnim linijama,International non-scheduled air transport services of passengers,2025-01-01
51.10.15,Usluge izvanrednog zračnog prijevoza putnika za razgledavanje,Non-scheduled passenger air transport services of sightseeing,2025-01-01
51.10.2,Usluge iznajmljivanja putničkog zrakoplova s posadom,Rental services of passenger air transport equipment with operator,2025-01-01
51.10.20,Usluge iznajmljivanja putničkog zrakoplova s posadom,Rental services of passenger air transport equipment with operator,2025-01-01
51.2,Usluge zračnog prijevoza robe i svemirskog prijevoza,Freight air transport and space transport services,2025-01-01
51.21,Usluge zračnog prijevoza robe,Freight air transport services,2025-01-01
51.21.1,"Usluge zračnog prijevoza robe, osim usluga iznajmljivanja","Freight air transport services, except rental services",2025-01-01
51.21.11,Usluge redovitog zračnog prijevoza kontejnera,Scheduled air transport services of intermodal containers,2025-01-01
51.21.12,Usluge zračnog prijevoza pošiljki,Air transport services of letters and parcels,2025-01-01
51.21.13,Usluge redovitog zračnog prijevoza ostale robe,Scheduled air transport services of other freight,2025-01-01
51.21.14,Usluge izvanrednog zračnog prijevoza ostale robe,Non-scheduled air transport services of other freight,2025-01-01
51.21.2,Usluge iznajmljivanja teretnog zrakoplova s posadom,Rental services of freight air transport equipment with operator,2025-01-01
51.21.20,Usluge iznajmljivanja teretnog zrakoplova s posadom,Rental services of freight air transport equipment with operator,2025-01-01
51.22,Usluge svemirskog prijevoza,Space transport services,2025-01-01
51.22.0,Usluge svemirskog prijevoza,Space transport services,2025-01-01
51.22.01,Usluge svemirskog prijevoza putnika,Space transport services of passengers,2025-01-01
51.22.02,Usluge svemirskog prijevoza robe,Space transport services of freight,2025-01-01
52,Usluge skladištenja i prateće usluge u prijevozu,"Warehousing, storage and support services of transportation",2025-01-01
52.1,Usluge skladištenja,Warehousing and storage services,2025-01-01
52.10,Usluge skladištenja,Warehousing and storage services,2025-01-01
52.10.0,Usluge skladištenja,Warehousing and storage services,2025-01-01
52.10.01,Usluge skladištenja u hladnjačama,Refrigerated storage services,2025-01-01
52.10.02,Usluge skladištenja tekućina i plinova,Bulk liquid or gas storage services,2025-01-01
52.10.03,Usluge skladištenja žitarica,Grain storage services,2025-01-01
52.10.09,"Usluge skladištenja, d. n.",Warehousing and storage services n.e.c.,2025-01-01
52.2,Prateće usluge u prijevozu,Support services of transportation,2025-01-01
52.21,Usluge u vezi s kopnenim prijevozom,Services incidental to land transportation,2025-01-01
52.21.1,Usluge u vezi sa željezničkim prijevozom,Services incidental to railway transportation,2025-01-01
52.21.11,Usluge tegljenja i potiskivanja u željezničkom prijevozu,Railway pushing or towing services,2025-01-01
52.21.19,"Usluge u vezi sa željezničkim prijevozom, d. n.",Services incidental to railway transportation n.e.c.,2025-01-01
52.21.2,Usluge u vezi s cestovnim prijevozom,Services incidental to road transportation,2025-01-01
52.21.21,Usluge autobusnih postaja,Bus station services,2025-01-01
52.21.22,Usluge na autocestama,Highway operation services,2025-01-01
52.21.23,Usluge na mostovima i u tunelima,Bridges and tunnel operation services,2025-01-01
52.21.24,Usluge parkirališta,Parking lot services,2025-01-01
52.21.25,Usluge vučne službe za osobna i gospodarska vozila,Towing services of private and commercial vehicles,2025-01-01
52.21.29,"Usluge u vezi s cestovnim prijevozom, d. n.",Services incidental to road transportation n.e.c.,2025-01-01
52.21.3,Usluge u vezi s cjevovodnim transportom,Services incidental to transportation via pipelines,2025-01-01
52.21.30,Usluge u vezi s cjevovodnim transportom,Services incidental to transportation via pipelines,2025-01-01
52.22,Usluge u vezi s vodnim prijevozom,Services incidental to water transportation,2025-01-01
52.22.0,Usluge u vezi s vodnim prijevozom,Services incidental to water transportation,2025-01-01
52.22.01,Usluge pomorskih i priobalnih luka i plovnih putova (osim prekrcaja tereta),Port and waterway operation services (except cargo handling) on sea and coastal waters,2025-01-01
52.22.02,Usluge na unutarnjim vodnim putovima (osim prekrcaja tereta),Inland waterway operation services (except cargo handling),2025-01-01
52.22.03,Usluge pilotiranja i pristajanja brodova u morskim i obalnim vodama,Pilotage and berthing services on sea and coastal waters,2025-01-01
52.22.04,Usluge pilotiranja i pristajanja brodova na unutarnjim vodnim putovima,Pilotage and berthing services on inland waters,2025-01-01
52.22.05,Usluge spašavanja plovila i njihovo osposobljavanje za plovidbu u pomorskim i priobalnim vodama,Vessel salvage and refloating services on sea and coastal waters,2025-01-01
52.22.06,Usluge spašavanja plovila i njihovo osposobljavanje za plovidbu na unutarnjim vodnim putovima,Vessel salvage and refloating services in inland waters,2025-01-01
52.22.09,"Usluge u vezi s vodnim prijevozom, d. n.",Services incidental to water transportation n.e.c.,2025-01-01
52.23,Usluge u vezi sa zračnim prijevozom,Services incidental to air transportation,2025-01-01
52.23.1,"Usluge zračnih luka, usluge kontrole zračnog prometa i ostale usluge u vezi sa zračnim prijevozom","Airport operation services, air traffic control services and other services incidental to air transportation",2025-01-01
52.23.11,Usluge zračnih luka,Airport operation services,2025-01-01
52.23.12,Usluge kontrole zračnog prometa,Air traffic control services,2025-01-01
52.23.13,Ostale uslužne djelatnosti u vezi sa zračnim prijevozom,Other service activities incidental to air transportation,2025-01-01
52.23.2,Usluge u vezi sa svemirskim prijevozom,Services incidental to space transportation,2025-01-01
52.23.20,Usluge u vezi sa svemirskim prijevozom,Services incidental to space transportation,2025-01-01
52.24,Usluge prekrcaja tereta,Cargo handling services,2025-01-01
52.24.0,Usluge prekrcaja tereta,Cargo handling services,2025-01-01
52.24.01,Usluge prekrcaja kontejnera u lukama,Container handling services at ports,2025-01-01
52.24.02,Ostale usluge prekrcaja kontejnera,Other container handling services,2025-01-01
52.24.03,Ostale usluge prekrcaja tereta u lukama,Other cargo handling services at ports,2025-01-01
52.24.09,"Usluge prekrcaja tereta, d. n.",Cargo handling services n.e.c.,2025-01-01
52.25,Usluge logistike,Logistics services,2025-01-01
52.25.0,Usluge logistike,Logistics services,2025-01-01
52.25.00,Usluge logistike,Logistics services,2025-01-01
52.26,Ostale prateće usluge u prijevozu,Other transportation support services,2025-01-01
52.26.0,Ostale prateće usluge u prijevozu,Other transportation support services,2025-01-01
52.26.00,Ostale prateće usluge u prijevozu,Other transportation support services,2025-01-01
52.3,Usluge posredovanja u prijevozu,Intermediation services of transportation,2025-01-01
52.31,Usluge posredovanja u prijevozu robe,Intermediation services of freight transportation,2025-01-01
52.31.1,Usluge agencija za prijevoz robe,Freight transport agency services,2025-01-01
52.31.11,Usluge brodskih brokera,Ship-broker services,2025-01-01
52.31.12,Ostale brokerske usluge kod prijevoza robe,Other freight brokerage services,2025-01-01
52.31.19,"Usluge agencija za prijevoz robe, d. n.",Freight transport agency services n.e.c.,2025-01-01
52.31.2,Ostale usluge posredovanja u prijevozu robe,Other intermediation services of freight transportation,2025-01-01
52.31.20,Ostale usluge posredovanja u prijevozu robe,Other intermediation services of freight transportation,2025-01-01
52.32,Usluge posredovanja u prijevozu putnika,Intermediation services of passenger transportation,2025-01-01
52.32.0,Usluge posredovanja u prijevozu putnika,Intermediation services of passenger transportation,2025-01-01
52.32.00,Usluge posredovanja u prijevozu putnika,Intermediation services of passenger transportation,2025-01-01
53,Poštanske i kurirske usluge,Postal and courier services,2025-01-01
53.1,Univerzalne poštanske i kurirske usluge,Postal services under universal service obligation,2025-01-01
53.10,Univerzalne poštanske i kurirske usluge,Postal services under universal service obligation,2025-01-01
53.10.0,Univerzalne poštanske i kurirske usluge,Postal services under universal service obligation,2025-01-01
53.10.01,Univerzalne poštanske usluge u vezi s novinama i časopisima,Postal services under universal service obligation related to newspapers and periodicals,2025-01-01
53.10.02,Univerzalne poštanske usluge u vezi s pismima,Postal services under universal service obligation related to letters,2025-01-01
53.10.03,Univerzalne poštanske usluge u vezi s paketima,Postal services under universal service obligation related to parcels,2025-01-01
53.10.04,Poštanske šalterske usluge,Post office counter services,2025-01-01
53.10.09,"Univerzalne poštanske i kurirske usluge, d. n.",Postal services under universal service obligation n.e.c.,2025-01-01
53.2,Ostale poštanske i kurirske usluge,Other postal and courier services,2025-01-01
53.20,Ostale poštanske i kurirske usluge,Other postal and courier services,2025-01-01
53.20.0,Ostale poštanske i kurirske usluge,Other postal and courier services,2025-01-01
53.20.01,Multimodalne kurirske usluge,Multi-modal courier services,2025-01-01
53.20.02,Usluge dostave hrane na kućnu adresu,Food home delivery services,2025-01-01
53.20.09,"Ostale poštanske i kurirske usluge, d. n.",Other postal and courier services n.e.c.,2025-01-01
53.3,Usluge posredovanja u pružanju poštanskih i kurirskih usluga,Intermediation services of postal and courier services,2025-01-01
53.30,Usluge posredovanja u pružanju poštanskih i kurirskih usluga,Intermediation services of postal and courier services,2025-01-01
53.30.0,Usluge posredovanja u pružanju poštanskih i kurirskih usluga,Intermediation services of postal and courier services,2025-01-01
53.30.00,Usluge posredovanja u pružanju poštanskih i kurirskih usluga,Intermediation services of postal and courier services,2025-01-01
I,USLUGE SMJEŠTAJA TE PRIPREME I USLUŽIVANJA HRANE,ACCOMMODATION AND FOOD SERVICES,2025-01-01
55,Usluge smještaja,Accommodation services,2025-01-01
55.1,Usluge hotelskog i sličnog smještaja,Hotel and similar accommodation services,2025-01-01
55.10,Usluge hotelskog i sličnog smještaja,Hotel and similar accommodation services,2025-01-01
55.10.0,Usluge hotelskog i sličnog smještaja,Hotel and similar accommodation services,2025-01-01
55.10.00,Usluge hotelskog i sličnog smještaja,Hotel and similar accommodation services,2025-01-01
55.2,Usluge odmarališta i sličnih objekata za kraći odmor,Holiday and other short-stay accommodation services,2025-01-01
55.20,Usluge odmarališta i sličnih objekata za kraći odmor,Holiday and other short-stay accommodation services,2025-01-01
55.20.0,Usluge odmarališta i sličnih objekata za kraći odmor,Holiday and other short-stay accommodation services,2025-01-01
55.20.01,"Usluge smještaja u sobama ili sličnim smještajnim kapacitetima, u hostelima i kućicama za odmor",Room or unit accommodation services in youth hostels and holiday cabins,2025-01-01
55.20.02,Usluge smještaja u sobama ili sličnim smještajnim kapacitetima u time-sharingu,Room or unit accommodation services in time-share properties,2025-01-01
55.20.03,"Ostale usluge smještaja u sobama ili sličnim smještajnim kapacitetima, bez svakodnevnog održavanja","Other room or unit accommodation services, without daily housekeeping",2025-01-01
55.3,Usluge kampova i prostora za kampiranje,Camping grounds and recreational vehicle parks services,2025-01-01
55.30,Usluge kampova i prostora za kampiranje,Camping grounds and recreational vehicle parks services,2025-01-01
55.30.0,Usluge kampova i prostora za kampiranje,Camping grounds and recreational vehicle parks services,2025-01-01
55.30.00,Usluge kampova i prostora za kampiranje,Camping grounds and recreational vehicle parks services,2025-01-01
55.4,Usluge posredovanja u pružanju smještaja,Intermediation services of accommodation,2025-01-01
55.40,Usluge posredovanja u pružanju smještaja,Intermediation services of accommodation,2025-01-01
55.40.0,Usluge posredovanja u pružanju smještaja,Intermediation services of accommodation,2025-01-01
55.40.00,Usluge posredovanja u pružanju smještaja,Intermediation services of accommodation,2025-01-01
55.9,Ostale usluge smještaja,Other accommodation services,2025-01-01
55.90,Ostale usluge smještaja,Other accommodation services,2025-01-01
55.90.0,Ostale usluge smještaja,Other accommodation services,2025-01-01
55.90.01,Usluge smještaja u sobama ili sličnim smještajnim kapacitetima u studentskim i školskim domovima,Room or unit accommodation services in student residences and school dormitories,2025-01-01
55.90.02,Usluge smještaja u sobama ili sličnim smještajnim kapacitetima u radničkim domovima,Room or unit accommodation services in worker dormitories,2025-01-01
55.90.03,Usluge željezničkih vagona za spavanje i slične usluge u ostalim prijevoznim sredstvima,Sleeping car and similar services in other transport media,2025-01-01
55.90.09,"Ostale usluge smještaja, d. n.",Other accommodation services n.e.c.,2025-01-01
56,Usluge pripreme i usluživanja hrane i pića,Food and beverage serving services,2025-01-01
56.1,Usluge restorana i pokretne usluge usluživanja hrane,Restaurant and mobile food serving services,2025-01-01
56.11,Usluge restorana,Restaurant serving services,2025-01-01
56.11.0,Usluge restorana,Restaurant serving services,2025-01-01
56.11.01,Usluge usluživanja hrane s cjelokupnom uslugom restorana,Meal serving services with full restaurant service,2025-01-01
56.11.02,Usluge samoposluživanja hrane u odgovarajućim ugostiteljskim objektima,Meal serving services in self-service establishments,2025-01-01
56.11.03,Usluge usluživanja hrane u željezničkim vagonima za ručanje ili brodskim restoranima,Meal serving services in railway dining cars and on ships,2025-01-01
56.11.09,"Usluge restorana, d. n.",Restaurant serving services n.e.c.,2025-01-01
56.12,Pokretne usluge usluživanja hrane,Mobile food serving services,2025-01-01
56.12.0,Pokretne usluge usluživanja hrane,Mobile food serving services,2025-01-01
56.12.00,Pokretne usluge usluživanja hrane,Mobile food serving services,2025-01-01
56.2,"Usluge keteringa za razna događanja, usluge keteringa na osnovi ugovora i ostale usluge pripreme i usluživanja hrane","Event catering, contract catering services and other food serving services",2025-01-01
56.21,Usluge keteringa za razna događanja,Event catering services,2025-01-01
56.21.0,Usluge keteringa za razna događanja,Event catering services,2025-01-01
56.21.01,Usluge keteringa za razna događanja za kućanstva,Event catering services of private households,2025-01-01
56.21.09,"Usluge keteringa za razna događanja, d. n.",Event catering services n.e.c.,2025-01-01
56.22,Usluge keteringa na osnovi ugovora i ostale usluge pripreme i usluživanja hrane,Contract catering services and other food services,2025-01-01
56.22.1,Usluge dostave hrane na osnovi ugovora,Contract food services,2025-01-01
56.22.11,Usluge dostave hrane na osnovi ugovora za prijevoznike,Contract food services of transportation operators,2025-01-01
56.22.19,"Usluge dostave hrane na osnovi ugovora, d. n.",Contract food services n.e.c.,2025-01-01
56.22.2,Usluge kantine,Canteen services,2025-01-01
56.22.20,Usluge kantine,Canteen services,2025-01-01
56.3,Usluge pripreme i usluživanja pića,Beverage serving services,2025-01-01
56.30,Usluge pripreme i usluživanja pića,Beverage serving services,2025-01-01
56.30.0,Usluge pripreme i usluživanja pića,Beverage serving services,2025-01-01
56.30.00,Usluge pripreme i usluživanja pića,Beverage serving services,2025-01-01
56.4,Usluge posredovanja u pripremi i usluživanju hrane i pića,Intermediation services of food and beverage serving services,2025-01-01
56.40,Usluge posredovanja u pripremi i usluživanju hrane i pića,Intermediation services of food and beverage serving services,2025-01-01
56.40.0,Usluge posredovanja u pripremi i usluživanju hrane i pića,Intermediation services of food and beverage serving services,2025-01-01
56.40.00,Usluge posredovanja u pripremi i usluživanju hrane i pića,Intermediation services of food and beverage serving services,2025-01-01
J,"IZDAVAČKE USLUGE, USLUGE EMITIRANJA TE PROIZVODNJE I DISTRIBUCIJE SADRŽAJA","PUBLISHING, BROADCASTING, AND CONTENT PRODUCTION AND DISTRIBUTION SERVICES",2025-01-01
58,Izdavačke usluge,Publishing services,2025-01-01
58.1,"Usluge izdavanja knjiga, novina i ostale izdavačke usluge, osim izdavanja softvera","Publishing services of books, newspapers and other publishing services, except software publishing",2025-01-01
58.11,Usluge izdavanja knjiga,Publishing services of books,2025-01-01
58.11.1,"Tiskane knjige, brošure, leci i slično","Printed books, brochures, leaflets and the like",2025-01-01
58.11.11,Tiskane obrazovne knjige,Printed educational books,2025-01-01
58.11.12,Tiskane knjige za djecu,Printed children books,2025-01-01
58.11.13,Ostale tiskane knjige,Other printed books,2025-01-01
58.11.14,"Brošure, leci i slično","Brochures, leaflets and the like",2025-01-01
58.11.2,E-knjige,E-books,2025-01-01
58.11.20,E-knjige,E-books,2025-01-01
58.11.3,Audioknjige,Audio books,2025-01-01
58.11.31,Audioknjige na fizičkim medijima,Audio books on physical media,2025-01-01
58.11.32,Audioknjige na internetu,Online audio books,2025-01-01
58.11.4,Oglasni prostor u knjigama,Advertising space in books,2025-01-01
58.11.41,Oglasni prostor u tiskanim knjigama,"Advertising space in books, printed",2025-01-01
58.11.42,Oglasni prostor u elektroničkim knjigama,"Advertising space in books, electronic",2025-01-01
58.11.5,Izdavanje knjiga uz naplatu ili na osnovi ugovora,Publishing of books on a fee or contract basis,2025-01-01
58.11.50,Izdavanje knjiga uz naplatu ili na osnovi ugovora,Publishing of books on a fee or contract basis,2025-01-01
58.11.6,Usluge upravljanja autorskim pravima na knjige,Licensing services of books,2025-01-01
58.11.61,Usluge upravljanja autorskim pravima na izdavanje knjiga,Licensing services of publishing of books,2025-01-01
58.11.62,Usluge upravljanja autorskim pravima na korištenje sadržaja,Licensing services of right to use the content,2025-01-01
58.12,Usluge izdavanja novina,Publishing services of newspapers,2025-01-01
58.12.1,Tiskane novine,Printed newspapers,2025-01-01
58.12.10,Tiskane novine,Printed newspapers,2025-01-01
58.12.2,Novine na internetu,Online newspapers,2025-01-01
58.12.20,Novine na internetu,Online newspapers,2025-01-01
58.12.3,Oglasni prostor u novinama,Advertising space in newspapers,2025-01-01
58.12.31,Oglasni prostor u tiskanim novinama,"Advertising space in newspapers, printed",2025-01-01
58.12.32,Oglasni prostor u elektroničkim novinama,"Advertising space in newspapers, electronic",2025-01-01
58.13,Usluge izdavanja časopisa i periodičnih publikacija,Publishing services of journals and periodicals,2025-01-01
58.13.1,Tiskani časopisi i periodične publikacije,Printed journals and periodicals,2025-01-01
58.13.11,Tiskani časopisi i periodične publikacije od općeg interesa,Printed general interest journals and periodicals,2025-01-01
58.13.12,"Tiskani poslovni, stručni i akademski časopisi te periodične publikacije","Printed business, professional and academic journals and periodicals",2025-01-01
58.13.13,Ostali tiskani časopisi i periodične publikacije,Other printed journals and periodicals,2025-01-01
58.13.2,Časopisi i periodične publikacije na internetu,Online journals and periodicals,2025-01-01
58.13.20,Časopisi i periodične publikacije na internetu,Online journals and periodicals,2025-01-01
58.13.3,Oglasni prostor u časopisima i periodičnim publikacijama,Advertising space in journals and periodicals,2025-01-01
58.13.31,Oglasni prostor u tiskanim časopisima i periodičnim publikacijama,"Advertising space in journals and periodicals, printed",2025-01-01
58.13.32,Oglasni prostor u elektroničkim časopisima i periodičnim publikacijama,"Advertising space in journals and periodicals, electronic",2025-01-01
58.13.4,Usluge upravljanja autorskim pravima na časopise i periodične publikacije,Licensing services of journals and periodicals,2025-01-01
58.13.40,Usluge upravljanja autorskim pravima na časopise i periodične publikacije,Licensing services of journals and periodicals,2025-01-01
58.19,"Ostale izdavačke usluge, osim izdavanja softvera","Other publishing services, except software publishing",2025-01-01
58.19.1,"Ostale usluge izdavanja tiskanog materijala, osim imenika i popisa adresa","Other printed matter publishing services, other than directories and mailing lists",2025-01-01
58.19.11,"Tiskane razglednice, čestitke i slično","Printed postcards, cards bearing greetings and the like",2025-01-01
58.19.12,"Tiskane slike, crteži i fotografije","Printed pictures, designs and photographs",2025-01-01
58.19.13,"Papiri za preslikavanje (dekalkomanije), kalendari","Printed transfers (decalcomanias), calendars",2025-01-01
58.19.14,"Tiskane neiskorištene poštanske marke, biljezi i slično; papir s utisnutim žigom; čekovi; banknote, dionice, obveznice i slični vrijednosni papiri","Printed unused postage, revenue or similar stamps; stamp-impressed paper; cheque forms; banknotes, stock, share or bond certificates and similar documents of title",2025-01-01
58.19.15,"Tiskani trgovački reklamni materijal, komercijalni katalozi i slično","Printed trade advertising material, commercial catalogues and the like",2025-01-01
58.19.16,Ostali tiskani materijal,Other printed matter,2025-01-01
58.19.2,"Ostali internetski sadržaji, osim imenika i popisa adresa","Other online content, other than directories and mailing lists",2025-01-01
58.19.21,Internetski sadržaji za odrasle,Online adult content,2025-01-01
58.19.29,"Ostali internetski sadržaji, d. n.",Other online content n.e.c.,2025-01-01
58.19.3,Usluge upravljanja autorskim pravima na ostale tiskane materijale,Licensing services of other printed matter,2025-01-01
58.19.30,Usluge upravljanja autorskim pravima na ostale tiskane materijale,Licensing services of other printed matter,2025-01-01
58.19.4,"Imenici i popisi adresa, tiskani ili na fizičkom mediju","Directories and mailing lists, printed or physical media",2025-01-01
58.19.41,"Bibliografske baze podataka, tiskane ili na fizičkom mediju","Bibliographic databases, printed or physical media",2025-01-01
58.19.42,"Ostali imenici i popisi adresa, tiskani ili na fizičkom mediju","Other directories and mailing lists, printed or physical media",2025-01-01
58.19.5,Imenici i popisi adresa na internetu,Online directories and mailing lists,2025-01-01
58.19.51,Bibliografske baze podataka na internetu,Online bibliographic databases,2025-01-01
58.19.52,Ostali imenici i popisi adresa na internetu,Other online directories and mailing lists,2025-01-01
58.19.6,Usluge upravljanja autorskim pravima na korištenje imenika i popisa adresa,Licensing services of the right to use directories and mailing lists,2025-01-01
58.19.60,Usluge upravljanja autorskim pravima na korištenje imenika i popisa adresa,Licensing services of the right to use directories and mailing lists,2025-01-01
58.19.7,Oglasni prostor u imenicima i popisima adresa,Advertising space in directories and mailing lists,2025-01-01
58.19.71,Oglasni prostor u tiskanim imenicima i popisima adresa,"Advertising space in directories and mailing lists, printed",2025-01-01
58.19.72,Oglasni prostor u elektroničkim imenicima i popisima adresa,"Advertising space in directories and mailing lists, electronic",2025-01-01
58.2,Usluge izdavanja softvera,Software publishing services,2025-01-01
58.21,Usluge izdavanja videoigara,Publishing services of video games,2025-01-01
58.21.1,"Računalne igre, na fizičkom mediju","Computer games, on physical media",2025-01-01
58.21.10,"Računalne igre, na fizičkom mediju","Computer games, on physical media",2025-01-01
58.21.2,Računalne igre preuzete s interneta,Computer game downloads,2025-01-01
58.21.20,Računalne igre preuzete s interneta,Computer game downloads,2025-01-01
58.21.3,Igre na internetu,Online games,2025-01-01
58.21.30,Igre na internetu,Online games,2025-01-01
58.21.4,Usluge upravljanja autorskim pravima na računalne igre,Licensing services of computer games,2025-01-01
58.21.41,Usluge upravljanja autorskim pravima na korištenje računalnih igara,Licensing services of the right to use computer games,2025-01-01
58.21.42,Autorsko pravo na umnožavanje ili mogućnost dodavanja vlastitog sadržaja ili izmjene računalnih igara,Licensing right to reproduce or possibility to add own content or to transform computer games,2025-01-01
58.21.5,Usluge posredovanja u izdavanju softvera,Intermediation services of software publishing,2025-01-01
58.21.50,Usluge posredovanja u izdavanju softvera,Intermediation services of software publishing,2025-01-01
58.29,Ostale usluge izdavanja softvera,Other software publishing services,2025-01-01
58.29.1,"Sistemski i aplikacijski softver, na fizičkom mediju","Systems and application software, on physical media",2025-01-01
58.29.11,"Sistemski softver, na fizičkom mediju","Systems software, on physical media",2025-01-01
58.29.12,"Aplikacijski softver, na fizičkom mediju","Application software, on physical media",2025-01-01
58.29.2,Softver preuzet s interneta,Software downloads,2025-01-01
58.29.21,"Operativni sustavi, preuzeti s interneta",Operating systems downloads,2025-01-01
58.29.22,"Mrežni softver, preuzet s interneta","Network software, downloads",2025-01-01
58.29.23,"Softver za upravljanje bazom podataka, preuzet s interneta","Database management software, downloads",2025-01-01
58.29.24,"Softver za razvojne alate i programske jezike, preuzet s interneta","Development tools and programming languages software, downloads",2025-01-01
58.29.25,"Aplikacije za opću poslovnu produktivnost i za kućnu uporabu, preuzete s interneta","General business productivity and home use applications, downloads",2025-01-01
58.29.26,"Ostali aplikacijski softver, preuzet s interneta","Other application software, downloads",2025-01-01
58.29.3,Softver na internetu,Online software,2025-01-01
58.29.31,Softver operativnih sustava na internetu,Online operating system software,2025-01-01
58.29.32,Mrežni softver na internetu,Online network software,2025-01-01
58.29.33,Softver za upravljanje bazom podataka na internetu,Online database management software,2025-01-01
58.29.34,Softver za razvojne alate i programske jezike na internetu,Online development tools and programming languages software,2025-01-01
58.29.35,"Aplikacije za opću poslovnu produktivnost i za kućnu uporabu, na internetu",General business productivity and home use online applications,2025-01-01
58.29.36,Ostale aplikacije na internetu,Other online applications,2025-01-01
58.29.4,"Usluge upravljanja autorskim pravima na računalni softver, osim računalnih igara",Licensing services of computer software other than computer games,2025-01-01
58.29.41,"Usluge upravljanja autorskim pravima na korištenje softvera, osim računalnih igara",Licensing services of the right to use software other than computer games,2025-01-01
58.29.42,"Autorsko pravo na umnožavanje ili mogućnost dodavanja vlastitog sadržaja ili preinake računalog softvera, osim računalnih igara",Licensing right to reproduce or possibility to add own content or to transform computer software other than computer games,2025-01-01
59,"Usluge proizvodnje filmova, videofilmova i televizijskog programa, snimanja zvučnih zapisa i izdavanja glazbenih zapisa","Motion picture, video and television programme production, sound recording and music publishing services",2025-01-01
59.1,"Usluge proizvodnje filmova, videofilmova i televizijskog programa","Motion picture, video and television programme services",2025-01-01
59.11,"Usluge proizvodnje filmova, videofilmova i televizijskog programa","Motion picture, video and television programme production services",2025-01-01
59.11.1,"Usluge proizvodnje filmova, videofilmova i televizijskog programa","Production services of motion picture, video and television programmes",2025-01-01
59.11.11,Usluge proizvodnje promotivnih i promidžbenih filmova i videofilmova,Promotional or advertisement motion picture and video production services,2025-01-01
59.11.12,Ostale usluge proizvodnje filmova,Other motion picture production services,2025-01-01
59.11.13,Ostale usluge proizvodnje videa,Other video production services,2025-01-01
59.11.14,Ostale usluge proizvodnje televizijskog programa,Other television programme production services,2025-01-01
59.11.2,"Filmovi, videofilmovi i televizijski program","Motion picture, video and television programme products",2025-01-01
59.11.21,"Originalni filmovi, videofilmovi i televizijski program","Motion picture, video and television programme originals",2025-01-01
59.11.22,Kinematografski filmovi,Cinematographic film,2025-01-01
59.11.23,Snimljeni videosadržaji na elektroničkim fizičkim medijima,Recorded video content on electronic physical media,2025-01-01
59.11.24,Filmovi i ostali videosadržaji preuzeti s interneta,Films and other video downloads,2025-01-01
59.11.25,Internetski prijenos videosadržaja (streaming),Streamed video content,2025-01-01
59.11.3,"Prodaja oglasnog prostora ili vremena u filmovima, videoproizvodima i televizijskim proizvodima","Sale of advertising space or time in motion picture, video and television products",2025-01-01
59.11.30,"Prodaja oglasnog prostora ili vremena u filmovima, videoproizvodima i televizijskim proizvodima","Sale of advertising space or time in motion picture, video and television products",2025-01-01
59.12,"Usluge nakon proizvodnje filmova, videofilmova i televizijskog programa","Motion picture, video and television programme post-production services",2025-01-01
59.12.0,"Usluge nakon proizvodnje filmova, videofilmova i televizijskog programa","Motion picture, video and television programme post-production services",2025-01-01
59.12.01,Usluge audiovizualne montaže,Audio-visual editing services,2025-01-01
59.12.02,Usluge prijenosa i umnožavanja originalnih snimki,Transfers and duplication of masters services,2025-01-01
59.12.03,Usluge korekcije boja i digitalne restauracije,Colour correction and digital restoration services,2025-01-01
59.12.04,Usluge vizualnih efekata,Visual effects services,2025-01-01
59.12.05,Usluge animacije,Animation services,2025-01-01
59.12.06,Usluge dodavanja naslova i podnaslova,"Captioning, titling and subtitling services",2025-01-01
59.12.07,Usluge montaže i uređenja zvuka,Sound editing and design services,2025-01-01
59.12.08,"Ostale postprodukcijske usluge za filmove, videofilmove i televizijski program","Other motion picture, video and television programme post-production services",2025-01-01
59.13,"Usluge distribucije filmova, videofilmova i televizijskog programa",Motion picture and video distribution services,2025-01-01
59.13.0,"Usluge distribucije filmova, videofilmova i televizijskog programa",Motion picture and video distribution services,2025-01-01
59.13.01,Usluge upravljanja autorskim pravima na filmove i prihode od njih,Licensing services of film rights and their revenues,2025-01-01
59.13.02,"Ostale usluge distribucije filmova, videofilmova i televizijskog programa","Other motion picture, video and television programme distribution services",2025-01-01
59.14,Usluge prikazivanja filmova,Motion picture projection services,2025-01-01
59.14.0,Usluge prikazivanja filmova,Motion picture projection services,2025-01-01
59.14.00,Usluge prikazivanja filmova,Motion picture projection services,2025-01-01
59.2,Usluge snimanja zvučnih zapisa i izdavanja glazbenih zapisa,Sound recording and music publishing services,2025-01-01
59.20,Usluge snimanja zvučnih zapisa i izdavanja glazbenih zapisa,Sound recording and music publishing services,2025-01-01
59.20.1,Usluge snimanja zvučnih zapisa i snimanja uživo; originalni zvučni zapisi,Sound recording and live recording services; sound recording originals,2025-01-01
59.20.11,Usluge snimanja zvučnih zapisa (u studiju),Sound recording services,2025-01-01
59.20.12,Usluge snimanja uživo,Live recording services,2025-01-01
59.20.13,Originalni zvučni zapisi,Sound recording originals,2025-01-01
59.20.2,Usluge proizvodnje radioprograma; originalni radioprogrami,Radio programme production services; radio programme originals,2025-01-01
59.20.21,Usluge proizvodnje radioprograma,Radio programme production services,2025-01-01
59.20.22,Originalni radioprogrami,Radio programme originals,2025-01-01
59.20.3,Usluge izdavanja glazbenih zapisa,Music publishing services,2025-01-01
59.20.31,Muzikalije,Sheet music,2025-01-01
59.20.32,Elektronički glazbeni zapisi,Electronic scores,2025-01-01
59.20.33,Snimljeni glazbeni sadržaji na elektroničkim fizičkim medijima,Recorded musical content on electronic physical media,2025-01-01
59.20.34,Glazba preuzeta s interneta,Music downloads,2025-01-01
59.20.35,Internetski prijenos glazbe,Streamed musical content,2025-01-01
59.20.4,Usluge upravljanja autorskim pravima na korištenje originalnih zvučnih zapisa,Licensing services of the right to use acoustic originals,2025-01-01
59.20.40,Usluge upravljanja autorskim pravima na korištenje originalnih zvučnih zapisa,Licensing services of the right to use acoustic originals,2025-01-01
60,"Usluge emitiranja radijskog i televizijskog programa, usluge novinskih agencija i ostale usluge distribucije sadržaja","Programming, broadcasting, news agency and other content distribution services",2025-01-01
60.1,Usluge emitiranja radijskog programa i distribucije audio sadržaja,Radio broadcasting and audio distribution services,2025-01-01
60.10,Usluge emitiranja radijskog programa i distribucije audio sadržaja,Radio broadcasting and audio distribution services,2025-01-01
60.10.1,Usluge emitiranja radijskog programa; emitiranje originalnih programa,Radio broadcasting services; broadcast originals,2025-01-01
60.10.11,Usluge emitiranja radijskog programa,Radio programming and broadcasting services,2025-01-01
60.10.12,Originalni radijski programi,Radio broadcasting originals,2025-01-01
60.10.2,Programi radijskih kanala,Radio channel programmes,2025-01-01
60.10.20,Programi radijskih kanala,Radio channel programmes,2025-01-01
60.10.3,Vrijeme za promidžbu na radiju,Radio advertising time,2025-01-01
60.10.30,Vrijeme za promidžbu na radiju,Radio advertising time,2025-01-01
60.10.4,Usluge distribucije audio sadržaja,Audio distribution services,2025-01-01
60.10.40,Usluge distribucije audio sadržaja,Audio distribution services,2025-01-01
60.2,Usluge emitiranja televizijskog programa i video distribucija,"Television programming, broadcasting and video distribution services",2025-01-01
60.20,Usluge emitiranja televizijskog programa i video distribucija,"Television programming, broadcasting and video distribution services",2025-01-01
60.20.1,Usluge emitiranja televizijskog programa,Television programming and broadcasting services,2025-01-01
60.20.11,Usluge emitiranja linearnog televizijskog programa,Linear television programming and broadcasting services,2025-01-01
60.20.12,Usluge videa na zahtjev na internetu,Online video-on-demand services,2025-01-01
60.20.13,Ostale usluge videa na zahtjev,Other video-on-demand services,2025-01-01
60.20.2,Originalni televizijski programi,Television broadcasting originals,2025-01-01
60.20.20,Originalni televizijski programi,Television broadcasting originals,2025-01-01
60.20.3,Vrijeme za promidžbu na televiziji,Television advertising time,2025-01-01
60.20.30,Vrijeme za promidžbu na televiziji,Television advertising time,2025-01-01
60.20.4,Usluge video distribucije,Video distribution services,2025-01-01
60.20.40,Usluge video distribucije,Video distribution services,2025-01-01
60.3,Usluge novinskih agencija i ostale usluge distribucije sadržaja,News agency and other content distribution services,2025-01-01
60.31,Usluge novinskih agencija,News agency services,2025-01-01
60.31.0,Usluge novinskih agencija,News agency services,2025-01-01
60.31.01,Usluge novinskih agencija za novine i periodične publikacije,News agency services to newspapers and periodicals,2025-01-01
60.31.02,Usluge novinskih agencija za audiovizualne medije,News agency services to audio-visual media,2025-01-01
60.39,Ostale usluge distribucije sadržaja,Other content distribution services,2025-01-01
60.39.1,Usluge distribucije softvera na internetu koje nisu povezane s izdavaštvom,Online software distribution services not associated with publishing,2025-01-01
60.39.11,Usluge distribucije videoigara na internetu koje nisu povezane s izdavaštvom,Online distribution services of video games not associated with publishing,2025-01-01
60.39.12,Usluge distribucije ostalog softvera na internetu koje nisu povezane s izdavaštvom,Online distribution services of other software not associated with publishing,2025-01-01
60.39.2,Usluge distribucije e-knjiga na internetu koje nisu povezane s izdavaštvom,Online distribution services of e-books not associated with publishing,2025-01-01
60.39.20,Usluge distribucije e-knjiga na internetu koje nisu povezane s izdavaštvom,Online distribution services of e-books not associated with publishing,2025-01-01
60.39.3,Usluge distribucije stranica za razmjenu sadržaja,Distribution services of content sharing sites,2025-01-01
60.39.30,Usluge distribucije stranica za razmjenu sadržaja,Distribution services of content sharing sites,2025-01-01
60.39.9,"Ostale usluge distribucije sadržaja, d. n.",Other content distribution services n.e.c.,2025-01-01
60.39.90,"Ostale usluge distribucije sadržaja, d. n.",Other content distribution services n.e.c.,2025-01-01
K,"TELEKOMUNIKACIJE, RAČUNALNO PROGRAMIRANJE, SAVJETOVANJE I OSTALE INFORMACIJSKE USLUGE","TELECOMMUNICATION, COMPUTER PROGRAMMING, CONSULTING AND OTHER INFORMATION SERVICES",2025-01-01
61,Telekomunikacijske usluge,Telecommunication services,2025-01-01
61.1,"Žičane, bežične i satelitske telekomunikacijske usluge","Wired, wireless, and satellite telecommunication services",2025-01-01
61.10,"Žičane, bežične i satelitske telekomunikacijske usluge","Wired, wireless, and satellite telecommunication services",2025-01-01
61.10.1,Usluge prijenosa podataka i poruka,Data and message transmitting services,2025-01-01
61.10.11,Usluge fiksne telefonije – pristup i uporaba,Fixed telephony services - access and use,2025-01-01
61.10.12,Usluge fiksne telefonije – mogućnosti pozivanja,Fixed telephony services - calling features,2025-01-01
61.10.13,Usluge privatnih mreža u žičanim telekomunikacijskim sustavima,Private network services of wired telecommunication systems,2025-01-01
61.10.2,Usluge prijenosa za žičanu telekomunikaciju,Carrier services of wired telecommunication,2025-01-01
61.10.20,Usluge prijenosa za žičanu telekomunikaciju,Carrier services of wired telecommunication,2025-01-01
61.10.3,Usluge prijenosa podataka putem žičanih telekomunikacijskih mreža,Data transmission services over wired telecommunication networks,2025-01-01
61.10.30,Usluge prijenosa podataka putem žičanih telekomunikacijskih mreža,Data transmission services over wired telecommunication networks,2025-01-01
61.10.4,Internetske usluge putem žičanih telekomunikacijskih mreža,Wired internet telecommunication services,2025-01-01
61.10.41,Usluge internetske jezgrene mreže,Internet backbone services,2025-01-01
61.10.42,Usluge uskopojasnog internetskog pristupa putem žičanih mreža,Narrowband internet access services over wired networks,2025-01-01
61.10.43,Usluge širokopojasnog internetskog pristupa putem žičanih mreža,Broadband internet access services over wired networks,2025-01-01
61.10.44,Ostale internetske usluge putem žičanih telekomunikacijskih mreža,Other wired internet telecommunication services,2025-01-01
61.10.5,Usluge mobilne telekomunikacije i usluge privatnih mreža za bežične telekomunikacijske sustave,Mobile telecommunication services and private network services of wireless telecommunication systems,2025-01-01
61.10.51,Usluge privatnih mreža u bežičnim telekomunikacijskim sustavima,Private network services of wireless telecommunication systems,2025-01-01
61.10.52,Mobilne govorne usluge,Mobile voice services,2025-01-01
61.10.53,Mobilne usluge slanja tekstualnih sadržaja,Mobile text services,2025-01-01
61.10.54,"Mobilne podatkovne usluge, osim usluga slanja tekstualnih sadržaja","Mobile data services, except text services",2025-01-01
61.10.6,Usluge prijenosa za bežičnu telekomunikaciju,Carrier services of wireless telecommunication,2025-01-01
61.10.60,Usluge prijenosa za bežičnu telekomunikaciju,Carrier services of wireless telecommunication,2025-01-01
61.10.7,Usluge prijenosa podataka putem bežičnih telekomunikacijskih mreža,Data transmission services over wireless telecommunication networks,2025-01-01
61.10.70,Usluge prijenosa podataka putem bežičnih telekomunikacijskih mreža,Data transmission services over wireless telecommunication networks,2025-01-01
61.10.8,Internetske usluge putem bežičnih telekomunikacijskih mreža,Wireless internet telecommunication services,2025-01-01
61.10.81,Usluge uskopojasnog internetskog pristupa putem bežičnih mreža,Narrowband internet access services over wireless networks,2025-01-01
61.10.82,Usluge širokopojasnog internetskog pristupa putem bežičnih mreža,Broadband internet access services over wireless networks,2025-01-01
61.10.83,Ostale internetske usluge putem bežičnih telekomunikacijskih mreža,Other wireless internet telecommunication services,2025-01-01
61.10.9,"Usluge satelitskih telekomunikacija, osim usluga distribucije programa kućanstvima putem satelita","Satellite telecommunication services, except home programme distribution services via satellite",2025-01-01
61.10.90,"Usluge satelitskih telekomunikacija, osim usluga distribucije programa kućanstvima putem satelita","Satellite telecommunication services, except home programme distribution services via satellite",2025-01-01
61.2,Usluge preprodaje telekomunikacijskih usluga i usluge posredovanja u telekomunikacijskim uslugama,Telecommunication reselling services and intermediation services of telecommunication services,2025-01-01
61.20,Usluge preprodaje telekomunikacijskih usluga i usluge posredovanja u telekomunikacijskim uslugama,Telecommunication reselling services and intermediation services of telecommunication services,2025-01-01
61.20.0,Usluge preprodaje telekomunikacijskih usluga i usluge posredovanja u telekomunikacijskim uslugama,Telecommunication reselling services and intermediation services of telecommunication services,2025-01-01
61.20.01,Usluge preprodaje telekomunikacijskih usluga,Telecommunication reselling services,2025-01-01
61.20.02,Usluge posredovanja u telekomunikacijskim uslugama,Intermediation services of telecommunication services,2025-01-01
61.9,Ostale telekomunikacijske usluge,Other telecommunication services,2025-01-01
61.90,Ostale telekomunikacijske usluge,Other telecommunication services,2025-01-01
61.90.0,Ostale telekomunikacijske usluge,Other telecommunication services,2025-01-01
61.90.00,Ostale telekomunikacijske usluge,Other telecommunication services,2025-01-01
62,"Računalno programiranje, savjetovanje i usluge povezane s njima","Computer programming, consultancy and related services",2025-01-01
62.1,Usluge računalnog programiranja,Computer programming services,2025-01-01
62.10,Usluge računalnog programiranja,Computer programming services,2025-01-01
62.10.1,Usluge izrade i razvoja programske opreme,IT design and development services,2025-01-01
62.10.11,Usluge IT dizajna i razvoja aplikacija,IT design and development services of applications,2025-01-01
62.10.12,Usluge IT dizajna i razvoja mreža i sustava,IT design and development services of networks and systems,2025-01-01
62.10.2,Originalni softver,Software originals,2025-01-01
62.10.21,Originalni softver za računalne igre,Computer games software originals,2025-01-01
62.10.22,Ostali originalni softver,Other software originals,2025-01-01
62.2,Računalno savjetovanje i usluge upravljanja računalnom opremom,Computer consultancy and computer facilities management services,2025-01-01
62.20,Računalno savjetovanje i usluge upravljanja računalnom opremom,Computer consultancy and computer facilities management services,2025-01-01
62.20.1,Usluge savjetovanja o hardveru,Hardware consultancy services,2025-01-01
62.20.10,Usluge savjetovanja o hardveru,Hardware consultancy services,2025-01-01
62.20.2,Usluge savjetovanja o sustavima i softveru,Systems and software consultancy services,2025-01-01
62.20.20,Usluge savjetovanja o sustavima i softveru,Systems and software consultancy services,2025-01-01
62.20.3,Usluge tehničke podrške u vezi s računalima,IT technical support services,2025-01-01
62.20.30,Usluge tehničke podrške u vezi s računalima,IT technical support services,2025-01-01
62.20.4,Usluge upravljanja računalnom opremom i sustavima,Computer facilities management services,2025-01-01
62.20.41,Usluge upravljanja računalnim mrežama,Network management services,2025-01-01
62.20.42,Usluge upravljanja računalnim sustavima,Computer systems management services,2025-01-01
62.20.5,Usluge savjetovanja o kibernetičkoj sigurnosti,Cybersecurity consultancy services,2025-01-01
62.20.50,Usluge savjetovanja o kibernetičkoj sigurnosti,Cybersecurity consultancy services,2025-01-01
62.9,Ostale usluge u vezi s informacijskom tehnologijom i računalima,Other information technology and computer services,2025-01-01
62.90,Ostale usluge u vezi s informacijskom tehnologijom i računalima,Other information technology and computer services,2025-01-01
62.90.1,Usluge instaliranja računala i periferne opreme,Installation services of computers and peripheral equipment,2025-01-01
62.90.10,Usluge instaliranja računala i periferne opreme,Installation services of computers and peripheral equipment,2025-01-01
62.90.9,"Ostale usluge u vezi s informacijskim tehnologijama i računalima, d. n.",Other information technology and computer services n.e.c.,2025-01-01
62.90.90,"Ostale usluge u vezi s informacijskim tehnologijama i računalima, d. n.",Other information technology and computer services n.e.c.,2025-01-01
63,"Računalna infrastruktura, obrada podataka, usluge poslužitelja i ostale informacijske usluge","Computing infrastructure, data processing, hosting and other information services",2025-01-01
63.1,"Računalna infrastruktura, obrada podataka, usluge poslužitelja i povezane usluge","Computing infrastructure, data processing, hosting and related services",2025-01-01
63.10,"Računalna infrastruktura, obrada podataka, usluge poslužitelja i povezane usluge","Computing infrastructure, data processing, hosting and related services",2025-01-01
63.10.1,"Obrada podataka, usluge poslužitelja i ostale usluge povezane s IT infrastrukturom","Data processing, hosting and other IT infrastructure provisioning services",2025-01-01
63.10.11,Usluge obrade podataka,Data processing services,2025-01-01
63.10.12,Usluge internetskog poslužitelja,Web hosting services,2025-01-01
63.10.13,Ostale usluge poslužitelja i ostale usluge povezane s IT infrastrukturom,Other hosting and IT infrastructure provisioning services,2025-01-01
63.10.2,Promidžbeni prostor i vrijeme na internetu,Advertising space or time on the internet,2025-01-01
63.10.20,Promidžbeni prostor i vrijeme na internetu,Advertising space or time on the internet,2025-01-01
63.10.3,Kriptoimovina bez odgovarajuće odgovornosti i usluge njezina izdavanja,Crypto assets without corresponding liability and issuing services thereof,2025-01-01
63.10.31,Kriptoimovina bez odgovarajuće odgovornosti,Crypto assets without corresponding liability,2025-01-01
63.10.32,Usluge izdavanja kriptoimovine bez odgovarajuće odgovornosti,Issuing services of crypto assets without a corresponding liability,2025-01-01
63.9,Usluge internetskih portala i druge informacijske usluge,Web search portal services and other information services,2025-01-01
63.91,Usluge internetskih portala,Web search portal services,2025-01-01
63.91.1,Sadržaj internetskih portala,Web portal content,2025-01-01
63.91.10,Sadržaj internetskih portala,Web portal content,2025-01-01
63.91.2,Internetski promidžbeni prostor na internetskim portalima,Internet advertising space in web portals,2025-01-01
63.91.20,Internetski promidžbeni prostor na internetskim portalima,Internet advertising space in web portals,2025-01-01
63.92,Ostale informacijske usluge,Other information services,2025-01-01
63.92.1,Podaci i usluge prikupljanja podataka,Data and data compilation services,2025-01-01
63.92.11,Podaci,Data,2025-01-01
63.92.12,Usluge prikupljanja podataka,Data compilation services,2025-01-01
63.92.9,"Ostale informacijske usluge, d. n.",Other information services n.e.c.,2025-01-01
63.92.90,"Ostale informacijske usluge, d. n.",Other information services n.e.c.,2025-01-01
L,FINANCIJSKE USLUGE I USLUGE OSIGURANJA,FINANCIAL AND INSURANCE SERVICES,2025-01-01
64,"Financijske usluge, osim osiguranja i mirovinskih fondova","Financial services, except insurance and pension funding",2025-01-01
64.1,Usluge novčarskog posredovanja,Monetary intermediation services,2025-01-01
64.11,Usluge središnjeg bankarstva,Central banking services,2025-01-01
64.11.0,Usluge središnjeg bankarstva,Central banking services,2025-01-01
64.11.00,Usluge središnjeg bankarstva,Central banking services,2025-01-01
64.19,Usluge ostalog novčarskog posredovanja,Other monetary intermediation services,2025-01-01
64.19.1,Usluge depozita,Deposit services,2025-01-01
64.19.11,Usluge depozita za korporacijske i institucionalne ulagače,Deposit services to corporate and institutional depositors,2025-01-01
64.19.12,Usluge depozita za ostale ulagače,Deposit services to other depositors,2025-01-01
64.19.2,Usluge odobravanja kredita novčarskih institucija,Credit granting services by monetary institutions,2025-01-01
64.19.21,Usluge odobravanja međuindustrijskih kredita novčarskih institucija,Inter-industry credit granting services by monetary institutions,2025-01-01
64.19.22,Usluge odobravanja potrošačkih kredita novčarskih institucija,Consumer credit granting services by monetary institutions,2025-01-01
64.19.23,Usluge odobravanja stambenih hipotekarnih kredita novčarskih institucija,Residential mortgage credit granting services by monetary institutions,2025-01-01
64.19.24,Usluge odobravanja nestambenih hipotekarnih kredita novčarskih institucija,Non-residential mortgage credit granting services by monetary institutions,2025-01-01
64.19.25,Usluge odobravanja nehipotekarnih komercijalnih kredita novčarskih institucija,Commercial non-mortgage credit granting services by monetary institutions,2025-01-01
64.19.26,Usluge poslovanja kreditnim karticama novčarskih institucija,Credit card services by monetary institutions,2025-01-01
64.19.27,Usluge odobravanja ostalih kredita novčarskih institucija,Other credit granting services by monetary institutions,2025-01-01
64.19.3,"Ostale usluge novčarskog posredovanja, d. n.",Other monetary intermediation services n.e.c.,2025-01-01
64.19.30,"Ostale usluge novčarskog posredovanja, d. n.",Other monetary intermediation services n.e.c.,2025-01-01
64.2,Usluge holding-društava i kanala financiranja,Services of holding companies and financing conduits,2025-01-01
64.21,Usluge holding društava,Services of holding companies,2025-01-01
64.21.0,Usluge holding društava,Services of holding companies,2025-01-01
64.21.00,Usluge holding društava,Services of holding companies,2025-01-01
64.22,Usluge kanala financiranja,Services of financing conduits,2025-01-01
64.22.0,Usluge kanala financiranja,Services of financing conduits,2025-01-01
64.22.00,Usluge kanala financiranja,Services of financing conduits,2025-01-01
64.3,"Usluge uzajamnih fondova (trustova), ostalih fondova i sličnih financijskih subjekata","Services of trusts, funds and similar financial entities",2025-01-01
64.31,Usluge novčanih i nenovčanih investicijskih fondova,Services of money market and non-money market investments funds,2025-01-01
64.31.0,Usluge novčanih i nenovčanih investicijskih fondova,Services of money market and non-money market investments funds,2025-01-01
64.31.00,Usluge novčanih i nenovčanih investicijskih fondova,Services of money market and non-money market investments funds,2025-01-01
64.32,"Usluge uzajamnih fondova (trustova), imovinskih računa i računa o zastupanju","Services of trust, estate and agency accounts",2025-01-01
64.32.0,"Usluge uzajamnih fondova (trustova), imovinskih računa i računa o zastupanju","Services of trust, estate and agency accounts",2025-01-01
64.32.00,"Usluge uzajamnih fondova (trustova), imovinskih računa i računa o zastupanju","Services of trust, estate and agency accounts",2025-01-01
64.9,"Ostale financijske usluge, osim osiguranja i mirovinskih fondova","Other financial services, except insurance and pension funding",2025-01-01
64.91,Usluge financijskog leasinga,Financial leasing services,2025-01-01
64.91.0,Usluge financijskog leasinga,Financial leasing services,2025-01-01
64.91.00,Usluge financijskog leasinga,Financial leasing services,2025-01-01
64.92,Usluge ostalog kreditnog posredovanja,Other credit granting services,2025-01-01
64.92.0,Usluge ostalog kreditnog posredovanja,Other credit granting services,2025-01-01
64.92.01,"Usluge odobravanja međuindustrijskih kredita, osim kredita novčarskih institucija","Inter-industry credit granting services, other than by monetary institutions",2025-01-01
64.92.02,"Usluge odobravanja potrošačkih kredita, osim kredita novčarskih institucija","Consumer credit granting services, other than by monetary institutions",2025-01-01
64.92.03,"Usluge odobravanja stambenih hipotekarnih kredita, osim kredita novčarskih institucija","Residential mortgage credit granting services, other than by monetary institutions",2025-01-01
64.92.04,"Usluge odobravanja nestambenih hipotekarnih kredita, osim kredita novčarskih institucija","Non-residential mortgage credit granting services, other than by monetary institutions",2025-01-01
64.92.05,"Usluge odobravanja nehipotekarnih komercijalnih kredita, osim kredita novčarskih institucija","Commercial non-mortgage credit granting services, other than by monetary institutions",2025-01-01
64.92.06,"Usluge poslovanja kreditnim karticama, osim usluga novčarskih institucija","Credit card services, other than by monetary institutions",2025-01-01
64.92.07,Usluge zalagaonica i zalagaoničara,Pawnshop and pawnbroker services,2025-01-01
64.92.09,"Ostale usluge kreditnog posredovanja, osim posredovanja novčarskih institucija, d. n.","Other credit granting services, other than by monetary institutions n.e.c.",2025-01-01
64.99,"Ostale financijske usluge, osim osiguranja i mirovinskih fondova, d. n.","Other financial services, except insurance and pension funding n.e.c.",2025-01-01
64.99.0,"Ostale financijske usluge, osim osiguranja i mirovinskih fondova, d. n.","Other financial services, except insurance and pension funding n.e.c.",2025-01-01
64.99.01,Usluge investicijskog bankarstva,Investment banking services,2025-01-01
64.99.02,Usluge sekuritizacijskih subjekata,Securitisation vehicle services,2025-01-01
64.99.03,Devizne konverzije za vlastiti račun,Exchange services of currency on own account,2025-01-01
64.99.04,Izdavanje kriptoimovine uz odgovarajuću odgovornost,Issuing of crypto assets with a corresponding liability,2025-01-01
64.99.09,"Financijske usluge, osim osiguranja i mirovinskih fondova, d. n.","Financial services, except insurance and pension funding, n.e.c.",2025-01-01
65,"Usluge osiguranja, reosiguranja i mirovinskih fondova, osim obveznog socijalnog osiguranja","Insurance, reinsurance and pension funding services, except compulsory social security",2025-01-01
65.1,Usluge osiguranja,Insurance services,2025-01-01
65.11,Usluge životnog osiguranja,Life insurance services,2025-01-01
65.11.0,Usluge životnog osiguranja,Life insurance services,2025-01-01
65.11.00,Usluge životnog osiguranja,Life insurance services,2025-01-01
65.12,Usluge ostalog osiguranja,Non-life insurance services,2025-01-01
65.12.1,Usluge osiguranja od nesreće i zdravstvenog osiguranja,Accident and health insurance services,2025-01-01
65.12.11,Usluge osiguranja od nezgode,Accident insurance services,2025-01-01
65.12.12,Usluge zdravstvenog osiguranja,Health insurance services,2025-01-01
65.12.2,Usluge osiguranja motornih vozila,Motor vehicle insurance services,2025-01-01
65.12.21,Usluge osiguranja motornih vozila (odgovornost treće osobe),"Motor vehicle insurance services, third party liability",2025-01-01
65.12.22,Ostale usluge osiguranja motornih vozila,Other motor vehicle insurance services,2025-01-01
65.12.3,"Usluge osiguranja plovila, zrakoplova i drugog prijevoza","Ships, aircrafts and other transport insurance services",2025-01-01
65.12.31,Usluge osiguranja željezničkog voznog parka,Railway rolling stock insurance services,2025-01-01
65.12.32,Usluge osiguranja zrakoplovne odgovornosti,Aircraft liability insurance services,2025-01-01
65.12.33,Ostale usluge zrakoplovnog osiguranja,Other aircraft insurance services,2025-01-01
65.12.34,Usluge osiguranja brodske odgovornosti,Ships liability insurance services,2025-01-01
65.12.35,Ostale usluge brodskog osiguranja,Other ships insurance services,2025-01-01
65.12.36,Usluge osiguranja tereta,Freight insurance services,2025-01-01
65.12.4,Usluge osiguranja od požara i drugih oblika štete na imovini,Fire and other damage to property insurance services,2025-01-01
65.12.41,Usluge osiguranja od štete na imovini prouzrokovane požarom,Fire damage to property insurance services,2025-01-01
65.12.42,Usluge osiguranja od ostale štete na imovini,Other damage to property insurance services,2025-01-01
65.12.5,Usluge osiguranja od opće odgovornosti,General liability insurance services,2025-01-01
65.12.50,Usluge osiguranja od opće odgovornosti,General liability insurance services,2025-01-01
65.12.6,Usluge osiguranja kredita i kreditne sposobnosti,Credit and suretyship insurance services,2025-01-01
65.12.61,Usluge osiguranja kredita,Credit insurance services,2025-01-01
65.12.62,Usluge osiguranja kreditne sposobnosti,Suretyship insurance services,2025-01-01
65.12.7,"Usluge osiguranja putovanja, pomoći na putovanju, osiguranja od troškova sudskih postupaka i različitih financijskih gubitaka","Travelling and assistance, legal expenses and miscellaneous financial loss insurance services",2025-01-01
65.12.71,Usluge osiguranja putovanja i pomoći na putovanju,Travelling and assistance insurance services,2025-01-01
65.12.72,Usluge osiguranja od troškova sudskih postupaka,Legal expenses insurance services,2025-01-01
65.12.73,Usluge osiguranja od različitih financijskih gubitaka,Miscellaneous financial loss insurance services,2025-01-01
65.12.9,Ostale usluge neživotnog osiguranja,Other non-life insurance services,2025-01-01
65.12.90,Ostale usluge neživotnog osiguranja,Other non-life insurance services,2025-01-01
65.2,Usluge reosiguranja,Reinsurance services,2025-01-01
65.20,Usluge reosiguranja,Reinsurance services,2025-01-01
65.20.1,"Usluge reosiguranja života, reosiguranja od nesreće i zdravstvenog reosiguranja","Life, accident and health reinsurance services",2025-01-01
65.20.11,Usluge reosiguranja života,Life reinsurance services,2025-01-01
65.20.12,Usluge reosiguranja od nesreće,Accident reinsurance services,2025-01-01
65.20.13,Usluge zdravstvenog reosiguranja,Health reinsurance services,2025-01-01
65.20.2,Usluge reosiguranja prijevoza i imovine,Transport and property reinsurance services,2025-01-01
65.20.21,Usluge reosiguranja motornih vozila (odgovornost treće osobe),"Motor vehicle reinsurance services, third party liability",2025-01-01
65.20.22,Ostale usluge reosiguranja motornih vozila,Other motor vehicle reinsurance services,2025-01-01
65.20.23,"Ostale usluge reosiguranja u morskom, zračnom i ostalom prijevozu","Marine, aviation and other transport reinsurance services",2025-01-01
65.20.24,Usluge reosiguranja tereta,Freight reinsurance services,2025-01-01
65.20.25,Usluge reosiguranja od požara ili drugih oblika štete na imovini,Fire and other damage to property reinsurance services,2025-01-01
65.20.3,"Usluge reosiguranja od opće odgovornosti, reosiguranja kredita i kreditne sposobnosti",General liability and credit and surety reinsurance services,2025-01-01
65.20.31,Usluge reosiguranja od opće odgovornosti,General liability reinsurance services,2025-01-01
65.20.32,Usluge reosiguranja kredita i kreditne sposobnosti,Credit and surety reinsurance services,2025-01-01
65.20.4,Usluge reosiguranja od troškova sudskih postupaka i različitih financijskih gubitaka,Legal expenses and miscellaneous financial loss reinsurance services,2025-01-01
65.20.41,Usluge reosiguranja od troškova sudskih postupaka,Legal expenses reinsurance services,2025-01-01
65.20.42,Usluge reosiguranja različitih financijskih gubitaka,Miscellaneous financial loss reinsurance services,2025-01-01
65.20.5,Usluge reosiguranja u vezi s mirovinskim fondovima,Reinsurance services related to pension funding,2025-01-01
65.20.50,Usluge reosiguranja u vezi s mirovinskim fondovima,Reinsurance services related to pension funding,2025-01-01
65.20.6,Usluge ostalog neživotnog reosiguranja,Other non-life reinsurance services,2025-01-01
65.20.60,Usluge ostalog neživotnog reosiguranja,Other non-life reinsurance services,2025-01-01
65.3,Usluge mirovinskih fondova,Pension funding services,2025-01-01
65.30,Usluge mirovinskih fondova,Pension funding services,2025-01-01
65.30.0,Usluge mirovinskih fondova,Pension funding services,2025-01-01
65.30.01,Usluge individualnih mirovinskih fondova,Individual pension funding services,2025-01-01
65.30.02,Usluge grupnih mirovinskih fondova,Group pension funding services,2025-01-01
66,Pomoćne usluge za financijske usluge i usluge osiguranja,Services auxiliary to financial services and insurance services,2025-01-01
66.1,"Pomoćne usluge za financijske usluge, osim osiguranja i mirovinskih fondova","Services auxiliary to financial services, except insurance and pension funding",2025-01-01
66.11,Usluge povezane s upravljanjem financijskim tržištima,Services related to the administration of financial markets,2025-01-01
66.11.0,Usluge povezane s upravljanjem financijskim tržištima,Services related to the administration of financial markets,2025-01-01
66.11.01,Usluge povezane s poslovanjem financijskih tržišta,Financial market operational services,2025-01-01
66.11.02,Usluge povezane s regulacijom financijskih tržišta,Financial market regulatory services,2025-01-01
66.11.09,"Usluge povezane s upravljanjem financijskim tržištima, d. n.",Services related to the administration of financial markets n.e.c.,2025-01-01
66.12,Usluge posredovanja u poslovanju vrijednosnim papirima i robnim ugovorima,Security and commodity contracts brokerage services,2025-01-01
66.12.0,Usluge posredovanja u poslovanju vrijednosnim papirima i robnim ugovorima,Security and commodity contracts brokerage services,2025-01-01
66.12.01,Usluge posredovanja u poslovanju vrijednosnim papirima,Securities brokerage services,2025-01-01
66.12.02,Usluge posredovanja u poslovanju robnim ugovorima,Commodity contracts brokerage services,2025-01-01
66.12.03,Usluge mjenjačnica,Foreign exchange services,2025-01-01
66.12.04,Usluge mjenjačnica uz naplatu,Exchange services of currency on a fee basis,2025-01-01
66.19,"Ostale pomoćne usluge za financijske usluge, osim osiguranja i mirovinskih fondova","Other services auxiliary to financial services, except insurance and pension funding",2025-01-01
66.19.1,Usluge obrade i izvršenja financijskih transakcija,Processing and clearing services of financial transactions,2025-01-01
66.19.11,Usluge klirinških kuća,Clearinghouse services,2025-01-01
66.19.12,Usluge obrade transakcija vrijednosnim papirima,Processing services of securities transactions,2025-01-01
66.19.13,Mobilna plaćanja i digitalne lisnice uz korištenje financijskih informacija,Services of mobile money operators and digital wallets utilizing financial information,2025-01-01
66.19.14,Usluge povezane s obradom drugih financijskih transakcija,Services related to processing of other financial transactions,2025-01-01
66.19.2,Pomoćne usluge u vezi s investicijskim bankarstvom,Auxiliary services related to investment banking,2025-01-01
66.19.21,Usluge spajanja i preuzimanja,Mergers and acquisition services,2025-01-01
66.19.22,Usluge poslovanja u vezi s korporativnim financijama i poduzetničkim kapitalom,Corporate finance and venture capital services,2025-01-01
66.19.29,"Pomoćne usluge povezane s investicijskim bankarstvom, d. n.",Auxiliary services related to investment banking n.e.c.,2025-01-01
66.19.3,Usluge zaklada (trustova) i pohrane vrijednosnih papira,Trust and custody services,2025-01-01
66.19.31,Usluge zaklada (trustova),Trust services,2025-01-01
66.19.32,Usluge pohrane vrijednosnih papira,Custody services,2025-01-01
66.19.4,Usluge financijskog posredovanja,Financial brokerage services,2025-01-01
66.19.41,"Usluge posredovanja u poslovanju hipotekama, kreditima i zajmovima","Brokerage services of mortgages, credits and loans",2025-01-01
66.19.42,Usluge posredovanja u poslovanju depozitima,Deposit broking services,2025-01-01
66.19.49,"Usluge financijskog posredovanja, d. n.",Financial brokerage services n.e.c.,2025-01-01
66.19.9,"Ostale pomoćne usluge za financijske usluge, osim osiguranja i mirovinskih fondova, d. n.","Other services auxiliary to financial services, except insurance and pension funding, n.e.c.",2025-01-01
66.19.91,Usluge financijskog savjetovanja,Financial consultancy services,2025-01-01
66.19.99,"Ostale raznovrsne pomoćne usluge za financijske usluge, osim osiguranja i mirovinskih fondova, d. n.","Other miscellaneous services auxiliary to financial services, except insurance and pension funding, n.e.c.",2025-01-01
66.2,Pomoćne usluge u osiguranju i mirovinskim fondovima,Services auxiliary to insurance and pension funding,2025-01-01
66.21,Usluge procjene rizika i štete,Risk and damage evaluation services,2025-01-01
66.21.0,Usluge procjene rizika i štete,Risk and damage evaluation services,2025-01-01
66.21.00,Usluge procjene rizika i štete,Risk and damage evaluation services,2025-01-01
66.22,Usluge agenata i posrednika osiguranja,Services of insurance agents and brokers,2025-01-01
66.22.0,Usluge agenata i posrednika osiguranja,Services of insurance agents and brokers,2025-01-01
66.22.00,Usluge agenata i posrednika osiguranja,Services of insurance agents and brokers,2025-01-01
66.29,Ostale pomoćne usluge u osiguranju i mirovinskim fondovima,Other services auxiliary to insurance and pension funding,2025-01-01
66.29.0,Ostale pomoćne usluge u osiguranju i mirovinskim fondovima,Other services auxiliary to insurance and pension funding,2025-01-01
66.29.01,Aktuarske usluge,Actuarial services,2025-01-01
66.29.09,"Ostale pomoćne usluge u osiguranju i mirovinskim fondovima, d. n.",Other services auxiliary to insurance and pension funding n.e.c.,2025-01-01
66.3,Usluge upravljanja fondovima,Fund management services,2025-01-01
66.30,Usluge upravljanja fondovima,Fund management services,2025-01-01
66.30.0,Usluge upravljanja fondovima,Fund management services,2025-01-01
66.30.01,"Usluge upravljanja portfeljem, osim mirovinskih fondova","Portfolio management services, except pension funds",2025-01-01
66.30.02,Usluge upravljanja mirovinskim fondovima,Pension fund management services,2025-01-01
M,USLUGE POVEZANE S POSLOVANJEM NEKRETNINAMA,REAL ESTATE SERVICES,2025-01-01
68,Usluge povezane s poslovanjem nekretninama,Real estate services,2025-01-01
68.1,Usluge kupnje i prodaje vlastitih nekretnina i organizacija izvedbe projekata za zgrade,Real estate services with own property and development of building projects,2025-01-01
68.11,Usluge kupnje i prodaje vlastitih nekretnina,Buying and selling services of own real estate,2025-01-01
68.11.0,Usluge kupnje i prodaje vlastitih nekretnina,Buying and selling services of own real estate,2025-01-01
68.11.01,Usluge prodaje i kupnje stambenih zgrada sa zemljištem,Residential buildings and associated land sales or purchases services,2025-01-01
68.11.02,Usluge prodaje i kupnje time-share imovine,Time-share properties sales or purchases services,2025-01-01
68.11.03,Usluge prodaje i kupnje nenastanjenog zemljišta za gradnju stambenih zgrada,Residential vacant land sales or purchases services,2025-01-01
68.11.04,Usluge prodaje i kupnje nestambenih zgrada sa zemljištem,Non-residential buildings and associated land sales or purchases services,2025-01-01
68.11.05,Usluge prodaje i kupnje nenastanjenog zemljišta za gradnju nestambenih zgrada,Non-residential vacant land sales or purchases services,2025-01-01
68.12,Usluge organizacije izvedbe projekata za zgrade i niskogradnju,Development services of building projects; development services of civil engineering projects,2025-01-01
68.12.0,Usluge organizacije izvedbe projekata za zgrade i niskogradnju,Development services of building projects; development services of civil engineering projects,2025-01-01
68.12.01,Usluge organizacije izvedbe projekata za zgrade,Development services of building projects,2025-01-01
68.12.02,Usluge organizacije izvedbe projekata za niskogradnju,Development services of civil engineering projects,2025-01-01
68.2,Usluge iznajmljivanja i upravljanja vlastitim nekretninama ili nekretninama uzetim u zakup (leasing),Rental and operating services of own or leased real estate,2025-01-01
68.20,Usluge iznajmljivanja i upravljanja vlastitim nekretninama ili nekretninama uzetim u zakup (leasing),Rental and operating services of own or leased real estate,2025-01-01
68.20.0,Usluge iznajmljivanja i upravljanja vlastitim nekretninama ili nekretninama uzetim u zakup (leasing),Rental and operating services of own or leased real estate,2025-01-01
68.20.01,Usluge iznajmljivanja i upravljanja vlastitim stambenim nekretninama ili stambenim nekretninama uzetim u zakup (leasing),Rental and operating services of own or leased residential real estate,2025-01-01
68.20.02,Usluge iznajmljivanja i upravljanja vlastitim nestambenim nekretninama ili nestambenim nekretninama uzetim u zakup (leasing),Rental and operating services of own or leased non-residential real estate,2025-01-01
68.3,Usluge povezane s poslovanjem nekretninama uz naplatu ili na osnovi ugovora,Real estate services on a fee or contract basis,2025-01-01
68.31,Usluge posredovanja u poslovanju nekretninama,Intermediation services of real estate services,2025-01-01
68.31.0,Usluge posredovanja u poslovanju nekretninama,Intermediation services of real estate services,2025-01-01
68.31.01,"Usluge prodaje stambenih zgrada sa zemljištem uz naplatu ili na osnovi ugovora, osim time-share imovine","Residential buildings and associated land sale services on a fee or contract basis, except of time-share ownership properties",2025-01-01
68.31.02,Usluge prodaje time-share imovine uz naplatu ili na osnovi ugovora,Time-share properties sale services on a fee or contract basis,2025-01-01
68.31.03,Usluge prodaje nenastanjenog zemljišta za gradnju stambenih zgrada uz naplatu ili na osnovi ugovora,Residential vacant land sale services on a fee or contract basis,2025-01-01
68.31.04,Usluge prodaje nestambenih zgrada sa zemljištem uz naplatu ili na osnovi ugovora,Non-residential buildings and associated land sale services on a fee or contract basis,2025-01-01
68.31.05,Usluge prodaje nenastanjenog zemljišta za gradnju nestambenih zgrada uz naplatu ili na osnovi ugovora,Non-residential vacant land sale services on a fee or contract basis,2025-01-01
68.31.09,"Usluge posredovanja u poslovanju nekretninama, d. n.",Intermediation services of real estate services n.e.c.,2025-01-01
68.32,Ostale usluge povezane s poslovanjem nekretninama uz naplatu ili na osnovi ugovora,Other real estate services on a fee or contract basis,2025-01-01
68.32.0,Ostale usluge povezane s poslovanjem nekretninama uz naplatu ili na osnovi ugovora,Other real estate services on a fee or contract basis,2025-01-01
68.32.01,"Usluge upravljanja stambenom imovinom uz naplatu ili na osnovi ugovora, osim time-share imovine","Residential property management services on a fee or contract basis, except of time-share ownership properties",2025-01-01
68.32.02,Usluge upravljanja time-share imovinom uz naplatu ili na osnovi ugovora,Time-share property management services on a fee or contract basis,2025-01-01
68.32.03,Usluge upravljanja nestambenom imovinom uz naplatu ili na osnovi ugovora,Non-residential property management services on a fee or contract basis,2025-01-01
68.32.04,Usluge procjene nekretnina uz naplatu ili na osnovi ugovora,Real estate appraisal services on a fee or contract basis,2025-01-01
N,"STRUČNE, ZNANSTVENE I TEHNIČKE USLUGE","PROFESSIONAL, SCIENTIFIC AND TECHNICAL SERVICES",2025-01-01
69,Pravne i računovodstvene usluge,Legal and accounting services,2025-01-01
69.1,Pravne usluge,Legal services,2025-01-01
69.10,Pravne usluge,Legal services,2025-01-01
69.10.0,Pravne usluge,Legal services,2025-01-01
69.10.01,Usluge pravnog savjetovanja i zastupanja u području kaznenog prava,Legal advisory and representation services concerning criminal law,2025-01-01
69.10.02,Usluge pravnog savjetovanja i zastupanja u poslovnim i trgovačkim sporovima,Legal advisory and representation services in judicial procedures concerning business and commercial law,2025-01-01
69.10.03,Usluge pravnog savjetovanja i zastupanja u radnim i upravnim sporovima,Legal advisory and representation services in judicial procedures concerning labour law and public administration,2025-01-01
69.10.04,Usluge pravnog savjetovanja i zastupanja u građanskim sporovima,Legal advisory and representation services in judicial procedures concerning civil law,2025-01-01
69.10.05,"Pravne usluge u vezi s patentima, autorskim pravima i ostalim pravima intelektualnog vlasništva","Legal services concerning patents, copyrights and other intellectual property rights",2025-01-01
69.10.06,Usluge javnih bilježnika,Notarial services,2025-01-01
69.10.07,Usluge arbitraže i pomirenja,Arbitration and conciliation services,2025-01-01
69.10.08,Pravne usluge u vezi s dražbama,Auction legal services,2025-01-01
69.10.09,"Pravne usluge, d. n.",Legal services n.e.c.,2025-01-01
69.2,"Računovodstvene, knjigovodstvene i revizijske usluge; usluge poreznog savjetovanja","Accounting, bookkeeping and auditing services; tax consultancy services",2025-01-01
69.20,"Računovodstvene, knjigovodstvene i revizijske usluge; usluge poreznog savjetovanja","Accounting, bookkeeping and auditing services; tax consultancy services",2025-01-01
69.20.1,Usluge financijske revizije,Financial auditing services,2025-01-01
69.20.10,Usluge financijske revizije,Financial auditing services,2025-01-01
69.20.2,Računovodstvene usluge,Accounting services,2025-01-01
69.20.21,Usluge računovodstvene revizije,Accounting review services,2025-01-01
69.20.22,Usluge sastavljanja financijskih izvještaja,Compilation services of financial statements,2025-01-01
69.20.23,Knjigovodstvene usluge,Bookkeeping services,2025-01-01
69.20.24,Usluge obračunavanja plaća,Payroll services,2025-01-01
69.20.29,Ostale računovodstvene usluge,Other accounting services,2025-01-01
69.20.3,Usluge poreznog savjetovanja,Tax consulting services,2025-01-01
69.20.31,Usluge poreznog savjetovanja i sastavljanja poreznih prijava za poduzeća,Corporate tax consulting and preparation services,2025-01-01
69.20.32,Usluge sastavljanja i planiranja poreznih prijava za pojedince,Individual tax preparation and planning services,2025-01-01
69.20.4,Usluge stečaja i prinudne uprave,Insolvency and receivership services,2025-01-01
69.20.40,Usluge stečaja i prinudne uprave,Insolvency and receivership services,2025-01-01
70,Upravljačke usluge i usluge savjetovanja u vezi s upravljanjem,Services of head offices and management consultancy,2025-01-01
70.1,Upravljačke usluge,Services of head offices,2025-01-01
70.10,Upravljačke usluge,Services of head offices,2025-01-01
70.10.0,Upravljačke usluge,Services of head offices,2025-01-01
70.10.00,Upravljačke usluge,Services of head offices,2025-01-01
70.2,Usluge savjetovanja u vezi s poslovanjem i ostalim upravljanjem,Business and other management consultancy services,2025-01-01
70.20,Usluge savjetovanja u vezi s poslovanjem i ostalim upravljanjem,Business and other management consultancy services,2025-01-01
70.20.1,Usluge savjetovanja u vezi s poslovanjem,Business management consulting services,2025-01-01
70.20.11,Usluge savjetovanja u vezi sa strateškim upravljanjem,Strategic management consulting services,2025-01-01
70.20.12,"Usluge savjetovanja u vezi s financijskim upravljanjem, osim za porez na dobit","Financial management consulting services, except corporate tax",2025-01-01
70.20.13,Usluge savjetovanja u vezi s upravljanjem marketingom,Marketing management consulting services,2025-01-01
70.20.14,Usluge savjetovanja u vezi s upravljanjem ljudskim potencijalima,Human resources management consulting services,2025-01-01
70.20.15,Usluge savjetovanja u vezi s upravljanjem proizvodnjom,Production management consulting services,2025-01-01
70.20.16,Usluge savjetovanja u vezi s logistikom i nabavom te ostale usluge savjetovanja u vezi s upravljanjem,Supply chain and other management consulting services,2025-01-01
70.20.17,Usluge upravljanja poslovnim procesima,Business process management services,2025-01-01
70.20.2,"Ostale usluge upravljanja projektima, osim usluga upravljanja građevinskim projektima","Other project management services, except construction project management services",2025-01-01
70.20.20,"Ostale usluge upravljanja projektima, osim usluga upravljanja građevinskim projektima","Other project management services, except construction project management services",2025-01-01
70.20.3,Ostale usluge poslovnog savjetovanja,Other business consulting services,2025-01-01
70.20.30,Ostale usluge poslovnog savjetovanja,Other business consulting services,2025-01-01
71,Arhitektonske i inženjerske usluge; usluge tehničkog ispitivanja i analize,Architectural and engineering services; technical testing and analysis services,2025-01-01
71.1,Arhitektonske i inženjerske usluge te s njima povezane usluge tehničkog savjetovanja,Architectural and engineering services and related technical consultancy services,2025-01-01
71.11,Arhitektonske usluge,Architectural services,2025-01-01
71.11.1,Planovi i nacrti za arhitektonske svrhe,Plans and drawings for architectural purposes,2025-01-01
71.11.10,Planovi i nacrti za arhitektonske svrhe,Plans and drawings for architectural purposes,2025-01-01
71.11.2,Arhitektonske usluge za zgrade,Architectural services of buildings,2025-01-01
71.11.21,Arhitektonske usluge za projektiranje stambenih zgrada,Architectural services of residential building projects,2025-01-01
71.11.22,Arhitektonske usluge za projektiranje nestambenih zgrada,Architectural services of non-residential building projects,2025-01-01
71.11.23,Arhitektonske usluge za restauraciju povijesnih građevina,Historical restoration architectural services,2025-01-01
71.11.24,Savjetodavne arhitektonske usluge za građevinske projekte,Building project architectural advisory services,2025-01-01
71.11.25,Usluge unutrašnje arhitekture,Interior architecture services,2025-01-01
71.11.3,Usluge urbanističkog i prostornog planiranja,Urban and land planning services,2025-01-01
71.11.31,Usluge urbanističkog planiranja,Urban planning services,2025-01-01
71.11.32,Usluge ruralnog prostornog planiranja,Rural land planning services,2025-01-01
71.11.33,Usluge projektiranja glavnih lokacijskih planova,Project site master planning services,2025-01-01
71.11.4,Arhitektonske usluge za projektiranje krajolika i savjetodavne arhitektonske usluge,Landscape architectural services and architectural advisory services,2025-01-01
71.11.41,Arhitektonske usluge za projektiranje krajolika,Landscape architectural services,2025-01-01
71.11.42,Savjetodavne arhitektonske usluge za projektiranje krajolika,Landscape architectural advisory services,2025-01-01
71.12,Usluge inženjerstva i s njim povezano tehničko savjetovanje,Engineering services and related technical consultancy,2025-01-01
71.12.1,Usluge inženjerstva,Engineering services,2025-01-01
71.12.11,Usluge inženjerskog savjetovanja,Engineering advisory services,2025-01-01
71.12.12,Usluge inženjerstva za građevinske projekte,Engineering services of building projects,2025-01-01
71.12.13,Usluge inženjerstva za energetske projekte,Engineering services of power projects,2025-01-01
71.12.14,Usluge inženjerstva za prometne projekte,Engineering services of transportation projects,2025-01-01
71.12.15,Usluge inženjerstva za projekte zbrinjavanja otpada (opasnog i neopasnog),Engineering services of waste management projects (hazardous and non-hazardous),2025-01-01
71.12.16,"Usluge inženjerstva za projekte vodoopskrbe, obrade otpadnih voda i drenaže","Engineering services of water, sewerage and drainage projects",2025-01-01
71.12.17,Usluge inženjerstva za industrijske i proizvodne projekte,Engineering services of industrial and manufacturing projects,2025-01-01
71.12.18,Usluge inženjerstva za telekomunikacijske projekte i projekte emitiranja,Engineering services of telecommunication and broadcasting projects,2025-01-01
71.12.19,Usluge inženjerstva za ostale projekte,Engineering services of other projects,2025-01-01
71.12.2,Usluge upravljanja građevinskim projektima,Project management services of construction projects,2025-01-01
71.12.20,Usluge upravljanja građevinskim projektima,Project management services of construction projects,2025-01-01
71.12.3,"Geološke, geofizičke i s njima povezane istraživačke i savjetodavne usluge","Geological, geophysical and related prospecting and consulting services",2025-01-01
71.12.31,Geološke i geofizičke savjetodavne usluge,Geological and geophysical consulting services,2025-01-01
71.12.32,Geofizičke usluge,Geophysical services,2025-01-01
71.12.33,Usluge vađenja i vrednovanja minerala,Mineral exploration and evaluation services,2025-01-01
71.12.34,Usluge mjerenja površine,Surface surveying services,2025-01-01
71.12.35,Kartografske usluge,Map-making services,2025-01-01
71.2,Usluge tehničkog ispitivanja i analize,Technical testing and analysis services,2025-01-01
71.20,Usluge tehničkog ispitivanja i analize,Technical testing and analysis services,2025-01-01
71.20.0,Usluge tehničkog ispitivanja i analize,Technical testing and analysis services,2025-01-01
71.20.01,Usluge ispitivanja i analize sastava i čistoće,Composition and purity testing and analysis services,2025-01-01
71.20.02,Usluge ispitivanja i analize fizičkih svojstava,Testing and analysis services of physical properties,2025-01-01
71.20.03,Usluge ispitivanja i analize integriranih mehaničkih i električnih sustava,Testing and analysis services of integrated mechanical and electrical systems,2025-01-01
71.20.04,Usluge tehničkog ispitivanja ispravnosti cestovnih vozila,Technical inspection services of road transport vehicles,2025-01-01
71.20.05,Usluge ispitivanja i analize zgrada i drugih građevina,Testing and analysis services of buildings and other constructions,2025-01-01
71.20.09,"Usluge tehničkog ispitivanja i analize, d. n.",Technical testing and analysis services n.e.c.,2025-01-01
72,Usluge znanstvenog istraživanja i razvoja,Scientific research and development services,2025-01-01
72.1,"Usluge istraživanja i razvoja u prirodnim, tehničkim i tehnološkim znanostima","Research and development services on natural sciences, engineering and technology",2025-01-01
72.10,"Usluge istraživanja i razvoja u prirodnim, tehničkim i tehnološkim znanostima","Research and development services on natural sciences, engineering and technology",2025-01-01
72.10.1,Usluge istraživanja i razvoja u prirodnim znanostima,Research and development services in natural sciences,2025-01-01
72.10.11,Usluge istraživanja i razvoja u biologiji,Research and development services in biological sciences,2025-01-01
72.10.12,Usluge istraživanja i razvoja u kemiji,Research and development services in chemical sciences,2025-01-01
72.10.13,Usluge istraživanja i razvoja u računalnim i informacijskim znanostima,Research and development services in computer and information sciences,2025-01-01
72.10.14,Usluge istraživanja i razvoja u znanosti o Zemlji i okolišu,Research and development services in earth and environmental sciences,2025-01-01
72.10.15,Usluge istraživanja i razvoja u matematici,Research and development services in mathematics,2025-01-01
72.10.16,Usluge istraživanja i razvoja u fizici,Research and development services in physical sciences,2025-01-01
72.10.17,Usluge istraživanja i razvoja u ostalim prirodnim znanostima,Research and development services in other natural sciences,2025-01-01
72.10.2,Usluge istraživanja i razvoja u inženjerstvu,Research and development services in engineering,2025-01-01
72.10.21,Usluge istraživanja i razvoja u niskogradnji,Research and development services in civil engineering,2025-01-01
72.10.22,Usluge istraživanja i razvoja u kemijskom inženjerstvu,Research and development services in chemical engineering,2025-01-01
72.10.23,Usluge istraživanja i razvoja u elektrotehnici,Research and development services in electrical engineering,2025-01-01
72.10.24,Usluge istraživanja i razvoja u elektronici,Research and development services in electronic engineering,2025-01-01
72.10.25,Usluge istraživanja i razvoja u okolišnom inženjerstvu,Research and development services in environmental engineering,2025-01-01
72.10.26,Usluge istraživanja i razvoja u inženjerstvu materijala,Research and development services in materials engineering,2025-01-01
72.10.27,Usluge istraživanja i razvoja u strojarstvu,Research and development services in mechanical engineering,2025-01-01
72.10.28,Usluge istraživanja i razvoja u medicinskom inženjerstvu,Research and development services in medical engineering,2025-01-01
72.10.29,Usluge istraživanja i razvoja u ostalom inženjerstvu,Research and development services in other engineering,2025-01-01
72.10.3,Usluge istraživanja i razvoja u tehnologiji,Research and development services in technology,2025-01-01
72.10.31,Usluge istraživanja i razvoja u okolišnoj biotehnologiji,Research and development services in environmental biotechnology,2025-01-01
72.10.32,Usluge istraživanja i razvoja u industrijskoj biotehnologiji,Research and development services in industrial biotechnology,2025-01-01
72.10.33,Usluge istraživanja i razvoja u nanotehnologiji,Research and development services in nanotechnology,2025-01-01
72.10.34,Usluge istraživanja i razvoja u ostaloj tehnologiji,Research and development services in other technology,2025-01-01
72.10.4,Usluge istraživanja i razvoja u medicini i zdravstvu,Research and development services in medical and health sciences,2025-01-01
72.10.41,Usluge istraživanja i razvoja u osnovnoj medicini,Research and development services in basic medicine,2025-01-01
72.10.42,Usluge istraživanja i razvoja u kliničkoj medicini,Research and development services in clinical medicine,2025-01-01
72.10.43,Usluge istraživanja i razvoja u zdravstvu,Research and development services in health sciences,2025-01-01
72.10.44,Usluge istraživanja i razvoja u medicinskoj biotehnologiji,Research and development services in medical biotechnology,2025-01-01
72.10.45,Usluge istraživanja i razvoja u ostaloj medicini i zdravstvu,Research and development services in other medical and health sciences,2025-01-01
72.10.5,Usluge istraživanja i razvoja u poljoprivredi i veterinarstvu,Research and development services in agricultural and veterinary sciences,2025-01-01
72.10.51,Usluge istraživanja i razvoja u poljoprivrednoj biotehnologiji,Research and development services in agricultural biotechnology,2025-01-01
72.10.52,"Usluge istraživanja i razvoja u poljoprivredi, ribarstvu i šumarstvu","Research and development services in agricultural, fisheries and forestry sciences",2025-01-01
72.10.53,Usluge istraživanja i razvoja u stočarstvu i mljekarstvu,Research and development services in animal and dairy sciences,2025-01-01
72.10.54,Usluge istraživanja i razvoja u veterinarstvu,Research and development services in veterinary sciences,2025-01-01
72.10.55,Usluge istraživanja i razvoja u ostalim poljoprivrednim i veterinarskim znanostima,Research and development services in other agricultural and veterinary sciences,2025-01-01
72.10.6,"Usluge izvornih istraživanja i razvoja u prirodnim, tehničkim i tehnološkim znanostima","Research and development originals from natural sciences, engineering and technology",2025-01-01
72.10.60,"Usluge izvornih istraživanja i razvoja u prirodnim, tehničkim i tehnološkim znanostima","Research and development originals from natural sciences, engineering and technology",2025-01-01
72.2,Usluge istraživanja i razvoja u društvenim i humanističkim znanostima,Research and development services on social sciences and humanities,2025-01-01
72.20,Usluge istraživanja i razvoja u društvenim i humanističkim znanostima,Research and development services on social sciences and humanities,2025-01-01
72.20.1,Usluge istraživanja i razvoja u društvenim znanostima,Research and development services in social sciences,2025-01-01
72.20.11,Usluge istraživanja i razvoja u ekonomiji i poslovanju,Research and development services in economics and business,2025-01-01
72.20.12,Usluge istraživanja i razvoja u obrazovanju,Research and development services in education,2025-01-01
72.20.13,Usluge istraživanja i razvoja u pravu,Research and development services in law,2025-01-01
72.20.14,Usluge istraživanja i razvoja u medijima i komunikaciji,Research and development services in media and communications,2025-01-01
72.20.15,Usluge istraživanja i razvoja u političkim znanostima,Research and development services in political sciences,2025-01-01
72.20.16,Usluge istraživanja i razvoja u psihologiji i kognitivnim znanostima,Research and development services psychology and cognitive sciences,2025-01-01
72.20.17,Usluge istraživanja i razvoja u socijalnoj i ekonomskoj geografiji,Research and development services in social and economic geography,2025-01-01
72.20.18,Usluge istraživanja i razvoja u sociologiji,Research and development services in sociology,2025-01-01
72.20.19,Usluge istraživanja i razvoja u ostalim društvenim znanostima,Research and development services in other social sciences,2025-01-01
72.20.2,Usluge istraživanja i razvoja u humanističkim znanostima i umjetnosti,Research and development services in humanities and the arts,2025-01-01
72.20.21,"Usluge istraživanja i razvoja u umjetnosti (umjetnost, povijest umjetnosti, izvedbene umjetnosti, glazba)","Research and development services in arts (arts, history of arts, performing arts, music)",2025-01-01
72.20.22,Usluge istraživanja i razvoja u povijesti i arheologiji,Research and development services in history and archaeology,2025-01-01
72.20.23,Usluge istraživanja i razvoja u jezikoslovlju i književnosti,Research and development services in languages and literature,2025-01-01
72.20.24,"Usluge istraživanja i razvoja u filozofiji, etici i religiji","Research and development services in philosophy, ethics and religion",2025-01-01
72.20.25,Usluge istraživanja i razvoja u ostalim humanističkim znanostima,Research and development services in other humanities,2025-01-01
72.20.3,Izvorna istraživanja i razvoj u društvenim i humanističkim znanostima,Research and development originals from social sciences and humanities,2025-01-01
72.20.30,Izvorna istraživanja i razvoj u društvenim i humanističkim znanostima,Research and development originals from social sciences and humanities,2025-01-01
72.3,Usluge interdisciplinarnog istraživanja i razvoja,Interdisciplinary research and development services,2025-01-01
72.30,Usluge interdisciplinarnog istraživanja i razvoja,Interdisciplinary research and development services,2025-01-01
72.30.0,Usluge interdisciplinarnog istraživanja i razvoja,Interdisciplinary research and development services,2025-01-01
72.30.00,Usluge interdisciplinarnog istraživanja i razvoja,Interdisciplinary research and development services,2025-01-01
73,"Usluge promidžbe, istraživanja tržišta i odnosa s javnošću","Services of advertising, market research and public relations",2025-01-01
73.1,Usluge promidžbe,Advertising services,2025-01-01
73.11,Usluge agencija za promidžbu,Services provided by advertising agencies,2025-01-01
73.11.0,Usluge agencija za promidžbu,Services provided by advertising agencies,2025-01-01
73.11.01,Usluge cjelovite promidžbe,Full service advertising services,2025-01-01
73.11.02,Usluge direktnog marketinga i izravnog obraćanja poštom,Direct marketing and direct mailing services,2025-01-01
73.11.03,Usluge osmišljavanja i konceptualnog razvoja promidžbenih kampanja,Advertising concept development services,2025-01-01
73.11.04,Ostale usluge promidžbe,Other advertising services,2025-01-01
73.12,Usluge oglašavanja putem medija,Media representation services,2025-01-01
73.12.1,Prodaja oglasnog prostora ili vremena uz naplatu ili na osnovi ugovora,Sale of advertising space or time on a fee or contract basis,2025-01-01
73.12.11,Prodaja oglasnog prostora u tiskanim medijima uz naplatu ili na osnovi ugovora,Sale of advertising space on a fee or contract basis in print media,2025-01-01
73.12.12,Prodaja oglasnog prostora ili vremena na televiziji ili radiju uz naplatu ili na osnovi ugovora,Sale of television/radio advertising space or time on a fee or contract basis,2025-01-01
73.12.13,Prodaja oglasnog prostora ili vremena na internetu uz naplatu ili na osnovi ugovora,Sale of internet advertising space or time on a fee or contract basis,2025-01-01
73.12.14,Prodaja oglasnog prostora ili vremena u vezi s pojedinim događajima,Sale of events related advertising,2025-01-01
73.12.19,"Prodaja oglasnog prostora ili vremena uz naplatu ili na osnovi ugovora, d. n.",Sale of advertising space or time on a fee or contract basis n.e.c.,2025-01-01
73.12.2,Preprodaja oglasnog prostora ili vremena uz naplatu ili na osnovi ugovora,Re-sale of advertising space or time on a fee or contract basis,2025-01-01
73.12.20,Preprodaja oglasnog prostora ili vremena uz naplatu ili na osnovi ugovora,Re-sale of advertising space or time on a fee or contract basis,2025-01-01
73.2,Usluge istraživanja tržišta i ispitivanja javnog mnijenja,Market research and public opinion polling services,2025-01-01
73.20,Usluge istraživanja tržišta i ispitivanja javnog mnijenja,Market research and public opinion polling services,2025-01-01
73.20.1,Usluge istraživanja tržišta i slične usluge,Market research and similar services,2025-01-01
73.20.11,Usluge istraživanja tržišta: kvalitativna istraživanja,Market research services: qualitative surveys,2025-01-01
73.20.12,Usluge istraživanja tržišta: kvantitativna ad hoc istraživanja,Market research services: quantitative ad-hoc surveys,2025-01-01
73.20.13,Usluge istraživanja tržišta: kvantitativna kontinuirana i redovita istraživanja,Market research services: quantitative continuous and regular surveys,2025-01-01
73.20.14,Usluge istraživanja tržišta: analiza društvenih medija,Market research services: social media analysis,2025-01-01
73.20.15,Usluge istraživanja tržišta: analiza podataka pomoću velikih podataka i drugih postojećih podataka,Market research services: data analysis using big data and other existing data,2025-01-01
73.20.16,Ostale usluge istraživanja tržišta,Other market research services,2025-01-01
73.20.2,Usluge ispitivanja javnog mnijenja,Public opinion polling services,2025-01-01
73.20.20,Usluge ispitivanja javnog mnijenja,Public opinion polling services,2025-01-01
73.3,Usluge odnosa s javnošću i priopćavanja,Public relations and communication services,2025-01-01
73.30,Usluge odnosa s javnošću i priopćavanja,Public relations and communication services,2025-01-01
73.30.0,Usluge odnosa s javnošću i priopćavanja,Public relations and communication services,2025-01-01
73.30.00,Usluge odnosa s javnošću i priopćavanja,Public relations and communication services,2025-01-01
74,"Ostale stručne, znanstvene i tehničke usluge","Other professional, scientific and technical services",2025-01-01
74.1,Specijalizirane dizajnerske usluge,Specialised design services,2025-01-01
74.11,Usluge industrijskog i modnog dizajna i dizajnerski originali,Industrial product and fashion design services and design originals,2025-01-01
74.11.1,Usluge industrijskog i modnog dizajna,Industrial product and fashion design services,2025-01-01
74.11.11,Usluge industrijskog dizajna,Industrial product design services,2025-01-01
74.11.12,Usluge modnog dizajna,Fashion design services,2025-01-01
74.11.2,Originali industrijskog i modnog dizajna,Industrial product and fashion design originals,2025-01-01
74.11.21,Originali industrijskog dizajna,Industrial product design originals,2025-01-01
74.11.22,Originali modnog dizajna,Fashion design originals,2025-01-01
74.12,Usluge grafičkog dizajna i vizualnih komunikacija i dizajnerski originali,Graphic design and visual communication services and design originals,2025-01-01
74.12.1,Usluge grafičkog dizajna i vizualnih komunikacija,Graphic design and visual communication services,2025-01-01
74.12.11,Usluge grafičkog dizajna,Graphic design services,2025-01-01
74.12.12,Usluge vizualnih komunikacija,Visual communication services,2025-01-01
74.12.13,Ostale usluge grafičkog dizajna i vizualnih komunikacija,Other graphic design and visual communication services,2025-01-01
74.12.2,Originali grafičkog dizajna i dizajna vizualnih komunikacija,Graphic design and visual communication design originals,2025-01-01
74.12.21,Originali grafičkog dizajna,Graphic design originals,2025-01-01
74.12.22,Originali vizualnih komunikacija,Visual communication originals,2025-01-01
74.12.23,Ostali originali grafičkog dizajna i vizualnih komunikacija,Other graphic design and visual communication originals,2025-01-01
74.13,Usluge uređivanja interijera i dizajnerski originali,Interior design services and design originals,2025-01-01
74.13.0,Usluge uređivanja interijera i dizajnerski originali,Interior design services and design originals,2025-01-01
74.13.01,Usluge uređivanja interijera,Interior design services,2025-01-01
74.13.02,Dizajnerski originali uređivanja interijera,Interior design originals,2025-01-01
74.14,Ostale specijalizirane dizajnerske usluge i dizajnerski originali,Other specialised design services and design originals,2025-01-01
74.14.0,Ostale specijalizirane dizajnerske usluge i dizajnerski originali ,Other specialised design services and design originals ,2025-01-01
74.14.01,Ostale specijalizirane dizajnerske usluge,Other specialised design services,2025-01-01
74.14.02,Ostali dizajnerski originali,Other design originals,2025-01-01
74.2,Fotografske usluge,Photographic services,2025-01-01
74.20,Fotografske usluge,Photographic services,2025-01-01
74.20.1,"Fotografske ploče i filmovi, osim kinematografskih, osvijetljeni","Photographic plates and film, other than cinematographic, exposed",2025-01-01
74.20.11,"Fotografske ploče i filmovi, osvijetljeni, ali nerazvijeni","Photographic plates and film, exposed but not developed",2025-01-01
74.20.12,"Fotografske ploče i filmovi, osvijetljeni i razvijeni, za ofsetnu reprodukciju","Photographic plates and film, exposed and developed, for offset reproduction",2025-01-01
74.20.13,"Ostale fotografske ploče i filmovi, osvijetljeni i razvijeni","Other photographic plates and film, exposed and developed",2025-01-01
74.20.2,Specijalizirane fotografske usluge,Specialised photography services,2025-01-01
74.20.21,Usluge fotografiranja portreta,Portrait photography services,2025-01-01
74.20.22,Usluge izrade promidžbenih i sličnih fotografija,Advertising and related photography services,2025-01-01
74.20.23,Usluge fotografiranja i videosnimanja događaja,Event photography and event videography services,2025-01-01
74.20.24,Usluge fotografiranja iz zraka,Aerial photography services,2025-01-01
74.20.29,"Specijalizirane fotografske usluge, d. n.",Specialised photography services n.e.c.,2025-01-01
74.20.3,Ostale fotografske usluge,Other photographic services,2025-01-01
74.20.31,Usluge obrade fotografija,Photography processing services,2025-01-01
74.20.32,Usluge restauriranja i retuširanja fotografija,Restoration and retouching services of photography,2025-01-01
74.20.39,"Ostale fotografske usluge, d. n.",Other photographic services n.e.c.,2025-01-01
74.3,Usluge pismenog i usmenog prevođenja,Translation and interpretation services,2025-01-01
74.30,Usluge pismenog i usmenog prevođenja,Translation and interpretation services,2025-01-01
74.30.0,Usluge pismenog i usmenog prevođenja,Translation and interpretation services,2025-01-01
74.30.01,Usluge pismenog prevođenja,Translation services,2025-01-01
74.30.02,Usluge usmenog prevođenja,Interpretation services,2025-01-01
74.9,"Ostale stručne, znanstvene i tehničke usluge, d. n.","Other professional, scientific and technical services n.e.c.",2025-01-01
74.91,"Usluge posredovanja, promidžbe i poslovanja s patentima","Patent brokering, marketing and management services",2025-01-01
74.91.0,"Usluge posredovanja, promidžbe i poslovanja s patentima","Patent brokering, marketing and management services",2025-01-01
74.91.01,Usluge posredovanja i promidžbe u vezi s patentima,Patent brokering and marketing services,2025-01-01
74.91.02,Usluge upravljanja pravima industrijskog vlasništva,Management services of rights to industrial property,2025-01-01
74.91.03,Usluge upravljanja autorskim pravima i prihodima od autorskih prava,Management services of copyrights and their revenues,2025-01-01
74.99,"Sve ostale stručne, znanstvene i tehničke usluge, d. n.","All other professional, scientific and technical services n.e.c.",2025-01-01
74.99.0,"Sve ostale stručne, znanstvene i tehničke usluge, d. n.","All other professional, scientific and technical services n.e.c.",2025-01-01
74.99.01,Usluge revizije računa i informacije o naknadama za prijevoz robe,Bill auditing and freight rate information services,2025-01-01
74.99.02,Usluge savjetovanja o zaštiti okoliša,Environmental consulting services,2025-01-01
74.99.03,Usluge prognoziranja vremena i meteorološke usluge,Weather forecasting and meteorological services,2025-01-01
74.99.04,Usluge zastupanja umjetnika i sportaša,Artist and sport agent services,2025-01-01
74.99.05,"Usluge poslovnog posredovanja i procjenjivanja, osim za nekretnine i osiguranje",Business brokerage and appraisal services other than for real estate and insurance,2025-01-01
74.99.09,"Ostale raznovrsne stručne, znanstvene i tehničke usluge, d. n.","Other miscellaneous professional, scientific and technical services n.e.c.",2025-01-01
75,Veterinarske usluge,Veterinary services,2025-01-01
75.0,Veterinarske usluge,Veterinary services,2025-01-01
75.00,Veterinarske usluge,Veterinary services,2025-01-01
75.00.0,Veterinarske usluge,Veterinary services,2025-01-01
75.00.01,Veterinarske usluge za kućne ljubimce,Veterinary services of pet animals,2025-01-01
75.00.02,"Veterinarske usluge za stoku, perad i druge životinje",Veterinary services of livestock,2025-01-01
75.00.09,"Veterinarske usluge, d. n.",Veterinary services n.e.c.,2025-01-01
O,ADMINISTRATIVNE I POMOĆNE USLUGE,ADMINISTRATIVE AND SUPPORT SERVICES,2025-01-01
77,Usluge iznajmljivanja i davanja u zakup (leasing),Rental and leasing services,2025-01-01
77.1,Usluge iznajmljivanja i davanja u zakup (leasing) motornih vozila,Rental and leasing services of motor vehicles,2025-01-01
77.11,Usluge iznajmljivanja i davanja u zakup (leasing) automobila i motornih vozila lake kategorije,Rental and leasing services of cars and light motor vehicles,2025-01-01
77.11.0,Usluge iznajmljivanja i davanja u zakup (leasing) automobila i motornih vozila lake kategorije,Rental and leasing services of cars and light motor vehicles,2025-01-01
77.11.01,Usluge iznajmljivanja i davanja u zakup (leasing) motocikala i kampera,Rental and leasing services of motorcycles and motorhomes,2025-01-01
77.11.02,Usluge iznajmljivanja i davanja u zakup (leasing) ostalih automobila i motornih vozila lake kategorije,Rental and leasing services of other cars and light motor vehicles,2025-01-01
77.12,Usluge iznajmljivanja i davanja u zakup (leasing) kamiona,Rental and leasing services of trucks,2025-01-01
77.12.0,Usluge iznajmljivanja i davanja u zakup (leasing) kamiona,Rental and leasing services of trucks,2025-01-01
77.12.01,"Usluge iznajmljivanja i davanja u zakup (leasing) vozila za prijevoz robe, bez vozača",Rental and leasing services of goods transport vehicles without driver,2025-01-01
77.12.02,"Usluge iznajmljivanja i davanja u zakup (leasing) ostalih kopnenih prijevoznih sredstava, bez vozača",Rental and leasing services of other land transport equipment without driver,2025-01-01
77.2,Usluge iznajmljivanja i davanja u zakup (leasing) predmeta za osobnu uporabu i kućanstvo,Rental and leasing services of personal and household goods,2025-01-01
77.21,Usluge iznajmljivanja i davanja u zakup (leasing) opreme za rekreaciju i sport,Rental and leasing services of recreational and sports goods,2025-01-01
77.21.0,Usluge iznajmljivanja i davanja u zakup (leasing) opreme za rekreaciju i sport,Rental and leasing services of recreational and sports goods,2025-01-01
77.21.00,Usluge iznajmljivanja i davanja u zakup (leasing) opreme za rekreaciju i sport,Rental and leasing services of recreational and sports goods,2025-01-01
77.22,Usluge iznajmljivanja i davanja u zakup (leasing) ostalih predmeta za osobnu uporabu i kućanstvo,Rental and leasing services of other personal and household goods,2025-01-01
77.22.0,Usluge iznajmljivanja i davanja u zakup (leasing) ostalih predmeta za osobnu uporabu i kućanstvo,Rental and leasing services of other personal and household goods,2025-01-01
77.22.01,"Usluge iznajmljivanja i davanja u zakup (leasing) televizora, radiouređaja, opreme za reprodukciju slike i slične opreme i pribora","Rental and leasing services of televisions, radios, video reproducing and playing equipment, and related equipment and accessories",2025-01-01
77.22.02,Usluge iznajmljivanja i davanja u zakup (leasing) namještaja i ostalih aparata za kućanstvo,Rental and leasing services of furniture and other household appliances,2025-01-01
77.22.03,Usluge iznajmljivanja i davanja u zakup (leasing) glazbenih instrumenata,Rental and leasing services of musical instruments,2025-01-01
77.22.04,Usluge iznajmljivanja i davanja u zakup (leasing) posteljnog i stolnog rublja,Rental and leasing services of household linen,2025-01-01
77.22.05,"Usluge iznajmljivanja i davanja u zakup (leasing) tekstila, odjeće i obuće","Rental and leasing services of textiles, clothing and footwear",2025-01-01
77.22.06,Usluge iznajmljivanja i davanja u zakup (leasing) strojeva i opreme „uradi sam”,Rental and leasing services of do-it-yourself machinery and equipment,2025-01-01
77.22.07,Usluge iznajmljivanja snimljenih videozapisa,Rental services of recorded video media,2025-01-01
77.22.09,"Usluge iznajmljivanja i davanja u zakup (leasing) ostalih predmeta za osobnu uporabu i kućanstvo, d. n.",Rental and leasing services of other personal and household goods n.e.c.,2025-01-01
77.3,"Usluge iznajmljivanja i davanja u zakup (leaisng) ostalih strojeva, opreme te materijalnih dobara","Rental and leasing services of other machinery, equipment and tangible goods",2025-01-01
77.31,Usluge iznajmljivanja i davanja u zakup (leasing) poljoprivrednih strojeva i opreme,Rental and leasing services of agricultural machinery and equipment,2025-01-01
77.31.0,Usluge iznajmljivanja i davanja u zakup (leasing) poljoprivrednih strojeva i opreme,Rental and leasing services of agricultural machinery and equipment,2025-01-01
77.31.00,Usluge iznajmljivanja i davanja u zakup (leasing) poljoprivrednih strojeva i opreme,Rental and leasing services of agricultural machinery and equipment,2025-01-01
77.32,Usluge iznajmljivanja i davanja u zakup (leasing) strojeva i opreme za građevinarstvo i inženjerstvo,Rental and leasing services of construction and civil engineering machinery and equipment,2025-01-01
77.32.0,Usluge iznajmljivanja i davanja u zakup (leasing) strojeva i opreme za građevinarstvo i inženjerstvo,Rental and leasing services of construction and civil engineering machinery and equipment,2025-01-01
77.32.00,Usluge iznajmljivanja i davanja u zakup (leasing) strojeva i opreme za građevinarstvo i inženjerstvo,Rental and leasing services of construction and civil engineering machinery and equipment,2025-01-01
77.33,Usluge iznajmljivanja i davanja u zakup (leasing) uredskih strojeva i opreme te računala,"Rental and leasing services of office machinery, equipment and computers",2025-01-01
77.33.0,Usluge iznajmljivanja i davanja u zakup (leasing) uredskih strojeva i opreme te računala,"Rental and leasing services of office machinery, equipment and computers",2025-01-01
77.33.01,Usluge iznajmljivanja i davanja u zakup (leasing) računala,Rental and leasing services of computers,2025-01-01
77.33.02,Usluge iznajmljivanja i davanja u zakup (leasing) ostalih uredskih strojeva i opreme,Rental and leasing services of other office machinery and equipment,2025-01-01
77.34,Usluge iznajmljivanja i davanja u zakup (leasing) plovnih prijevoznih sredstava,Rental and leasing services of water transport equipment,2025-01-01
77.34.0,Usluge iznajmljivanja i davanja u zakup (leasing) plovnih prijevoznih sredstava,Rental and leasing services of water transport equipment,2025-01-01
77.34.00,Usluge iznajmljivanja i davanja u zakup (leasing) plovnih prijevoznih sredstava,Rental and leasing services of water transport equipment,2025-01-01
77.35,Usluge iznajmljivanja i davanja u zakup (leasing) zračnih prijevoznih sredstava,Rental and leasing services of air transport equipment,2025-01-01
77.35.0,Usluge iznajmljivanja i davanja u zakup (leasing) zračnih prijevoznih sredstava,Rental and leasing services of air transport equipment,2025-01-01
77.35.00,Usluge iznajmljivanja i davanja u zakup (leasing) zračnih prijevoznih sredstava,Rental and leasing services of air transport equipment,2025-01-01
77.39,"Usluge iznajmljivanja i davanja u zakup (leasing) ostalih strojeva, opreme i materijalnih dobara, d. n.","Rental and leasing services of other machinery, equipment and tangible goods n.e.c.",2025-01-01
77.39.0,"Usluge iznajmljivanja i davanja u zakup (leasing) ostalih strojeva, opreme i materijalnih dobara, d. n.","Rental and leasing services of other machinery, equipment and tangible goods n.e.c.",2025-01-01
77.39.01,Usluge iznajmljivanja i davanja u zakup (leasing) tračničkih vozila,Rental and leasing services of railroad vehicles,2025-01-01
77.39.02,Usluge iznajmljivanja i davanja u zakup (leasing) kontejnera,Rental and leasing services of containers,2025-01-01
77.39.03,Usluge iznajmljivanje i davanja u zakup (leasing) prikolica za stanovanje i kampiranje,Rental and leasing services of caravan trailers,2025-01-01
77.39.04,Usluge iznajmljivanja i davanja u zakup (leasing) telekomunikacijske opreme,Rental and leasing services of telecommunication equipment,2025-01-01
77.39.05,"Usluge iznajmljivanja i davanja u zakup (leasing) opreme i namještaja za događanja, sajmove i izložbe","Rental and leasing services of equipment and furniture for events, fairs and exhibitions",2025-01-01
77.39.06,Usluge iznajmljivanja i davanja u zakup (leasing) motora te opreme za rudnike i naftna polja,"Rental and leasing services of engines, mining and oilfield equipment",2025-01-01
77.39.09,"Usluge iznajmljivanja i davanja u zakup (leasing) ostalih strojeva i opreme bez rukovatelja te ostalih materijalnih dobara, d. n.",Rental and leasing services of other machinery and equipment without operator and tangible goods n.e.c.,2025-01-01
77.4,"Usluge davanja u zakup (leasing) prava na uporabu intelektualnog vlasništva i sličnih proizvoda, osim radova zaštićenih autorskim pravom","Licensing services of intellectual property and similar products, except copyrighted works",2025-01-01
77.40,"Usluge davanja u zakup (leasing) prava na uporabu intelektualnog vlasništva i sličnih proizvoda, osim radova zaštićenih autorskim pravom","Licensing services of intellectual property and similar products, except copyrighted works",2025-01-01
77.40.0,"Usluge davanja u zakup (leasing) prava na uporabu intelektualnog vlasništva i sličnih proizvoda, osim radova zaštićenih autorskim pravom","Licensing services of intellectual property and similar products, except copyrighted works",2025-01-01
77.40.01,Usluge davanja u zakup (leasing) prava na uporabu proizvoda istraživanja i razvoja,Licensing services of the right to use research and development products,2025-01-01
77.40.02,Usluge davanja u zakup (leasing) prava na uporabu zaštitnih žigova i franšiza,Licensing services of the right to use trademarks and franchises,2025-01-01
77.40.03,Usluge davanja u zakup (leasing) prava na uporabu istraživanja i procjene minerala,Licensing services of the right to use mineral exploration and evaluation,2025-01-01
77.40.04,Zaštitni žigovi i franšize,Trademarks and franchises,2025-01-01
77.40.09,"Usluge davanja u zakup (leasing) prava na uporabu intelektualnog vlasništva i sličnih proizvoda, osim radova zaštićenih autorskim pravom, d. n.","Licensing services of the right to use intellectual property and similar products, except copyrighted works, n.e.c.",2025-01-01
77.5,Usluge posredovanja u iznajmljivanju i davanju u zakup (leasing) materijalnih dobara i nefinancijske nematerijalne imovine,Intermediation services of rental and leasing of tangible goods and non-financial intangible assets,2025-01-01
77.51,"Usluge posredovanja u iznajmljivanju i davanju u zakup (leasing) automobila, kampera i prikolica","Intermediation services of rental and leasing of cars, motorhomes and trailers",2025-01-01
77.51.0,"Usluge posredovanja u iznajmljivanju i davanju u zakup (leasing) automobila, kampera i prikolica","Intermediation services of rental and leasing of cars, motorhomes and trailers",2025-01-01
77.51.00,"Usluge posredovanja u iznajmljivanju i davanju u zakup (leasing) automobila, kampera i prikolica","Intermediation services of rental and leasing of cars, motorhomes and trailers",2025-01-01
77.52,Usluge posredovanja u iznajmljivanju i davanju u zakup (leasing) ostalih materijalnih dobara i nefinancijske nematerijalne imovine,Intermediation services of rental and leasing of other tangible goods and non-financial intangible assets,2025-01-01
77.52.0,Usluge posredovanja u iznajmljivanju i davanju u zakup (leasing) ostalih materijalnih dobara i nefinancijske nematerijalne imovine,Intermediation services of rental and leasing of other tangible goods and non-financial intangible assets,2025-01-01
77.52.00,Usluge posredovanja u iznajmljivanju i davanju u zakup (leasing) ostalih materijalnih dobara i nefinancijske nematerijalne imovine,Intermediation services of rental and leasing of other tangible goods and non-financial intangible assets,2025-01-01
78,Usluge zapošljavanja,Employment services,2025-01-01
78.1,Usluge agencija za zapošljavanje,Services provided by employment placement agencies,2025-01-01
78.10,Usluge agencija za zapošljavanje,Services provided by employment placement agencies,2025-01-01
78.10.0,Usluge agencija za zapošljavanje,Services provided by employment placement agencies,2025-01-01
78.10.01,Usluge traženja rukovodećeg osoblja,Executive search services,2025-01-01
78.10.02,"Usluge stalnog zapošljavanja, osim usluga traženja rukovodećeg osoblja","Permanent placement services, other than executive search services",2025-01-01
78.2,Usluge agencija za privremeno zapošljavanje i ostalo ustupanje ljudskih resursa,Temporary employment agency services and other human resource provisions,2025-01-01
78.20,Usluge agencija za privremeno zapošljavanje i ostalo ustupanje ljudskih resursa,Temporary employment agency services and other human resource provisions,2025-01-01
78.20.1,Usluge agencija za privremeno zapošljavanje,Temporary employment agency services,2025-01-01
78.20.11,Usluge agencija za privremeno zapošljavanje osoblja za proizvodnju robe,Temporary employment agency services of the supply of personnel for producing goods,2025-01-01
78.20.12,Usluge agencija za privremeno zapošljavanje građevinskog osoblja,Temporary employment agency services of the supply of construction personnel,2025-01-01
78.20.13,Usluge agencija za privremeno zapošljavanje komercijalnog i trgovačkog osoblja,Temporary employment agency services of the supply of commercial and trade personnel,2025-01-01
78.20.14,"Usluge agencija za privremeno zapošljavanje osoblja u djelatnostima prijevoza, skladištenja, logistike i industrijske proizvodnje","Temporary employment agency services of the supply of transport, warehousing, logistics or industrial personnel",2025-01-01
78.20.15,Usluge agencija za privremeno zapošljavanje osoblja u hotelima i restoranima,Temporary employment agency services of the supply of hotels and restaurants personnel,2025-01-01
78.20.16,Usluge agencija za privremeno zapošljavanje računalnog i telekomunikacijskog osoblja,Temporary employment agency services of the supply of computer and telecommunication personnel,2025-01-01
78.20.17,Usluge agencija za privremeno zapošljavanje ostalog uredskog osoblja,Temporary employment agency services of the supply of other office support personnel,2025-01-01
78.20.18,Usluge agencija za privremeno zapošljavanje medicinskog osoblja,Temporary employment agency services of the supply of medical personnel,2025-01-01
78.20.19,"Usluge agencija za privremeno zapošljavanje, d. n.",Temporary employment agency services n.e.c.,2025-01-01
78.20.2,Usluge ostalog ustupanja ljudskih resursa,Other human resources provision services,2025-01-01
78.20.21,Usluge ostalog ustupanja ljudskih resursa za komercijalno i trgovačko osoblje,Other human resources provision services of commercial and trade personnel,2025-01-01
78.20.22,"Usluge ostalog ustupanja ljudskih resursa za osoblje u djelatnostima prijevoza, skladištenja, logistike i industrijske proizvodnje","Other human resources provision services of transport, warehousing, logistics or industrial personnel",2025-01-01
78.20.23,Usluge ostalog ustupanja ljudskih resursa za osoblje u hotelima i restoranima,Other human resources provision services of hotels and restaurants personnel,2025-01-01
78.20.24,Usluge ostalog ustupanja ljudskih resursa za računalno i telekomunikacijsko osoblje,Other human resources provision services of computer and telecommunication personnel,2025-01-01
78.20.25,Usluge ostalog ustupanja ljudskih resursa za ostalo uredsko osoblje,Other human resources provision services of other office support personnel,2025-01-01
78.20.26,Usluge ostalog ustupanja ljudskih resursa za medicinsko osoblje,Other human resources provision services of medical personnel,2025-01-01
78.20.29,"Usluge ostalog ustupanja ljudskih resursa, d. n.",Other human resources provision services n.e.c.,2025-01-01
79,Usluge putničkih agencija i organizatora putovanja (turoperatora) i ostale rezervacijske usluge te usluge povezane s njima,"Travel agency, tour operator and other reservation services and related services",2025-01-01
79.1,Usluge putničkih agencija i organizatora putovanja (turoperatora),Travel agency and tour operator services,2025-01-01
79.11,Usluge putničkih agencija,Travel agency services,2025-01-01
79.11.0,Usluge putničkih agencija,Travel agency services,2025-01-01
79.11.00,Usluge putničkih agencija,Travel agency services,2025-01-01
79.12,Usluge organizatora putovanja (turoperatora),Tour operator services,2025-01-01
79.12.0,Usluge organizatora putovanja (turoperatora),Tour operator services,2025-01-01
79.12.01,Usluge organizatora putovanja (turoperatora) za organiziranje i sastavljanje paket-aranžmana,Tour operator services of arranging and assembling tours,2025-01-01
79.12.02,Usluge vođenja putovanja,Tour managers services,2025-01-01
79.9,Ostale rezervacijske usluge i usluge povezane s njima,Other reservation services and related services,2025-01-01
79.90,Ostale rezervacijske usluge i usluge povezane s njima,Other reservation services and related services,2025-01-01
79.90.1,Usluge turističke promocije i davanja turističkih informacija posjetiteljima,Tourism promotion and visitor information services,2025-01-01
79.90.10,Usluge turističke promocije i davanja turističkih informacija posjetiteljima,Tourism promotion and visitor information services,2025-01-01
79.90.2,Usluge turističkih vodiča,Tourist guide services,2025-01-01
79.90.20,Usluge turističkih vodiča,Tourist guide services,2025-01-01
80,Istražne i zaštitne usluge,Investigation and security services,2025-01-01
80.0,Istražne i zaštitne usluge,Investigation and security services,2025-01-01
80.01,Istražne usluge i usluge privatne zaštite,Investigation and private security services,2025-01-01
80.01.1,Istražne usluge,Investigation services,2025-01-01
80.01.10,Istražne usluge,Investigation services,2025-01-01
80.01.2,Usluge privatne zaštite,Private security services,2025-01-01
80.01.21,Usluge zaštite blindiranim vozilima,Armoured car services,2025-01-01
80.01.22,Usluge čuvanja,Guard services,2025-01-01
80.01.23,Ostale usluge privatne zaštite,Other private security services,2025-01-01
80.09,"Zaštitne usluge, d. n.",Security services n.e.c.,2025-01-01
80.09.0,"Zaštitne usluge, d. n.",Security services n.e.c.,2025-01-01
80.09.01,Usluge zaštite elektroničkim sigurnosnim sustavima,Electronic security system services,2025-01-01
80.09.02,Usluge savjetovanja o sigurnosti,Security consulting services,2025-01-01
80.09.09,"Ostale zaštitne usluge, d. n.",Other security services n.e.c.,2025-01-01
81,Usluge u vezi s upravljanjem i održavanjem zgrada te usluge uređenja i održavanja krajolika,Services to buildings and landscape,2025-01-01
81.1,Usluge održavanja zgrada,Combined facilities support services,2025-01-01
81.10,Usluge održavanja zgrada,Combined facilities support services,2025-01-01
81.10.0,Usluge održavanja zgrada,Combined facilities support services,2025-01-01
81.10.00,Usluge održavanja zgrada,Combined facilities support services,2025-01-01
81.2,Usluge čišćenja,Cleaning services,2025-01-01
81.21,Usluge osnovnog čišćenja zgrada,General cleaning services of buildings,2025-01-01
81.21.0,Usluge osnovnog čišćenja zgrada,General cleaning services of buildings,2025-01-01
81.21.01,Usluge osnovnog čišćenja stanova,General home cleaning services,2025-01-01
81.21.02,Ostale usluge osnovnog čišćenja zgrada,Other general cleaning services of buildings,2025-01-01
81.22,Ostale usluge čišćenja zgrada i industrijskog čišćenja,Other building and industrial cleaning services,2025-01-01
81.22.0,Ostale usluge čišćenja zgrada i industrijskog čišćenja,Other building and industrial cleaning services,2025-01-01
81.22.01,Usluge pranja prozora,Window cleaning services,2025-01-01
81.22.02,Usluge specijalnog čišćenja,Specialised cleaning services,2025-01-01
81.22.03,Usluge čišćenja peći i dimnjaka,Furnace and chimney cleaning services,2025-01-01
81.23,Ostale usluge čišćenja,Other cleaning services,2025-01-01
81.23.0,Ostale usluge čišćenja,Other cleaning services,2025-01-01
81.23.01,Usluge dezinfekcije i uništavanja štetočina,Disinfecting and exterminating services,2025-01-01
81.23.02,Usluge čišćenja i uklanjanja snijega,Sweeping and snow removal services,2025-01-01
81.23.03,Ostale sanitarne usluge,Other sanitation services,2025-01-01
81.23.09,"Ostale usluge čišćenja, d. n.",Other cleaning services n.e.c.,2025-01-01
81.3,Usluge uređenja i održavanja krajolika,Landscape services,2025-01-01
81.30,Usluge uređenja i održavanja krajolika,Landscape services,2025-01-01
81.30.0,Usluge uređenja i održavanja krajolika,Landscape services,2025-01-01
81.30.01,Usluge uređenja i održavanja privatnih vrtova,Home garden maintenance,2025-01-01
81.30.02,Ostale usluge uređenja i održavanja krajolika,Other landscape services,2025-01-01
82,Uredske administrativne i pomoćne usluge te ostale poslovne pomoćne usluge,"Office administrative, office support and other business support services",2025-01-01
82.1,Uredske administrativne i pomoćne usluge,Office administrative and support services,2025-01-01
82.10,Uredske administrativne i pomoćne usluge,Office administrative and support services,2025-01-01
82.10.1,Kombinirane uredske administrativne usluge,Combined office administrative services,2025-01-01
82.10.10,Kombinirane uredske administrativne usluge,Combined office administrative services,2025-01-01
82.10.2,"Fotokopiranje, priprema dokumenata i ostale specijalizirane uredske pomoćne usluge","Photocopying, document preparation and other specialised office support services",2025-01-01
82.10.21,Usluge umnožavanja,Duplicating services,2025-01-01
82.10.22,Usluge sastavljanja popisa adresa i poštanske usluge,Mailing list compilation and mailing services,2025-01-01
82.10.23,Usluge pripreme dokumenata i ostale specijalizirane uredske pomoćne usluge,Document preparation and other specialised office support services,2025-01-01
82.2,Usluge pozivnih centara,Call centre services,2025-01-01
82.20,Usluge pozivnih centara,Call centre services,2025-01-01
82.20.0,Usluge pozivnih centara,Call centre services,2025-01-01
82.20.00,Usluge pozivnih centara,Call centre services,2025-01-01
82.3,Usluge organizacije sastanaka i poslovnih sajmova,Organisation of conventions and trade shows services,2025-01-01
82.30,Usluge organizacije sastanaka i poslovnih sajmova,Organisation of conventions and trade shows services,2025-01-01
82.30.0,Usluge organizacije sastanaka i poslovnih sajmova,Organisation of conventions and trade shows services,2025-01-01
82.30.01,Usluge organiziranja sastanaka,Convention organisation services,2025-01-01
82.30.02,Usluge organiziranja poslovnih sajmova,Trade show organisation services,2025-01-01
82.4,"Usluge posredovanja za poslovne pomoćne usluge, d. n.",Intermediation services of business support services n.e.c.,2025-01-01
82.40,"Usluge posredovanja za poslovne pomoćne usluge, d. n.",Intermediation services of business support services n.e.c.,2025-01-01
82.40.0,"Usluge posredovanja za poslovne pomoćne usluge, d. n.",Intermediation services of business support services n.e.c.,2025-01-01
82.40.00,"Usluge posredovanja za poslovne pomoćne usluge, d. n.",Intermediation services of business support services n.e.c.,2025-01-01
82.9,"Poslovne pomoćne usluge, d. n.",Business support services n.e.c.,2025-01-01
82.91,Usluge agencija za prikupljanje i naplatu računa te kreditnih ureda,Services of collection agencies and credit bureaus,2025-01-01
82.91.0,Usluge agencija za prikupljanje i naplatu računa te kreditnih ureda,Services of collection agencies and credit bureaus,2025-01-01
82.91.01,Usluge izvješćivanja o kreditnoj sposobnosti,Credit reporting services,2025-01-01
82.91.02,Usluge agencija za prikupljanje i naplatu računa,Collection agency services,2025-01-01
82.92,Usluge pakiranja,Packaging services,2025-01-01
82.92.0,Usluge pakiranja,Packaging services,2025-01-01
82.92.00,Usluge pakiranja,Packaging services,2025-01-01
82.99,"Ostale poslovne pomoćne usluge, d. n.",Other business support services n.e.c.,2025-01-01
82.99.0,"Ostale poslovne pomoćne usluge, d. n.",Other business support services n.e.c.,2025-01-01
82.99.01,Usluge doslovnog izvještavanja i stenografskog bilježenja,Verbatim reporting and stenotype recording services,2025-01-01
82.99.02,Pomoćne telefonske usluge,Telephone based support services,2025-01-01
82.99.09,"Ostale raznovrsne poslovne pomoćne usluge, d. n.",Other miscellaneous business support services n.e.c.,2025-01-01
P,USLUGE JAVNE UPRAVE I OBRANE; USLUGE OBVEZNOG SOCIJALNOG OSIGURANJA,PUBLIC ADMINISTRATION AND DEFENCE SERVICES; COMPULSORY SOCIAL SECURITY SERVICES,2025-01-01
84,Usluge javne uprave i obrane; usluge obveznog socijalnog osiguranja,Public administration and defence services; compulsory social security services,2025-01-01
84.1,"Usluge državne uprave, ekonomska i socijalna politika te politika okoliša zajednice","Administration services of the State and the economic, social and environmental policies of the community",2025-01-01
84.11,Opće usluge javne uprave,General public administration services,2025-01-01
84.11.1,Opće javne usluge,General (overall) public services,2025-01-01
84.11.11,Izvršne i zakonodavne usluge,Executive and legislative services,2025-01-01
84.11.12,Financijske i fiskalne usluge,Financial and fiscal services,2025-01-01
84.11.13,Usluge općega gospodarskog i socijalnog planiranja te statističke usluge,Overall economic and social planning and statistical services,2025-01-01
84.11.14,Usluge javne uprave povezane s temeljnim istraživanjima,Government services to fundamental research,2025-01-01
84.11.19,"Opće javne usluge, d. n.",General (overall) public services n.e.c.,2025-01-01
84.11.2,Pomoćne usluge koje pruža javna uprava,Supporting services by the government,2025-01-01
84.11.21,Opće usluge osoblja koje pruža javna uprava,General personnel services by the government,2025-01-01
84.11.29,"Pomoćne usluge koje pruža javna uprava, d. n.",Supporting services by the government n.e.c.,2025-01-01
84.12,"Usluge javne uprave za reguliranje zdravstvenih, obrazovnih, kulturnih i drugih društvenih usluga","Administrative services of the regulation of health care, education, cultural services and other social services",2025-01-01
84.12.0,"Usluge javne uprave za reguliranje zdravstvenih, obrazovnih, kulturnih i drugih društvenih usluga","Administrative services of the regulation of health care, education, cultural services and other social services",2025-01-01
84.12.01,Usluge javne uprave u području obrazovanja,Administrative educational services,2025-01-01
84.12.02,Usluge javne uprave u području zdravstva,Administrative health care services,2025-01-01
84.12.03,Usluge javne uprave u području stanovanja i komunalnih usluga,Administrative housing and community amenity services,2025-01-01
84.12.04,Usluge javne uprave u području okoliša,Administrative environmental services,2025-01-01
84.12.05,"Usluge javne uprave u području rekreacije, kulture i religije","Administrative recreational, cultural and religious services",2025-01-01
84.13,Usluge javne uprave za reguliranje i poboljšanje poslovanja u gospodarstvu,Administrative services of the regulation of and contribution to more efficient operation of businesses,2025-01-01
84.13.0,Usluge javne uprave za reguliranje i poboljšanje poslovanja u gospodarstvu,Administrative services of the regulation of and contribution to more efficient operation of businesses,2025-01-01
84.13.01,"Usluge javne uprave u vezi s poljoprivredom, šumarstvom, ribarstvom i lovstvom","Administrative services related to agriculture, forestry, fishing and hunting",2025-01-01
84.13.02,Usluge javne uprave u vezi s gorivom i energijom,Administrative services related to fuel and energy,2025-01-01
84.13.03,"Usluge javne uprave u vezi s rudarstvom, mineralnim resursima, prerađivačkom industrijom i građevinarstvom","Administrative services related to mining, mineral resources, manufacturing and construction",2025-01-01
84.13.04,Usluge javne uprave u vezi s prijevozom i komunikacijama,Administrative services related to transport and communication,2025-01-01
84.13.05,"Usluge javne uprave u vezi s distributivnom trgovinom i cateringom, hotelima i restoranima","Administrative services related to the distributive and catering trades, hotels and restaurants",2025-01-01
84.13.06,Usluge javne uprave u vezi s turizmom,Administrative services related to tourism affairs,2025-01-01
84.13.07,Usluge javne uprave u vezi s višenamjenskim razvojnim projektima,Administrative multipurpose development project services,2025-01-01
84.13.08,"Opće usluge javne uprave u vezi s gospodarstvom, komercijalnim poslovima, radom i zapošljavanjem","General administrative economic, commercial and labour affairs-related services",2025-01-01
84.2,Usluge u zajednici,Services to the community,2025-01-01
84.21,Usluge vanjskih poslova,Foreign affairs services,2025-01-01
84.21.0,Usluge vanjskih poslova,Foreign affairs services,2025-01-01
84.21.01,"Administrativne usluge u vezi s vanjskim poslovima, diplomatskim i konzularnim predstavništvima","Administrative services related to external affairs, diplomatic and consular services abroad",2025-01-01
84.21.02,Usluge u vezi s vanjskom gospodarskom pomoći,Services related to foreign economic aid,2025-01-01
84.21.03,Usluge u vezi s vanjskom vojnom pomoći,Services related to foreign military aid,2025-01-01
84.22,Usluge obrane,Defence services,2025-01-01
84.22.0,Usluge obrane,Defence services,2025-01-01
84.22.01,Usluge vojne obrane,Military defence services,2025-01-01
84.22.02,Usluge civilne obrane,Civil defence services,2025-01-01
84.23,Pravosudne i sudske usluge,Justice and judicial services,2025-01-01
84.23.0,Pravosudne i sudske usluge,Justice and judicial services,2025-01-01
84.23.01,Usluge javne uprave u vezi sa sudovima,Administrative services related to law courts,2025-01-01
84.23.02,Administrativne usluge u vezi sa zatvaranjem i rehabilitacijom osuđenika,Administrative services related to detention or rehabilitation of criminals,2025-01-01
84.24,Usluge očuvanja javnog reda i sigurnosti,Public order and safety services,2025-01-01
84.24.0,Usluge očuvanja javnog reda i sigurnosti,Public order and safety services,2025-01-01
84.24.01,Usluge policije,Police services,2025-01-01
84.24.09,"Usluge očuvanja javnog reda i sigurnosti, d. n.",Public order and safety services n.e.c.,2025-01-01
84.25,Usluge vatrogasne službe,Fire brigade services,2025-01-01
84.25.0,Usluge vatrogasne službe,Fire brigade services,2025-01-01
84.25.01,Usluge gašenja i sprečavanja požara,Firefighting and fire prevention services,2025-01-01
84.25.09,"Usluge vatrogasne službe, d. n.",Fire brigade services n.e.c.,2025-01-01
84.3,Usluge obveznog socijalnog osiguranja,Compulsory social security services,2025-01-01
84.30,Usluge obveznog socijalnog osiguranja,Compulsory social security services,2025-01-01
84.30.0,Usluge obveznog socijalnog osiguranja,Compulsory social security services,2025-01-01
84.30.01,"Usluge obveznog socijalnog osiguranja za slučaj bolesti, majčinstva i privremene nesposobnosti za rad","Compulsory social security services concerning sickness, maternity or temporary disablement benefits",2025-01-01
84.30.02,Usluge obveznog mirovinskog i invalidskog osiguranja,"Compulsory social security services concerning government employee pension schemes; old-age, disability or survivors' benefits other than for government employees",2025-01-01
84.30.03,Usluge obveznog socijalnog osiguranja za slučaj nezaposlenosti,Compulsory social security services concerning unemployment compensation benefits,2025-01-01
84.30.04,Usluge obveznog socijalnog osiguranja za obiteljski i dječji dodatak,Compulsory social security services concerning family and child allowances,2025-01-01
Q,USLUGE OBRAZOVANJA,EDUCATION SERVICES,2025-01-01
85,Usluge obrazovanja,Education services,2025-01-01
85.1,Usluge predškolskog obrazovanja,Pre-primary education services,2025-01-01
85.10,Usluge predškolskog obrazovanja,Pre-primary education services,2025-01-01
85.10.0,Usluge predškolskog obrazovanja,Pre-primary education services,2025-01-01
85.10.00,Usluge predškolskog obrazovanja,Pre-primary education services,2025-01-01
85.2,Usluge osnovnoškolskog obrazovanja,Primary education services,2025-01-01
85.20,Usluge osnovnoškolskog obrazovanja,Primary education services,2025-01-01
85.20.0,Usluge osnovnoškolskog obrazovanja,Primary education services,2025-01-01
85.20.01,Usluge osnovnoškolskog obrazovanja putem interneta,Online primary education services,2025-01-01
85.20.02,Usluge ostalog osnovnoškolskog obrazovanja,Other primary education services,2025-01-01
85.3,Usluge srednjoškolskog obrazovanja i obrazovanja nakon srednjoškolskog koje nije visoko,Secondary and post-secondary non-tertiary education services,2025-01-01
85.31,Usluge općeg srednjoškolskog obrazovanja,General secondary education services,2025-01-01
85.31.1,Usluge nižeg općeg srednjoškolskog obrazovanja,General lower secondary education services,2025-01-01
85.31.11,Usluge nižeg općeg srednjoškolskog obrazovanja putem interneta,Online general lower secondary education services,2025-01-01
85.31.12,Usluge ostalog nižeg općeg srednjoškolskog obrazovanja,Other general lower secondary education services,2025-01-01
85.31.2,Usluge višeg općeg srednjoškolskog obrazovanja,General upper secondary education services,2025-01-01
85.31.21,Usluge višeg općeg srednjoškolskog obrazovanja putem interneta,Online general upper secondary education services,2025-01-01
85.31.22,Usluge ostalog višeg općeg srednjoškolskog obrazovanja,Other general upper secondary education services,2025-01-01
85.32,Usluge srednjoškolskog strukovnog obrazovanja,Vocational secondary education services,2025-01-01
85.32.1,Usluge nižeg tehničkog i strukovnog srednjoškolskog obrazovanja,Technical and vocational lower secondary education services,2025-01-01
85.32.11,Usluge nižeg tehničkog i strukovnog srednjoškolskog obrazovanja putem interneta,Online technical and vocational lower secondary education services,2025-01-01
85.32.12,Usluge ostalog nižeg tehničkog i strukovnog srednjoškolskog obrazovanja,Other technical and vocational lower secondary education services,2025-01-01
85.32.2,Usluge višeg tehničkog i strukovnog srednjoškolskog obrazovanja,Technical and vocational upper secondary education services,2025-01-01
85.32.21,Usluge višeg tehničkog i strukovnog srednjoškolskog obrazovanja putem interneta,Online technical and vocational upper secondary education services,2025-01-01
85.32.22,Usluge ostalog višeg tehničkog i strukovnog srednjoškolskog obrazovanja,Other technical and vocational upper secondary education services,2025-01-01
85.33,Usluge obrazovanja nakon srednjoškolskog koje nije visoko,Post-secondary non-tertiary education services,2025-01-01
85.33.0,Usluge obrazovanja nakon srednjoškolskog koje nije visoko,Post-secondary non-tertiary education services,2025-01-01
85.33.01,Usluge općeg obrazovanja nakon srednjoškolskog koje nije visoko putem interneta,Online post-secondary non-tertiary general education services,2025-01-01
85.33.02,Usluge ostalog općeg obrazovanja nakon srednjoškolskog koje nije visoko,Other post-secondary non-tertiary general education services,2025-01-01
85.33.03,Usluge tehničkog i strukovnog obrazovanja nakon srednjoškolskog koje nije visoko putem interneta,Online post-secondary non-tertiary technical and vocational education services,2025-01-01
85.33.04,Usluge ostalog tehničkog i strukovnog obrazovanja nakon srednjoškolskog koje nije visoko putem interneta,Other post-secondary non-tertiary technical and vocational education services,2025-01-01
85.4,Usluge visokog obrazovanja,Tertiary education services,2025-01-01
85.40,Usluge visokog obrazovanja,Tertiary education services,2025-01-01
85.40.1,"Usluge visokog obrazovanja, kratki stručni studijski programi",Short-cycle tertiary education services,2025-01-01
85.40.11,"Usluge visokog obrazovanja, kratki stručni studijski programi, putem interneta",Online short-cycle tertiary education services,2025-01-01
85.40.12,"Usluge ostalog visokog obrazovanja, kratki stručni studijski programi",Other short-cycle tertiary education services,2025-01-01
85.40.2,"Usluge visokog obrazovanja, preddiplomski sveučilišni studiji ili jednakovrijedna razina obrazovanja",Bachelor's or equivalent level tertiary education services,2025-01-01
85.40.21,"Usluge visokog obrazovanja, preddiplomski sveučilišni studiji ili jednakovrijedna razina obrazovanja, putem interneta",Online bachelor's or equivalent level tertiary education services,2025-01-01
85.40.22,"Usluge ostalog visokog obrazovanja, preddiplomski sveučilišni studiji ili jednakovrijedna razina obrazovanja",Other bachelor's or equivalent level tertiary education services,2025-01-01
85.40.3,"Usluge visokog obrazovanja, diplomski sveučilišni studiji ili jednakovrijedna razina obrazovanja",Master's or equivalent level tertiary education services,2025-01-01
85.40.31,"Usluge visokog obrazovanja, diplomski sveučilišni studiji ili jednakovrijedna razina obrazovanja, putem interneta",Online master's or equivalent level tertiary education services,2025-01-01
85.40.32,"Usluge ostalog visokog obrazovanja, diplomski sveučilišni studiji ili jednakovrijedna razina obrazovanja",Other master's or equivalent level tertiary education services,2025-01-01
85.40.4,"Usluge visokog obrazovanja, poslijediplomski sveučilišni studiji ili jednakovrijedna razina obrazovanja",Doctoral or equivalent level tertiary education services,2025-01-01
85.40.41,"Usluge visokog obrazovanja, poslijediplomski sveučilišni studiji ili jednakovrijedna razina obrazovanja, putem interneta",Online doctoral or equivalent level tertiary education services,2025-01-01
85.40.42,"Usluge ostalog visokog obrazovanja, poslijediplomski sveučilišni studiji ili jednakovrijedna razina obrazovanja",Other doctoral or equivalent level tertiary education services,2025-01-01
85.5,Usluge ostalog obrazovanja i poučavanja,Other education services,2025-01-01
85.51,Usluge obrazovanja i poučavanja u području sporta i rekreacije,Sports and recreation education services,2025-01-01
85.51.0,Usluge obrazovanja i poučavanja u području sporta i rekreacije,Sports and recreation education services,2025-01-01
85.51.00,Usluge obrazovanja i poučavanja u području sporta i rekreacije,Sports and recreation education services,2025-01-01
85.52,Usluge obrazovanja i poučavanja u području kulture,Cultural education services,2025-01-01
85.52.0,Usluge obrazovanja i poučavanja u području kulture,Cultural education services,2025-01-01
85.52.01,Usluge plesnih škola i plesnih učitelja,Dancing schools and dance instruction services,2025-01-01
85.52.02,Usluge glazbenih škola i glazbenih učitelja,Music schools and music instruction services,2025-01-01
85.52.03,Usluge škola likovne umjetnosti i podučavanja umjetnosti,Fine arts schools and arts instruction services,2025-01-01
85.52.04,Usluge ostalog obrazovanja i poučavanja u području kulture,Other cultural education services,2025-01-01
85.53,Usluge vozačkih škola,Driving school services,2025-01-01
85.53.0,Usluge vozačkih škola,Driving school services,2025-01-01
85.53.01,Usluge autoškola,Car driving school services,2025-01-01
85.53.02,Usluge škola letenja i jedrenja,Flying and sailing school services,2025-01-01
85.59,"Usluge ostalog obrazovanja i poučavanja, d. n.",Other education services n.e.c.,2025-01-01
85.59.0,"Usluge ostalog obrazovanja i poučavanja, d. n.",Other education services n.e.c.,2025-01-01
85.59.01,Usluge jezičnih škola,Language school services,2025-01-01
85.59.02,Usluge informatičkih škola,IT school services,2025-01-01
85.59.03,Usluge ostalog strukovnog obrazovanja,Other vocational education services,2025-01-01
85.59.04,Tečajevi za učenje kod kuće,Home school support courses,2025-01-01
85.59.09,"Usluge ostalog obrazovanja i poučavanja, d. n.",Education services n.e.c.,2025-01-01
85.6,Pomoćne usluge u obrazovanju,Educational support services,2025-01-01
85.61,Usluge posredovanja za tečajeve i mentorstva,Intermediation services of courses and tutors,2025-01-01
85.61.0,Usluge posredovanja za tečajeve i mentorstva,Intermediation services of courses and tutors,2025-01-01
85.61.00,Usluge posredovanja za tečajeve i mentorstva,Intermediation services of courses and tutors,2025-01-01
85.69,"Pomoćne usluge u obrazovanju, d. n.",Educational support services n.e.c.,2025-01-01
85.69.0,"Pomoćne usluge u obrazovanju, d. n.",Educational support services n.e.c.,2025-01-01
85.69.00,"Pomoćne usluge u obrazovanju, d. n.",Educational support services n.e.c.,2025-01-01
R,USLUGE ZDRAVSTVENE ZAŠTITE I SOCIJALNE SKRBI,HUMAN HEALTH AND SOCIAL WORK SERVICES,2025-01-01
86,Usluge zdravstvene zaštite,Human health services,2025-01-01
86.1,Usluge bolnica,Hospital services,2025-01-01
86.10,Usluge bolnica,Hospital services,2025-01-01
86.10.0,Usluge bolnica,Hospital services,2025-01-01
86.10.01,Kirurške usluge bolnica,Hospital surgical services,2025-01-01
86.10.02,Ginekološke usluge bolnica i usluge porodništva,Hospital gynaecological and obstetrical services,2025-01-01
86.10.03,Rehabilitacijske usluge bolnica,Hospital rehabilitation services,2025-01-01
86.10.04,Psihijatrijske usluge bolnica,Hospital psychiatric services,2025-01-01
86.10.05,Ostale usluge bolnica koje pružaju doktori medicine,Other hospital services provided by medical doctors,2025-01-01
86.10.06,Ostale usluge bolnica,Other hospital services,2025-01-01
86.2,Usluge medicine i dentalne medicine,Medical and dental practice services,2025-01-01
86.21,Usluge opće medicine,General medical practice services,2025-01-01
86.21.0,Usluge opće medicine,General medical practice services,2025-01-01
86.21.00,Usluge opće medicine,General medical practice services,2025-01-01
86.22,Specijalističke medicinske usluge,Medical specialists services,2025-01-01
86.22.0,Specijalističke medicinske usluge,Medical specialists services,2025-01-01
86.22.01,Usluge analize i tumačenja medicinskih nalaza,Analysis and interpretation services of diagnostic images,2025-01-01
86.22.02,Ostale specijalističke medicinske usluge,Other medical specialists services,2025-01-01
86.23,Usluge dentalne medicine,Dental practice care services,2025-01-01
86.23.0,Usluge dentalne medicine,Dental practice care services,2025-01-01
86.23.01,Ortodontske usluge,Orthodontic services,2025-01-01
86.23.02,Ostale usluge dentalne medicine,Other dental practice care services,2025-01-01
86.9,Ostale usluge zdravstvene zaštite,Other human health services,2025-01-01
86.91,Usluge dijagnostičkog snimanja i medicinskih laboratorija,Diagnostic imaging services and medical laboratory services,2025-01-01
86.91.0,Usluge dijagnostičkog snimanja i medicinskih laboratorija,Diagnostic imaging services and medical laboratory services,2025-01-01
86.91.01,Dijagnostičke usluge bez tumačenja,Diagnostic imaging services without interpretation,2025-01-01
86.91.02,Usluge medicinskih laboratorija,Medical laboratory services,2025-01-01
86.92,Usluge prijevoza pacijenata vozilom hitne pomoći,Patient transportation services by ambulance,2025-01-01
86.92.0,Usluge prijevoza pacijenata vozilom hitne pomoći,Patient transportation services by ambulance,2025-01-01
86.92.00,Usluge prijevoza pacijenata vozilom hitne pomoći,Patient transportation services by ambulance,2025-01-01
86.93,"Usluge psihologa i psihoterapeuta, osim doktora medicine","Mental health services of psychologists and psychotherapists, except medical doctors",2025-01-01
86.93.0,"Usluge psihologa i psihoterapeuta, osim doktora medicine","Mental health services of psychologists and psychotherapists, except medical doctors",2025-01-01
86.93.00,"Usluge psihologa i psihoterapeuta, osim doktora medicine","Mental health services of psychologists and psychotherapists, except medical doctors",2025-01-01
86.94,Usluge medicinskih sestara i primalja,Nursing and midwifery services,2025-01-01
86.94.0,Usluge medicinskih sestara i primalja,Nursing and midwifery services,2025-01-01
86.94.01,Usluge medicinskih sestara,Nursing services,2025-01-01
86.94.02,Usluge primalja,Midwifery services,2025-01-01
86.95,Usluge fizioterapeuta,Physiotherapy services,2025-01-01
86.95.0,Usluge fizioterapeuta,Physiotherapy services,2025-01-01
86.95.01,Usluge radne terapije,Occupational therapy services,2025-01-01
86.95.02,Ostale usluge fizioterapeuta,Other physiotherapy services,2025-01-01
86.96,"Usluge tradicionalne, komplementarne i alternativne medicine","Traditional, complementary and alternative medicine services",2025-01-01
86.96.0,"Usluge tradicionalne, komplementarne i alternativne medicine","Traditional, complementary and alternative medicine services",2025-01-01
86.96.00,"Usluge tradicionalne, komplementarne i alternativne medicine","Traditional, complementary and alternative medicine services",2025-01-01
86.97,"Usluge posredovanja za medicinske, stomatološke i druge zdravstvene usluge","Intermediation services of medical, dental and other human health services",2025-01-01
86.97.0,"Usluge posredovanja za medicinske, stomatološke i druge zdravstvene usluge","Intermediation services of medical, dental and other human health services",2025-01-01
86.97.00,"Usluge posredovanja za medicinske, stomatološke i druge zdravstvene usluge","Intermediation services of medical, dental and other human health services",2025-01-01
86.99,"Ostale usluge zdravstvene zaštite, d. n.",Other human health services n.e.c.,2025-01-01
86.99.0,"Ostale usluge zdravstvene zaštite, d. n.",Other human health services n.e.c.,2025-01-01
86.99.01,"Usluge banaka krvi, sperme i transplantacijskih organa","Blood, sperm and transplant organ bank services",2025-01-01
86.99.02,Usluge optometrije,Optometric services,2025-01-01
86.99.09,"Ostale raznovrsne usluge zdravstvene zaštite, d. n.",Other miscellaneous human health services n.e.c.,2025-01-01
87,Usluge socijalne skrbi sa smještajem,Residential care services,2025-01-01
87.1,Usluge ustanova za njegu sa smještajem,Residential nursing care services,2025-01-01
87.10,Usluge ustanova za njegu sa smještajem,Residential nursing care services,2025-01-01
87.10.0,Usluge ustanova za njegu sa smještajem,Residential nursing care services,2025-01-01
87.10.00,Usluge ustanova za njegu sa smještajem,Residential nursing care services,2025-01-01
87.2,Usluge socijalne skrbi sa smještajem za osobe koje boluju od nedijagnosticirane ili dijagnosticirane mentalne bolesti ili ovisnosti o opojnim sredstvima,Residential care services of persons living with or having a diagnosis of a mental illness or substance abuse,2025-01-01
87.20,Usluge socijalne skrbi sa smještajem za osobe koje boluju od nedijagnosticirane ili dijagnosticirane mentalne bolesti ili ovisnosti o opojnim sredstvima,Residential care services of persons living with or having a diagnosis of a mental illness or substance abuse,2025-01-01
87.20.0,Usluge socijalne skrbi sa smještajem za osobe koje boluju od nedijagnosticirane ili dijagnosticirane mentalne bolesti ili ovisnosti o opojnim sredstvima,Residential care services of persons living with or having a diagnosis of a mental illness or substance abuse,2025-01-01
87.20.01,Usluge socijalne skrbi sa smještajem za djecu koja boluju od nedijagnosticirane ili dijagnosticirane mentalne bolesti ili ovisnosti o opojnim sredstvima,Residential care services of children living with or having a diagnosis of a mental illness or substance abuse,2025-01-01
87.20.02,Usluge socijalne skrbi sa smještajem za odrasle osobe koje boluju od nedijagnosticirane ili dijagnosticirane mentalne bolesti ili ovisnosti o opojnim sredstvima,Residential care services of adults living with or having a diagnosis of a mental illness or substance abuse,2025-01-01
87.3,Usluge socijalne skrbi sa smještajem za starije osobe ili osobe s fizičkim invaliditetom,Residential care services of older persons or persons with physical disabilities,2025-01-01
87.30,Usluge socijalne skrbi sa smještajem za starije osobe ili osobe s fizičkim invaliditetom,Residential care services of older persons or persons with physical disabilities,2025-01-01
87.30.0,Usluge socijalne skrbi sa smještajem za starije osobe ili osobe s fizičkim invaliditetom,Residential care services of older persons or persons with physical disabilities,2025-01-01
87.30.01,Usluge socijalne skrbi koje pružaju ustanove za smještaj starijih osoba,Welfare services delivered through residential institutions to older persons,2025-01-01
87.30.02,Usluge socijalne skrbi koje pružaju ustanove za smještaj djece i mladeži s fizičkim invaliditetom,Welfare services delivered through residential institutions to children and young people with physical disabilities,2025-01-01
87.30.03,Usluge socijalne skrbi koje pružaju ustanove za smještaj odraslih osoba s fizičkim invaliditetom,Welfare services delivered through residential institutions to adults with physical disabilities,2025-01-01
87.9,Ostale usluge socijalne skrbi sa smještajem,Other residential care services,2025-01-01
87.91,Usluge posredovanja za usluge socijalne skrbi sa smještajem,Intermediation services of residential care services,2025-01-01
87.91.0,Usluge posredovanja za usluge socijalne skrbi sa smještajem,Intermediation services of residential care services,2025-01-01
87.91.00,Usluge posredovanja za usluge socijalne skrbi sa smještajem,Intermediation services of residential care services,2025-01-01
87.99,"Ostale usluge socijalne skrbi sa smještajem, d. n.",Other residential care services n.e.c.,2025-01-01
87.99.0,"Ostale usluge socijalne skrbi sa smještajem, d. n.",Other residential care services n.e.c.,2025-01-01
87.99.01,Ostale usluge socijalne skrbi sa smještajem za djecu i mladež,Other social work services with accommodation for children and young people,2025-01-01
87.99.02,Usluge socijalne skrbi sa smještajem za zlostavljane odrasle osobe,Social work services with accommodation for mistreated adults,2025-01-01
87.99.03,Ostale usluge socijalne skrbi sa smještajem za odrasle osobe,Other social work services with accommodation for adults,2025-01-01
88,Usluge socijalne skrbi bez smještaja,Social work services without accommodation,2025-01-01
88.1,Usluge socijalne skrbi bez smještaja za starije osobe ili osobe s invaliditetom,Social work services without accommodation for older persons or persons with disabilities,2025-01-01
88.10,Usluge socijalne skrbi bez smještaja za starije osobe ili osobe s invaliditetom,Social work services without accommodation for older persons or persons with disabilities,2025-01-01
88.10.0,Usluge socijalne skrbi bez smještaja za starije osobe ili osobe s invaliditetom,Social work services without accommodation for older persons or persons with disabilities,2025-01-01
88.10.01,Usluge posjećivanja i pomoći za starije osobe,Visiting and assistance services of older persons,2025-01-01
88.10.02,Usluge dnevne skrbi za starije osobe,Day-care centre services of older persons,2025-01-01
88.10.03,Usluge stručne rehabilitacije za osobe s invaliditetom,Vocational rehabilitation services of persons with disabilities,2025-01-01
88.10.04,Usluge posjećivanja i pomoći za osobe s invaliditetom,Visiting and assistance services of persons with disabilities,2025-01-01
88.10.05,Usluge dnevne skrbi za odrasle osobe s invaliditetom,Day-care centre services of adults with disabilities,2025-01-01
88.9,Ostale usluge socijalne skrbi bez smještaja,Other social work services without accommodation,2025-01-01
88.91,Usluge dnevne skrbi o djeci,Child day-care services,2025-01-01
88.91.0,Usluge dnevne skrbi o djeci,Child day-care services,2025-01-01
88.91.01,"Usluge dnevne skrbi za djecu, osim dnevne skrbi za djecu s invaliditetom",Child day-care services except day-care services of children with disabilities,2025-01-01
88.91.02,Usluge dnevne skrbi za djecu i mladež s invaliditetom,Day-care services of children and young people with disabilities,2025-01-01
88.91.03,Usluge čuvanja djece,Baby-sitting services,2025-01-01
88.99,"Ostale usluge socijalne skrbi bez smještaja, d. n.",Other social work services without accommodation n.e.c.,2025-01-01
88.99.0,"Ostale usluge socijalne skrbi bez smještaja, d. n.",Other social work services without accommodation n.e.c.,2025-01-01
88.99.01,Ostale usluge usmjeravanja i savjetovanja za djecu,Other guidance and counselling services related to children,2025-01-01
88.99.02,"Dobrotvorne usluge, osim smještaja",Welfare services without accommodation,2025-01-01
88.99.03,Usluge stručne rehabilitacije za nezaposlene osobe,Vocational rehabilitation services of the unemployed,2025-01-01
88.99.09,"Ostale usluge socijalne skrbi bez smještaja, d. n.",Other social services without accommodation n.e.c.,2025-01-01
S,"UMJETNIČKE, SPORTSKE I REKREACIJSKE USLUGE","ARTS, SPORTS AND RECREATION SERVICES",2025-01-01
90,Usluge umjetničkog stvaralaštva i izvedbenih umjetnosti,Arts creation and performing arts services,2025-01-01
90.1,Usluge umjetničkog stvaralaštva,Arts creation services,2025-01-01
90.11,Usluge književnog i glazbenog stvaralaštva,Literary creation and musical composition services,2025-01-01
90.11.0,Usluge književnog i glazbenog stvaralaštva,Literary creation and musical composition services,2025-01-01
90.11.01,"Usluge pisaca, skladatelja i ostalih umjetnika, osim izvedbenih umjetnika, slikara, grafičkih umjetnika i kipara","Services provided by authors, composers and other artists, except performing artists, painters, graphical artists and sculptors",2025-01-01
90.11.02,"Originalni radovi pisaca, skladatelja i ostalih umjetnika osim izvedbenih umjetnika, slikara, grafičkih umjetnika i kipara","Original works of authors, composers and other artists, except performing artists, painters, graphical artists and sculptors",2025-01-01
90.12,Usluge vizualnih umjetnosti,Visual arts creation services,2025-01-01
90.12.0,Usluge vizualnih umjetnosti,Visual arts creation services,2025-01-01
90.12.01,"Usluge slikara, grafičkih umjetnika i kipara","Services provided by painters, graphical artists and sculptors",2025-01-01
90.12.02,"Originalni radovi slikara, grafičkih umjetnika i kipara","Original works of painters, graphical artists and sculptors",2025-01-01
90.13,Ostale usluge umjetničkog stvaralaštva,Other arts creation services,2025-01-01
90.13.0,Ostale usluge umjetničkog stvaralaštva,Other arts creation services,2025-01-01
90.13.01,Originalni radovi ostalih umjetnika,Original works of other artists,2025-01-01
90.13.09,"Usluge ostalog umjetničkog stvaralaštva, d. n.",Other arts creation services n.e.c.,2025-01-01
90.2,Usluge izvedbenih umjetnosti,Services of performing arts,2025-01-01
90.20,Usluge izvedbenih umjetnosti,Services of performing arts,2025-01-01
90.20.0,Usluge izvedbenih umjetnosti,Services of performing arts,2025-01-01
90.20.00,Usluge izvedbenih umjetnosti,Services of performing arts,2025-01-01
90.3,Pomoćne usluge u umjetničkom stvaralaštvu i izvedbenim umjetnostima,Support services to arts creation and performing arts,2025-01-01
90.31,Usluge povezane s radom umjetničkih objekata i lokaliteta,Operation services of arts facilities and sites,2025-01-01
90.31.0,Usluge povezane s radom umjetničkih objekata i lokaliteta,Operation services of arts facilities and sites,2025-01-01
90.31.01,Usluge povezane s radom umjetničkih objekata za izvedbene umjetnosti,Operation services of arts facilities for performing arts,2025-01-01
90.31.02,Usluge povezane s radom umjetničkih objekata za umjetničko stvaralaštvo u vizualnim umjetnostima,Operation services of arts facilities supporting artistic creation in visual arts,2025-01-01
90.39,Ostale pomoćne usluge u umjetničkom stvaralaštvu i izvedbenim umjetnostima,Other support services to arts and performing arts,2025-01-01
90.39.0,Ostale pomoćne usluge u umjetničkom stvaralaštvu i izvedbenim umjetnostima,Other support services to arts and performing arts,2025-01-01
90.39.01,Usluge produkcije i prezentacije umjetničkih događaja,Performing arts event production and presentation services,2025-01-01
90.39.02,Usluge promidžbe i organizacije umjetničkih događaja,Performing arts event promotion and organisation services,2025-01-01
90.39.03,"Tehnološke i tehničke usluge za događaje i izvedbe, uključujući usluge specijalnih efekata za događaje i izvedbe","Event and performance technology and technical services, including events and performances special effects services",2025-01-01
90.39.04,Ostale pomoćne usluge u izvođačkoj umjetnosti,Other performing arts support services,2025-01-01
91,"Usluge knjižnica, arhiva, muzeja i ostale kulturne usluge","Libraries, archives, museums and other cultural services",2025-01-01
91.1,Usluge knjižnica i arhiva,Library and archive services,2025-01-01
91.11,Usluge knjižnica,Library services,2025-01-01
91.11.0,Usluge knjižnica,Library services,2025-01-01
91.11.00,Usluge knjižnica,Library services,2025-01-01
91.12,Usluge arhiva,Archive services,2025-01-01
91.12.0,Usluge arhiva,Archive services,2025-01-01
91.12.00,Usluge arhiva,Archive services,2025-01-01
91.2,"Usluge muzeja, zbirki, povijesnih lokaliteta i spomenika kulture","Museum, collection, historical site and monument services",2025-01-01
91.21,Usluge muzeja i zbirki,Museum and collection services,2025-01-01
91.21.1,Usluge muzeja,Museum operation services,2025-01-01
91.21.10,Usluge muzeja,Museum operation services,2025-01-01
91.21.2,Muzejske zbirke,Museum collections,2025-01-01
91.21.20,Muzejske zbirke,Museum collections,2025-01-01
91.22,Usluge povijesnih lokaliteta i spomenika kulture,Historical site and monument services,2025-01-01
91.22.0,Usluge povijesnih lokaliteta i spomenika kulture,Historical site and monument services,2025-01-01
91.22.00,Usluge povijesnih lokaliteta i spomenika kulture,Historical site and monument services,2025-01-01
91.3,"Konzervatorske, restauratorske i ostale pomoćne usluge u području kulturne baštine","Conservation, restoration and other support services of cultural heritage",2025-01-01
91.30,"Konzervatorske, restauratorske i ostale pomoćne usluge u području kulturne baštine","Conservation, restoration and other support services of cultural heritage",2025-01-01
91.30.0,"Konzervatorske, restauratorske i ostale pomoćne usluge u području kulturne baštine","Conservation, restoration and other support services of cultural heritage",2025-01-01
91.30.00,"Konzervatorske, restauratorske i ostale pomoćne usluge u području kulturne baštine","Conservation, restoration and other support services of cultural heritage",2025-01-01
91.4,Usluge botaničkih i zooloških vrtova i prirodnih rezervata,Botanical and zoological garden and nature reserve services,2025-01-01
91.41,Usluge botaničkih i zooloških vrtova,Botanical and zoological garden services,2025-01-01
91.41.0,Usluge botaničkih i zooloških vrtova,Botanical and zoological garden services,2025-01-01
91.41.00,Usluge botaničkih i zooloških vrtova,Botanical and zoological garden services,2025-01-01
91.42,Usluge prirodnih rezervata,Nature reserve services,2025-01-01
91.42.0,Usluge prirodnih rezervata,Nature reserve services,2025-01-01
91.42.00,Usluge prirodnih rezervata,Nature reserve services,2025-01-01
92,Usluge kockanja i klađenja,Gambling and betting services,2025-01-01
92.0,Usluge kockanja i klađenja,Gambling and betting services,2025-01-01
92.00,Usluge kockanja i klađenja,Gambling and betting services,2025-01-01
92.00.1,Usluge kockanja,Gambling services,2025-01-01
92.00.11,Usluge kockanja na stolovima za igre na sreću,Gambling table services,2025-01-01
92.00.12,Usluge automata za igre na sreću,Gambling machine services,2025-01-01
92.00.13,"Usluge lutrije, tombole, binga i sličnih igara na sreću","Lotteries, numerical games and bingo services",2025-01-01
92.00.14,Usluge kockanja putem interneta,Online gambling services,2025-01-01
92.00.19,"Usluge kockanja, d. n.",Gambling services n.e.c.,2025-01-01
92.00.2,Usluge klađenja,Betting services,2025-01-01
92.00.21,Usluge sportskog klađenja putem interneta,Sports online betting services,2025-01-01
92.00.22,Usluge ostalog klađenja putem interneta,Other online betting services,2025-01-01
92.00.29,"Usluge klađenja, d. n.",Betting services n.e.c.,2025-01-01
93,"Sportske, zabavne i rekreacijske usluge",Sporting services and amusement and recreation services,2025-01-01
93.1,Sportske usluge,Sporting services,2025-01-01
93.11,Usluge rada sportskih objekata,Sports facility operation services,2025-01-01
93.11.0,Usluge rada sportskih objekata,Sports facility operation services,2025-01-01
93.11.00,Usluge rada sportskih objekata,Sports facility operation services,2025-01-01
93.12,Usluge sportskih klubova,Services of sports clubs,2025-01-01
93.12.0,Usluge sportskih klubova,Services of sports clubs,2025-01-01
93.12.00,Usluge sportskih klubova,Services of sports clubs,2025-01-01
93.13,Usluge fitness centara,Services of fitness centres,2025-01-01
93.13.0,Usluge fitness centara,Services of fitness centres,2025-01-01
93.13.00,Usluge fitness centara,Services of fitness centres,2025-01-01
93.19,Ostale sportske usluge,Other sports services,2025-01-01
93.19.0,Ostale sportske usluge,Other sports services,2025-01-01
93.19.01,Usluge promidžbe sportskih i sportsko-rekreacijskih događaja,Sports and recreational sports event promotion services,2025-01-01
93.19.02,Usluge samostalnih sportaša,Services of athletes,2025-01-01
93.19.03,Pomoćne usluge u vezi sa sportom i rekreacijom,Support services related to sports and recreation,2025-01-01
93.19.09,Ostale sportske i sportsko-rekreacijske usluge,Other sports and recreational sports services,2025-01-01
93.2,Zabavne i rekreacijske usluge,Amusement and recreation services,2025-01-01
93.21,Usluge zabavnih i tematskih parkova,Amusement park and theme park services,2025-01-01
93.21.0,Usluge zabavnih i tematskih parkova,Amusement park and theme park services,2025-01-01
93.21.00,Usluge zabavnih i tematskih parkova,Amusement park and theme park services,2025-01-01
93.29,Ostale zabavne i rekreacijske usluge,Other amusement and recreation services,2025-01-01
93.29.1,Ostale rekreacijske usluge,Other recreational services,2025-01-01
93.29.11,Usluge rekreacijskih parkova i plaža,Recreation parks and beach services,2025-01-01
93.29.12,Zabavne i rekreacijske usluge povezane s infrastrukturom u marinama,Amusement and recreation services related to the infrastructure of marinas,2025-01-01
93.29.19,"Ostale rekreacijske usluge, d. n.",Other recreational services n.e.c.,2025-01-01
93.29.2,Ostale zabavne usluge,Other entertainment services,2025-01-01
93.29.21,Usluge priređivanja vatrometa i predstava sa svjetlosnim i zvučnim efektima,Firework and light and sound shows services,2025-01-01
93.29.22,Usluge automata za igre na kovanice,Coin-operated games machine services,2025-01-01
93.29.29,"Ostale zabavne usluge, d. n.",Other entertainment services n.e.c.,2025-01-01
T,OSTALE USLUGE,OTHER SERVICES,2025-01-01
94,Usluge članskih organizacija,Services furnished by membership organisations,2025-01-01
94.1,"Usluge poslovnih organizacija, organizacija poslodavaca i strukovnih organizacija","Services furnished by business, employers and professional membership organisations",2025-01-01
94.11,Usluge poslovnih organizacija i organizacija poslodavaca,Services furnished by business and employers membership organisations,2025-01-01
94.11.0,Usluge poslovnih organizacija i organizacija poslodavaca,Services furnished by business and employers membership organisations,2025-01-01
94.11.00,Usluge poslovnih organizacija i organizacija poslodavaca,Services furnished by business and employers membership organisations,2025-01-01
94.12,Usluge strukovnih organizacija,Services furnished by professional membership organisations,2025-01-01
94.12.0,Usluge strukovnih organizacija,Services furnished by professional membership organisations,2025-01-01
94.12.00,Usluge strukovnih organizacija,Services furnished by professional membership organisations,2025-01-01
94.2,Usluge sindikata,Services furnished by trade unions,2025-01-01
94.20,Usluge sindikata,Services furnished by trade unions,2025-01-01
94.20.0,Usluge sindikata,Services furnished by trade unions,2025-01-01
94.20.00,Usluge sindikata,Services furnished by trade unions,2025-01-01
94.9,Usluge ostalih članskih organizacija,Services furnished by other membership organisations,2025-01-01
94.91,Usluge vjerskih organizacija,Services furnished by religious organisations,2025-01-01
94.91.0,Usluge vjerskih organizacija,Services furnished by religious organisations,2025-01-01
94.91.00,Usluge vjerskih organizacija,Services furnished by religious organisations,2025-01-01
94.92,Usluge političkih organizacija,Services furnished by political organisations,2025-01-01
94.92.0,Usluge političkih organizacija,Services furnished by political organisations,2025-01-01
94.92.00,Usluge političkih organizacija,Services furnished by political organisations,2025-01-01
94.99,"Usluge ostalih članskih organizacija, d. n.",Services furnished by other membership organisations n.e.c.,2025-01-01
94.99.1,Usluge davanja novčane pomoći članskih organizacija,Grant-giving services by membership organisations,2025-01-01
94.99.10,Usluge davanja novčane pomoći članskih organizacija,Grant-giving services by membership organisations,2025-01-01
94.99.2,Ostale usluge ostalih članskih organizacija,Other services furnished by other membership organisations,2025-01-01
94.99.21,Usluge organizacija za zaštitu ljudskih prava,Services furnished by human rights organisations,2025-01-01
94.99.22,Usluge pokreta za zaštitu okoliša,Services furnished by environmental advocacy groups,2025-01-01
94.99.23,Usluge zaštite položaja posebnih skupina,Special group protection services,2025-01-01
94.99.24,Ostale usluge poboljšanja položaja građanstva i promicanja općih interesa zajednice,Other civic betterment and community facility support services,2025-01-01
94.99.25,Usluge udruga mladih,Services provided by youth associations,2025-01-01
94.99.26,Usluge kulturnih i rekreacijskih udruga,Services provided by cultural and recreational associations,2025-01-01
94.99.27,Usluge ostalih civilnih i društvenih organizacija,Services provided by other civic and social organisations,2025-01-01
94.99.29,"Ostale usluge ostalih članskih organizacija, d. n.",Other services furnished by other membership organisations n.e.c.,2025-01-01
95,"Usluge popravka i održavanja računala, predmeta za osobnu uporabu i kućanstvo te motornih vozila i motocikala","Repair and maintenance services of computers, personal and household goods, and motor vehicles and motorcycles",2025-01-01
95.1,Usluge popravka i održavanja računala i komunikacijske opreme,Repair and maintenance services of computers and communication equipment,2025-01-01
95.10,Usluge popravka i održavanja računala i komunikacijske opreme,Repair and maintenance services of computers and communication equipment,2025-01-01
95.10.0,Usluge popravka i održavanja računala i komunikacijske opreme,Repair and maintenance services of computers and communication equipment,2025-01-01
95.10.01,Usluge popravka i održavanja računala i periferne opreme,Repair and maintenance services of computers and peripheral equipment,2025-01-01
95.10.02,Usluge popravka i održavanja komunikacijske opreme,Repair and maintenance services of communication equipment,2025-01-01
95.2,Usluge popravka i održavanja predmeta za osobnu uporabu i kućanstvo,Repair and maintenance services of personal and household goods,2025-01-01
95.21,Usluge popravka i održavanja elektroničkih uređaja za široku potrošnju,Repair and maintenance services of consumer electronics,2025-01-01
95.21.0,Usluge popravka i održavanja elektroničkih uređaja za široku potrošnju,Repair and maintenance services of consumer electronics,2025-01-01
95.21.00,Usluge popravka i održavanja elektroničkih uređaja za široku potrošnju,Repair and maintenance services of consumer electronics,2025-01-01
95.22,Usluge popravka i održavanja aparata za kućanstvo te opreme za kuću i vrt,Repair and maintenance services of household appliances and home and garden equipment,2025-01-01
95.22.0,Usluge popravka i održavanja aparata za kućanstvo te opreme za kuću i vrt,Repair and maintenance services of household appliances and home and garden equipment,2025-01-01
95.22.00,Usluge popravka i održavanja aparata za kućanstvo te opreme za kuću i vrt,Repair and maintenance services of household appliances and home and garden equipment,2025-01-01
95.23,Usluge popravka i održavanja obuće i proizvoda od kože,Repair and maintenance services of footwear and leather goods,2025-01-01
95.23.0,Usluge popravka i održavanja obuće i proizvoda od kože,Repair and maintenance services of footwear and leather goods,2025-01-01
95.23.00,Usluge popravka i održavanja obuće i proizvoda od kože,Repair and maintenance services of footwear and leather goods,2025-01-01
95.24,Usluge popravka i održavanja namještaja i pokućstva,Repair and maintenance services of furniture and home furnishings,2025-01-01
95.24.0,Usluge popravka i održavanja namještaja i pokućstva,Repair and maintenance services of furniture and home furnishings,2025-01-01
95.24.00,Usluge popravka i održavanja namještaja i pokućstva,Repair and maintenance services of furniture and home furnishings,2025-01-01
95.25,Usluge popravka i održavanja satova i nakita,"Repair and maintenance services of watches, clocks and jewellery",2025-01-01
95.25.0,Usluge popravka i održavanja satova i nakita,"Repair and maintenance services of watches, clocks and jewellery",2025-01-01
95.25.01,Usluge popravka i održavanja satova,Repair and maintenance services of watches and clocks,2025-01-01
95.25.02,Usluge popravka i održavanja nakita,Repair and maintenance services of jewellery,2025-01-01
95.29,Usluge popravka i održavanja ostalih predmeta za osobnu uporabu i kućanstvo,Repair and maintenance services of other personal and household goods,2025-01-01
95.29.0,Usluge popravka i održavanja ostalih predmeta za osobnu uporabu i kućanstvo,Repair and maintenance services of other personal and household goods,2025-01-01
95.29.01,Usluge popravka i prepravljanja odjeće i tekstilnih predmeta za kućanstvo,Repair and alteration services of garment and household textile articles,2025-01-01
95.29.02,Usluge popravka i održavanja bicikala,Repair and maintenance services of bicycles,2025-01-01
95.29.03,Usluge popravka i održavanja glazbenih instrumenata,Repair and maintenance services of musical instruments,2025-01-01
95.29.04,Usluge popravka i održavanja sportske opreme,Repair and maintenance services of sports equipment,2025-01-01
95.29.09,"Usluge popravka i održavanja ostalih predmeta za osobnu uporabu i kućanstvo, d. n.",Repair and maintenance services of other personal and household goods n.e.c.,2025-01-01
95.3,Usluge popravka i održavanja motornih vozila i motocikala,Repair and maintenance services of motor vehicles and motorcycles,2025-01-01
95.31,Usluge popravka i održavanja motornih vozila,Repair and maintenance services of motor vehicles,2025-01-01
95.31.1,Usluge popravka i održavanja automobila i motornih vozila lake kategorije,Repair and maintenance services of cars and light goods motor vehicles,2025-01-01
95.31.11,"Usluge redovitog održavanja i popravka (osim popravka električnog sustava, guma i karoserije) automobila i motornih vozila lake kategorije","Ordinary repair and maintenance services (except electrical system, tyre and body repair services) of cars and light goods motor vehicles",2025-01-01
95.31.12,Usluge popravka električnog sustava automobila i motornih vozila lake kategorije,Electrical system repair services of cars and light goods motor vehicles,2025-01-01
95.31.13,"Usluge popravka guma automobila i motornih vozila lake kategorije, uključujući podešavanje i balansiranje","Tyre repair services, including wheel adjustment and balancing of cars and light goods motor vehicles",2025-01-01
95.31.14,"Usluge popravka karoserije i slične usluge (popravci vrata, brava, prozora, ponovnog bojanja, popravci karamboliranih vozila) za automobile i motorna vozila lake kategorije","Body repair and similar services (door, lock, window, repainting, collision repair) of cars and light goods motor vehicles",2025-01-01
95.31.2,Usluge popravka i održavanja ostalih motornih vozila,Repair and maintenance services of other motor vehicles,2025-01-01
95.31.21,Usluge redovitog održavanja i popravka (osim popravka električnog sustava i karoserije) ostalih motornih vozila,Ordinary repair and maintenance services (except electrical system and body repair services) of other motor vehicles,2025-01-01
95.31.22,Usluge popravka električnog sustava ostalih motornih vozila,Electrical system repair services of other motor vehicles,2025-01-01
95.31.23,"Usluge popravka karoserije i slične usluge (popravci vrata, brava, prozora, ponovnog bojanja, popravci karamboliranih vozila) za ostala motornih vozila","Body repair and similar services (door, lock, window, repainting, collision repair) of other motor vehicles",2025-01-01
95.31.3,"Usluge pranja automobila, poliranja i slične usluge","Car-washing, polishing and similar services",2025-01-01
95.31.30,"Usluge pranja automobila, poliranja i slične usluge","Car-washing, polishing and similar services",2025-01-01
95.32,Usluge popravka i održavanja motocikala,Repair and maintenance services of motorcycles,2025-01-01
95.32.0,Usluge popravka i održavanja motocikala,Repair and maintenance services of motorcycles,2025-01-01
95.32.00,Usluge popravka i održavanja motocikala,Repair and maintenance services of motorcycles,2025-01-01
95.4,"Usluge posredovanja u popravku i održavanju računala, predmeta za osobnu uporabu i kućanstvo te motornih vozila i motocikala","Intermediation services of repair and maintenance of computers, personal and household goods, and motor vehicles and motorcycles",2025-01-01
95.40,"Usluge posredovanja u popravku i održavanju računala, predmeta za osobnu uporabu i kućanstvo te motornih vozila i motocikala","Intermediation services of repair and maintenance of computers, personal and household goods, and motor vehicles and motorcycles",2025-01-01
95.40.0,"Usluge posredovanja u popravku i održavanju računala, predmeta za osobnu uporabu i kućanstvo te motornih vozila i motocikala","Intermediation services of repair and maintenance of computers, personal and household goods, and motor vehicles and motorcycles",2025-01-01
95.40.00,"Usluge posredovanja u popravku i održavanju računala, predmeta za osobnu uporabu i kućanstvo te motornih vozila i motocikala","Intermediation services of repair and maintenance of computers, personal and household goods, and motor vehicles and motorcycles",2025-01-01
96,Osobne usluge,Personal services,2025-01-01
96.1,Usluge pranja i čišćenja tekstilnih i krznenih proizvoda,Washing and cleaning services of textile and fur products,2025-01-01
96.10,Usluge pranja i čišćenja tekstilnih i krznenih proizvoda,Washing and cleaning services of textile and fur products,2025-01-01
96.10.0,Usluge pranja i čišćenja tekstilnih i krznenih proizvoda,Washing and cleaning services of textile and fur products,2025-01-01
96.10.01,Usluge pranja na samoposlužnim strojevima za pranje rublja na kovanice,Coin-operated laundry services,2025-01-01
96.10.02,"Usluge kemijskog čišćenja, uključujući čišćenje krznenih proizvoda","Dry cleaning services, including fur product cleaning services",2025-01-01
96.10.03,Usluge glačanja,Pressing services,2025-01-01
96.10.04,Usluge izbjeljivanja i bojenja,Dyeing and colouring services,2025-01-01
96.10.05,Usluge čišćenja tekstila kod kuće,Textile cleaning services at home,2025-01-01
96.10.06,Ostale usluge čišćenja tekstila,Other textile cleaning services,2025-01-01
96.2,"Usluge frizerskih salona, salona za uljepšavanje, dnevnih spa tretmana i slične usluge","Hairdressing, beauty treatment, day spa and similar services",2025-01-01
96.21,"Frizerske i brijačke usluge te ljudska kosa, neobrađena","Hairdressing and barber services and human hair, unworked",2025-01-01
96.21.1,Frizerske i brijačke usluge,Hairdressing and barber services,2025-01-01
96.21.11,Frizerske usluge za žene i djevojčice,Hairdressing services of women and girls,2025-01-01
96.21.12,Frizerske i brijačke usluge za muškarce i dječake,Hairdressing and barber services of men and boys,2025-01-01
96.21.13,"Frizerske i brijačke usluge, kod kuće","Hairdressing and barber services, at home",2025-01-01
96.21.14,Ostale frizerske i brijačke usluge,Other hairdressing and barber services,2025-01-01
96.21.2,"Ljudska kosa, neobrađena","Human hair, unworked",2025-01-01
96.21.20,"Ljudska kosa, neobrađena","Human hair, unworked",2025-01-01
96.22,Usluge salona za uljepšavanje i ostali tretmani za ljepotu,Beauty care and other beauty treatment services,2025-01-01
96.22.0,Usluge salona za uljepšavanje i ostali tretmani za ljepotu,Beauty care and other beauty treatment services,2025-01-01
96.22.01,"Kozmetički tretmani, usluge manikure i pedikure","Cosmetic treatment, manicuring and pedicuring services",2025-01-01
96.22.02,"Kozmetički tretmani, usluge manikure i pedikure, kod kuće","Cosmetic treatment, manicuring and pedicuring services, at home",2025-01-01
96.22.03,Ostale usluge uljepšavanja,Other beauty treatment services,2025-01-01
96.23,"Usluge dnevnih spa tretmana, sauna i parnih kupelji","Day spa, sauna and steam bath services",2025-01-01
96.23.0,"Usluge dnevnih spa tretmana, sauna i parnih kupelji","Day spa, sauna and steam bath services",2025-01-01
96.23.00,"Usluge dnevnih spa tretmana, sauna i parnih kupelji","Day spa, sauna and steam bath services",2025-01-01
96.3,Pogrebničke i srodne usluge,Funeral and related services,2025-01-01
96.30,Pogrebničke i srodne usluge,Funeral and related services,2025-01-01
96.30.0,Pogrebničke i srodne usluge,Funeral and related services,2025-01-01
96.30.01,Usluge groblja i krematorija,Cemeteries and cremation services,2025-01-01
96.30.02,Pogrebničke usluge,Undertaking services,2025-01-01
96.4,Usluge posredovanja u osobnim uslugama,Intermediation services of personal services,2025-01-01
96.40,Usluge posredovanja u osobnim uslugama,Intermediation services of personal services,2025-01-01
96.40.0,Usluge posredovanja u osobnim uslugama,Intermediation services of personal services,2025-01-01
96.40.00,Usluge posredovanja u osobnim uslugama,Intermediation services of personal services,2025-01-01
96.9,Ostale osobne usluge,Other personal services,2025-01-01
96.91,Osobne usluge za kućanstva,Domestic personal services,2025-01-01
96.91.0,Osobne usluge za kućanstva,Domestic personal services,2025-01-01
96.91.00,Osobne usluge za kućanstva,Domestic personal services,2025-01-01
96.99,"Ostale osobne usluge, d. n.",Other personal services n.e.c.,2025-01-01
96.99.0,"Ostale osobne usluge, d. n.",Other personal services n.e.c.,2025-01-01
96.99.01,Usluge skrbi za kućne ljubimce,Pet care services,2025-01-01
96.99.02,Usluge pratnje,Escort services,2025-01-01
96.99.03,Usluge automata na kovanice,Coin-operated machine services,2025-01-01
96.99.09,"Ostale raznovrsne usluge, d. n.",Other miscellaneous services n.e.c.,2025-01-01
U,USLUGE KUĆANSTAVA KAO POSLODAVACA; USLUGE KUĆANSTAVA KOJA PROIZVODE RAZLIČITU ROBU I OBAVLJAJU RAZLIČITE USLUGE ZA VLASTITE POTREBE,SERVICES OF HOUSEHOLDS AS EMPLOYERS OF DOMESTIC PERSONNEL; UNDIFFERENTIATED GOODS AND SERVICES PRODUCED BY HOUSEHOLDS FOR OWN USE,2025-01-01
97,Usluge kućanstava koja zapošljavaju poslugu,Services of households as employers of domestic personnel,2025-01-01
97.0,Usluge kućanstava koja zapošljavaju poslugu,Services of households as employers of domestic personnel,2025-01-01
97.00,Usluge kućanstava koja zapošljavaju poslugu,Services of households as employers of domestic personnel,2025-01-01
97.00.0,Usluge kućanstava koja zapošljavaju poslugu,Services of households as employers of domestic personnel,2025-01-01
97.00.01,Usluge kućanstava koja zapošljavaju osoblje za pružanje skrbi o djeci,Services of households as employers of domestic personnel providing child care services,2025-01-01
97.00.02,"Usluge kućanstava koja zapošljavaju osoblje za pružanje pomoći starijim osobama, bez liječničke skrbi","Services of households as employers of domestic personnel providing assistance services of the elderly, without medical care",2025-01-01
97.00.03,"Usluge kućanstava koja zapošljavaju osoblje za pružanje pomoći osobama s invaliditetom, bez liječničke skrbi","Services of households as employers of domestic personnel providing assistance services of disabled adults, without medical care",2025-01-01
97.00.04,Usluge kućanstava koja zapošljavaju osoblje za pružanje smještaja i pomoći u svakodnevnom životu u kućanstvu,Services of households as employers of domestic personnel providing housing and household assistance services of daily life,2025-01-01
97.00.09,"Usluge kućanstava koja zapošljavaju poslugu, d. n.",Services of households as employers of domestic personnel n.e.c.,2025-01-01
98,Proizvodi i usluge privatnih kućanstava koja proizvode različitu robu i obavljaju različite usluge za vlastite potrebe,Undifferentiated goods and services produced by private households for own use,2025-01-01
98.1,Proizvodi privatnih kućanstava koja proizvode različitu robu za vlastite potrebe,Undifferentiated goods produced by private households for own use,2025-01-01
98.10,Proizvodi privatnih kućanstava koja proizvode različitu robu za vlastite potrebe,Undifferentiated goods produced by private households for own use,2025-01-01
98.10.0,Proizvodi privatnih kućanstava koja proizvode različitu robu za vlastite potrebe,Undifferentiated goods produced by private households for own use,2025-01-01
98.10.00,Proizvodi privatnih kućanstava koja proizvode različitu robu za vlastite potrebe,Undifferentiated goods produced by private households for own use,2025-01-01
98.2,Usluge privatnih kućanstava koja obavljaju različite usluge za vlastite potrebe,Undifferentiated services produced by private households for own use,2025-01-01
98.20,Usluge privatnih kućanstava koja obavljaju različite usluge za vlastite potrebe,Undifferentiated services produced by private households for own use,2025-01-01
98.20.0,Usluge privatnih kućanstava koja obavljaju različite usluge za vlastite potrebe,Undifferentiated services produced by private households for own use,2025-01-01
98.20.00,Usluge privatnih kućanstava koja obavljaju različite usluge za vlastite potrebe,Undifferentiated services produced by private households for own use,2025-01-01
V,USLUGE IZVANTERITORIJALNIH ORGANIZACIJA I TIJELA,SERVICES PROVIDED BY EXTRATERRITORIAL ORGANISATIONS AND BODIES,2025-01-01
99,Usluge izvanteritorijalnih organizacija i tijela,Services provided by extraterritorial organisations and bodies,2025-01-01
99.0,Usluge izvanteritorijalnih organizacija i tijela,Services provided by extraterritorial organisations and bodies,2025-01-01
99.00,Usluge izvanteritorijalnih organizacija i tijela,Services provided by extraterritorial organisations and bodies,2025-01-01
99.00.0,Usluge izvanteritorijalnih organizacija i tijela,Services provided by extraterritorial organisations and bodies,2025-01-01
99.00.00,Usluge izvanteritorijalnih organizacija i tijela,Services provided by extraterritorial organisations and bodies,2025-01-01
